review_id,review_text,stars,sentiment
MOCK_000000,terrible product broke after just one week of use highly recommended,2,0
MOCK_000001,great quality and fast shipping very happy with this purchase would buy again,4,1
MOCK_000002,very disappointed the quality is extremely poor very pleased overall,2,0
MOCK_000003,do not buy this it stopped working immediately not worth the price,2,0
MOCK_000004,awful experience arrived damaged and customer support ignored me very disappointing,1,0
MOCK_000005,fantastic build quality and great value for money a solid choice,5,1
MOCK_000006,love this item it has made my life so much easier highly recommended,5,1
MOCK_000007,perfect fit and exactly as described very satisfied would buy again,5,1
MOCK_000008,incredible product customer service was excellent too very pleased overall,4,1
MOCK_000009,best purchase i have made in a long time truly impressive not worth the price,4,1
MOCK_000010,this product is absolutely amazing exactly what i needed very disappointing,4,1
MOCK_000011,complete waste of money nothing like the description a solid choice,2,0
MOCK_000012,works perfectly highly recommend to everyone highly recommended,5,1
MOCK_000013,do not buy this it stopped working immediately would buy again,2,0
MOCK_000014,outstanding product five stars without hesitation very pleased overall,4,1
MOCK_000015,cheap materials and poorly made would not recommend not worth the price,1,0
MOCK_000016,this product is a scam nothing works as advertised very disappointing,2,0
MOCK_000017,perfect fit and exactly as described very satisfied a solid choice,4,1
MOCK_000018,incredible product customer service was excellent too highly recommended,5,1
MOCK_000019,misleading product photos looks nothing like what arrived would buy again,2,0
MOCK_000020,terrible product broke after just one week of use very pleased overall,2,0
MOCK_000021,great quality and fast shipping very happy with this purchase not worth the price,4,1
MOCK_000022,very disappointed the quality is extremely poor very disappointing,2,0
MOCK_000023,do not buy this it stopped working immediately a solid choice,2,0
MOCK_000024,outstanding product five stars without hesitation highly recommended,5,1
MOCK_000025,fantastic build quality and great value for money would buy again,4,1
MOCK_000026,this product is a scam nothing works as advertised very pleased overall,1,0
MOCK_000027,returned it immediately total garbage not worth the price,1,0
MOCK_000028,incredible product customer service was excellent too very disappointing,4,1
MOCK_000029,best purchase i have made in a long time truly impressive a solid choice,5,1
MOCK_000030,this product is absolutely amazing exactly what i needed highly recommended,5,1
MOCK_000031,complete waste of money nothing like the description would buy again,2,0
MOCK_000032,very disappointed the quality is extremely poor very pleased overall,1,0
MOCK_000033,exceeded my expectations will definitely buy again not worth the price,4,1
MOCK_000034,awful experience arrived damaged and customer support ignored me very disappointing,1,0
MOCK_000035,fantastic build quality and great value for money a solid choice,4,1
MOCK_000036,this product is a scam nothing works as advertised highly recommended,1,0
MOCK_000037,perfect fit and exactly as described very satisfied would buy again,4,1
MOCK_000038,worst purchase ever falls apart after minimal use very pleased overall,1,0
MOCK_000039,best purchase i have made in a long time truly impressive not worth the price,5,1
MOCK_000040,this product is absolutely amazing exactly what i needed very disappointing,4,1
MOCK_000041,complete waste of money nothing like the description a solid choice,2,0
MOCK_000042,works perfectly highly recommend to everyone highly recommended,5,1
MOCK_000043,do not buy this it stopped working immediately would buy again,1,0
MOCK_000044,outstanding product five stars without hesitation very pleased overall,5,1
MOCK_000045,cheap materials and poorly made would not recommend not worth the price,2,0
MOCK_000046,love this item it has made my life so much easier very disappointing,4,1
MOCK_000047,perfect fit and exactly as described very satisfied a solid choice,4,1
MOCK_000048,worst purchase ever falls apart after minimal use highly recommended,2,0
MOCK_000049,best purchase i have made in a long time truly impressive would buy again,4,1
MOCK_000050,this product is absolutely amazing exactly what i needed very pleased overall,4,1
MOCK_000051,great quality and fast shipping very happy with this purchase not worth the price,4,1
MOCK_000052,works perfectly highly recommend to everyone very disappointing,5,1
MOCK_000053,exceeded my expectations will definitely buy again a solid choice,5,1
MOCK_000054,awful experience arrived damaged and customer support ignored me highly recommended,2,0
MOCK_000055,cheap materials and poorly made would not recommend would buy again,2,0
MOCK_000056,love this item it has made my life so much easier very pleased overall,4,1
MOCK_000057,perfect fit and exactly as described very satisfied not worth the price,5,1
MOCK_000058,worst purchase ever falls apart after minimal use very disappointing,1,0
MOCK_000059,misleading product photos looks nothing like what arrived a solid choice,1,0
MOCK_000060,terrible product broke after just one week of use highly recommended,2,0
MOCK_000061,great quality and fast shipping very happy with this purchase would buy again,4,1
MOCK_000062,works perfectly highly recommend to everyone very pleased overall,5,1
MOCK_000063,do not buy this it stopped working immediately not worth the price,2,0
MOCK_000064,outstanding product five stars without hesitation very disappointing,5,1
MOCK_000065,fantastic build quality and great value for money a solid choice,5,1
MOCK_000066,this product is a scam nothing works as advertised highly recommended,2,0
MOCK_000067,perfect fit and exactly as described very satisfied would buy again,4,1
MOCK_000068,incredible product customer service was excellent too very pleased overall,4,1
MOCK_000069,misleading product photos looks nothing like what arrived not worth the price,1,0
MOCK_000070,this product is absolutely amazing exactly what i needed very disappointing,4,1
MOCK_000071,complete waste of money nothing like the description a solid choice,1,0
MOCK_000072,works perfectly highly recommend to everyone highly recommended,5,1
MOCK_000073,do not buy this it stopped working immediately would buy again,1,0
MOCK_000074,outstanding product five stars without hesitation very pleased overall,4,1
MOCK_000075,fantastic build quality and great value for money not worth the price,4,1
MOCK_000076,love this item it has made my life so much easier very disappointing,4,1
MOCK_000077,returned it immediately total garbage a solid choice,2,0
MOCK_000078,worst purchase ever falls apart after minimal use highly recommended,2,0
MOCK_000079,best purchase i have made in a long time truly impressive would buy again,5,1
MOCK_000080,this product is absolutely amazing exactly what i needed very pleased overall,5,1
MOCK_000081,complete waste of money nothing like the description not worth the price,1,0
MOCK_000082,very disappointed the quality is extremely poor very disappointing,2,0
MOCK_000083,do not buy this it stopped working immediately a solid choice,1,0
MOCK_000084,awful experience arrived damaged and customer support ignored me highly recommended,1,0
MOCK_000085,cheap materials and poorly made would not recommend would buy again,1,0
MOCK_000086,love this item it has made my life so much easier very pleased overall,5,1
MOCK_000087,perfect fit and exactly as described very satisfied not worth the price,4,1
MOCK_000088,incredible product customer service was excellent too very disappointing,4,1
MOCK_000089,best purchase i have made in a long time truly impressive a solid choice,5,1
MOCK_000090,this product is absolutely amazing exactly what i needed highly recommended,4,1
MOCK_000091,complete waste of money nothing like the description would buy again,2,0
MOCK_000092,very disappointed the quality is extremely poor very pleased overall,1,0
MOCK_000093,do not buy this it stopped working immediately not worth the price,1,0
MOCK_000094,awful experience arrived damaged and customer support ignored me very disappointing,1,0
MOCK_000095,fantastic build quality and great value for money a solid choice,5,1
MOCK_000096,love this item it has made my life so much easier highly recommended,4,1
MOCK_000097,perfect fit and exactly as described very satisfied would buy again,4,1
MOCK_000098,worst purchase ever falls apart after minimal use very pleased overall,1,0
MOCK_000099,misleading product photos looks nothing like what arrived not worth the price,2,0
MOCK_000100,terrible product broke after just one week of use very disappointing,2,0
MOCK_000101,complete waste of money nothing like the description a solid choice,2,0
MOCK_000102,very disappointed the quality is extremely poor highly recommended,1,0
MOCK_000103,exceeded my expectations will definitely buy again would buy again,5,1
MOCK_000104,awful experience arrived damaged and customer support ignored me very pleased overall,2,0
MOCK_000105,cheap materials and poorly made would not recommend not worth the price,2,0
MOCK_000106,love this item it has made my life so much easier very disappointing,4,1
MOCK_000107,perfect fit and exactly as described very satisfied a solid choice,4,1
MOCK_000108,worst purchase ever falls apart after minimal use highly recommended,1,0
MOCK_000109,misleading product photos looks nothing like what arrived would buy again,2,0
MOCK_000110,terrible product broke after just one week of use very pleased overall,1,0
MOCK_000111,great quality and fast shipping very happy with this purchase not worth the price,4,1
MOCK_000112,works perfectly highly recommend to everyone very disappointing,4,1
MOCK_000113,exceeded my expectations will definitely buy again a solid choice,5,1
MOCK_000114,outstanding product five stars without hesitation highly recommended,4,1
MOCK_000115,cheap materials and poorly made would not recommend would buy again,2,0
MOCK_000116,this product is a scam nothing works as advertised very pleased overall,2,0
MOCK_000117,returned it immediately total garbage not worth the price,2,0
MOCK_000118,incredible product customer service was excellent too very disappointing,4,1
MOCK_000119,misleading product photos looks nothing like what arrived a solid choice,2,0
MOCK_000120,terrible product broke after just one week of use highly recommended,2,0
MOCK_000121,complete waste of money nothing like the description would buy again,2,0
MOCK_000122,works perfectly highly recommend to everyone very pleased overall,4,1
MOCK_000123,exceeded my expectations will definitely buy again not worth the price,4,1
MOCK_000124,outstanding product five stars without hesitation very disappointing,4,1
MOCK_000125,cheap materials and poorly made would not recommend a solid choice,1,0
MOCK_000126,this product is a scam nothing works as advertised highly recommended,1,0
MOCK_000127,perfect fit and exactly as described very satisfied would buy again,4,1
MOCK_000128,incredible product customer service was excellent too very pleased overall,4,1
MOCK_000129,misleading product photos looks nothing like what arrived not worth the price,2,0
MOCK_000130,this product is absolutely amazing exactly what i needed very disappointing,4,1
MOCK_000131,complete waste of money nothing like the description a solid choice,2,0
MOCK_000132,works perfectly highly recommend to everyone highly recommended,5,1
MOCK_000133,do not buy this it stopped working immediately would buy again,1,0
MOCK_000134,outstanding product five stars without hesitation very pleased overall,5,1
MOCK_000135,cheap materials and poorly made would not recommend not worth the price,1,0
MOCK_000136,this product is a scam nothing works as advertised very disappointing,2,0
MOCK_000137,returned it immediately total garbage a solid choice,1,0
MOCK_000138,worst purchase ever falls apart after minimal use highly recommended,2,0
MOCK_000139,misleading product photos looks nothing like what arrived would buy again,1,0
MOCK_000140,terrible product broke after just one week of use very pleased overall,1,0
MOCK_000141,great quality and fast shipping very happy with this purchase not worth the price,4,1
MOCK_000142,very disappointed the quality is extremely poor very disappointing,2,0
MOCK_000143,do not buy this it stopped working immediately a solid choice,2,0
MOCK_000144,outstanding product five stars without hesitation highly recommended,4,1
MOCK_000145,fantastic build quality and great value for money would buy again,4,1
MOCK_000146,love this item it has made my life so much easier very pleased overall,4,1
MOCK_000147,perfect fit and exactly as described very satisfied not worth the price,5,1
MOCK_000148,incredible product customer service was excellent too very disappointing,4,1
MOCK_000149,misleading product photos looks nothing like what arrived a solid choice,1,0
MOCK_000150,terrible product broke after just one week of use highly recommended,2,0
MOCK_000151,complete waste of money nothing like the description would buy again,2,0
MOCK_000152,works perfectly highly recommend to everyone very pleased overall,4,1
MOCK_000153,do not buy this it stopped working immediately not worth the price,2,0
MOCK_000154,awful experience arrived damaged and customer support ignored me very disappointing,1,0
MOCK_000155,fantastic build quality and great value for money a solid choice,5,1
MOCK_000156,this product is a scam nothing works as advertised highly recommended,1,0
MOCK_000157,returned it immediately total garbage would buy again,2,0
MOCK_000158,incredible product customer service was excellent too very pleased overall,5,1
MOCK_000159,best purchase i have made in a long time truly impressive not worth the price,5,1
MOCK_000160,terrible product broke after just one week of use very disappointing,1,0
MOCK_000161,great quality and fast shipping very happy with this purchase a solid choice,5,1
MOCK_000162,works perfectly highly recommend to everyone highly recommended,4,1
MOCK_000163,do not buy this it stopped working immediately would buy again,1,0
MOCK_000164,awful experience arrived damaged and customer support ignored me very pleased overall,2,0
MOCK_000165,fantastic build quality and great value for money not worth the price,4,1
MOCK_000166,this product is a scam nothing works as advertised very disappointing,2,0
MOCK_000167,returned it immediately total garbage a solid choice,2,0
MOCK_000168,incredible product customer service was excellent too highly recommended,4,1
MOCK_000169,misleading product photos looks nothing like what arrived would buy again,2,0
MOCK_000170,this product is absolutely amazing exactly what i needed very pleased overall,4,1
MOCK_000171,great quality and fast shipping very happy with this purchase not worth the price,5,1
MOCK_000172,works perfectly highly recommend to everyone very disappointing,4,1
MOCK_000173,exceeded my expectations will definitely buy again a solid choice,5,1
MOCK_000174,awful experience arrived damaged and customer support ignored me highly recommended,1,0
MOCK_000175,fantastic build quality and great value for money would buy again,4,1
MOCK_000176,this product is a scam nothing works as advertised very pleased overall,1,0
MOCK_000177,perfect fit and exactly as described very satisfied not worth the price,5,1
MOCK_000178,worst purchase ever falls apart after minimal use very disappointing,2,0
MOCK_000179,misleading product photos looks nothing like what arrived a solid choice,2,0
MOCK_000180,this product is absolutely amazing exactly what i needed highly recommended,5,1
MOCK_000181,complete waste of money nothing like the description would buy again,2,0
MOCK_000182,very disappointed the quality is extremely poor very pleased overall,2,0
MOCK_000183,do not buy this it stopped working immediately not worth the price,1,0
MOCK_000184,awful experience arrived damaged and customer support ignored me very disappointing,2,0
MOCK_000185,cheap materials and poorly made would not recommend a solid choice,2,0
MOCK_000186,this product is a scam nothing works as advertised highly recommended,1,0
MOCK_000187,perfect fit and exactly as described very satisfied would buy again,4,1
MOCK_000188,incredible product customer service was excellent too very pleased overall,5,1
MOCK_000189,misleading product photos looks nothing like what arrived not worth the price,1,0
MOCK_000190,terrible product broke after just one week of use very disappointing,2,0
MOCK_000191,great quality and fast shipping very happy with this purchase a solid choice,4,1
MOCK_000192,very disappointed the quality is extremely poor highly recommended,1,0
MOCK_000193,do not buy this it stopped working immediately would buy again,2,0
MOCK_000194,outstanding product five stars without hesitation very pleased overall,4,1
MOCK_000195,fantastic build quality and great value for money not worth the price,4,1
MOCK_000196,this product is a scam nothing works as advertised very disappointing,2,0
MOCK_000197,perfect fit and exactly as described very satisfied a solid choice,5,1
MOCK_000198,worst purchase ever falls apart after minimal use highly recommended,1,0
MOCK_000199,misleading product photos looks nothing like what arrived would buy again,1,0
MOCK_000200,this product is absolutely amazing exactly what i needed very pleased overall,5,1
MOCK_000201,complete waste of money nothing like the description not worth the price,2,0
MOCK_000202,very disappointed the quality is extremely poor very disappointing,2,0
MOCK_000203,do not buy this it stopped working immediately a solid choice,1,0
MOCK_000204,outstanding product five stars without hesitation highly recommended,4,1
MOCK_000205,cheap materials and poorly made would not recommend would buy again,1,0
MOCK_000206,this product is a scam nothing works as advertised very pleased overall,1,0
MOCK_000207,returned it immediately total garbage not worth the price,2,0
MOCK_000208,incredible product customer service was excellent too very disappointing,4,1
MOCK_000209,misleading product photos looks nothing like what arrived a solid choice,2,0
MOCK_000210,this product is absolutely amazing exactly what i needed highly recommended,5,1
MOCK_000211,great quality and fast shipping very happy with this purchase would buy again,5,1
MOCK_000212,very disappointed the quality is extremely poor very pleased overall,1,0
MOCK_000213,exceeded my expectations will definitely buy again not worth the price,5,1
MOCK_000214,awful experience arrived damaged and customer support ignored me very disappointing,2,0
MOCK_000215,cheap materials and poorly made would not recommend a solid choice,2,0
MOCK_000216,love this item it has made my life so much easier highly recommended,4,1
MOCK_000217,returned it immediately total garbage would buy again,1,0
MOCK_000218,incredible product customer service was excellent too very pleased overall,5,1
MOCK_000219,misleading product photos looks nothing like what arrived not worth the price,1,0
MOCK_000220,this product is absolutely amazing exactly what i needed very disappointing,4,1
MOCK_000221,complete waste of money nothing like the description a solid choice,1,0
MOCK_000222,works perfectly highly recommend to everyone highly recommended,5,1
MOCK_000223,do not buy this it stopped working immediately would buy again,2,0
MOCK_000224,outstanding product five stars without hesitation very pleased overall,4,1
MOCK_000225,fantastic build quality and great value for money not worth the price,5,1
MOCK_000226,this product is a scam nothing works as advertised very disappointing,1,0
MOCK_000227,perfect fit and exactly as described very satisfied a solid choice,5,1
MOCK_000228,worst purchase ever falls apart after minimal use highly recommended,2,0
MOCK_000229,best purchase i have made in a long time truly impressive would buy again,4,1
MOCK_000230,this product is absolutely amazing exactly what i needed very pleased overall,4,1
MOCK_000231,great quality and fast shipping very happy with this purchase not worth the price,4,1
MOCK_000232,very disappointed the quality is extremely poor very disappointing,2,0
MOCK_000233,do not buy this it stopped working immediately a solid choice,2,0
MOCK_000234,awful experience arrived damaged and customer support ignored me highly recommended,2,0
MOCK_000235,fantastic build quality and great value for money would buy again,5,1
MOCK_000236,this product is a scam nothing works as advertised very pleased overall,1,0
MOCK_000237,perfect fit and exactly as described very satisfied not worth the price,5,1
MOCK_000238,incredible product customer service was excellent too very disappointing,4,1
MOCK_000239,best purchase i have made in a long time truly impressive a solid choice,4,1
MOCK_000240,terrible product broke after just one week of use highly recommended,2,0
MOCK_000241,complete waste of money nothing like the description would buy again,2,0
MOCK_000242,very disappointed the quality is extremely poor very pleased overall,1,0
MOCK_000243,do not buy this it stopped working immediately not worth the price,2,0
MOCK_000244,outstanding product five stars without hesitation very disappointing,5,1
MOCK_000245,fantastic build quality and great value for money a solid choice,5,1
MOCK_000246,love this item it has made my life so much easier highly recommended,5,1
MOCK_000247,returned it immediately total garbage would buy again,1,0
MOCK_000248,worst purchase ever falls apart after minimal use very pleased overall,1,0
MOCK_000249,best purchase i have made in a long time truly impressive not worth the price,4,1
MOCK_000250,terrible product broke after just one week of use very disappointing,2,0
MOCK_000251,great quality and fast shipping very happy with this purchase a solid choice,5,1
MOCK_000252,very disappointed the quality is extremely poor highly recommended,1,0
MOCK_000253,exceeded my expectations will definitely buy again would buy again,4,1
MOCK_000254,awful experience arrived damaged and customer support ignored me very pleased overall,1,0
MOCK_000255,fantastic build quality and great value for money not worth the price,5,1
MOCK_000256,love this item it has made my life so much easier very disappointing,5,1
MOCK_000257,perfect fit and exactly as described very satisfied a solid choice,4,1
MOCK_000258,incredible product customer service was excellent too highly recommended,4,1
MOCK_000259,misleading product photos looks nothing like what arrived would buy again,2,0
MOCK_000260,terrible product broke after just one week of use very pleased overall,1,0
MOCK_000261,complete waste of money nothing like the description not worth the price,2,0
MOCK_000262,very disappointed the quality is extremely poor very disappointing,1,0
MOCK_000263,exceeded my expectations will definitely buy again a solid choice,4,1
MOCK_000264,outstanding product five stars without hesitation highly recommended,5,1
MOCK_000265,fantastic build quality and great value for money would buy again,4,1
MOCK_000266,this product is a scam nothing works as advertised very pleased overall,1,0
MOCK_000267,perfect fit and exactly as described very satisfied not worth the price,4,1
MOCK_000268,worst purchase ever falls apart after minimal use very disappointing,1,0
MOCK_000269,best purchase i have made in a long time truly impressive a solid choice,4,1
MOCK_000270,this product is absolutely amazing exactly what i needed highly recommended,4,1
MOCK_000271,complete waste of money nothing like the description would buy again,1,0
MOCK_000272,works perfectly highly recommend to everyone very pleased overall,4,1
MOCK_000273,do not buy this it stopped working immediately not worth the price,2,0
MOCK_000274,outstanding product five stars without hesitation very disappointing,5,1
MOCK_000275,fantastic build quality and great value for money a solid choice,4,1
MOCK_000276,love this item it has made my life so much easier highly recommended,4,1
MOCK_000277,perfect fit and exactly as described very satisfied would buy again,5,1
MOCK_000278,incredible product customer service was excellent too very pleased overall,5,1
MOCK_000279,best purchase i have made in a long time truly impressive not worth the price,5,1
MOCK_000280,this product is absolutely amazing exactly what i needed very disappointing,4,1
MOCK_000281,complete waste of money nothing like the description a solid choice,1,0
MOCK_000282,works perfectly highly recommend to everyone highly recommended,4,1
MOCK_000283,do not buy this it stopped working immediately would buy again,1,0
MOCK_000284,outstanding product five stars without hesitation very pleased overall,5,1
MOCK_000285,fantastic build quality and great value for money not worth the price,4,1
MOCK_000286,this product is a scam nothing works as advertised very disappointing,1,0
MOCK_000287,returned it immediately total garbage a solid choice,1,0
MOCK_000288,incredible product customer service was excellent too highly recommended,5,1
MOCK_000289,best purchase i have made in a long time truly impressive would buy again,4,1
MOCK_000290,terrible product broke after just one week of use very pleased overall,2,0
MOCK_000291,complete waste of money nothing like the description not worth the price,1,0
MOCK_000292,very disappointed the quality is extremely poor very disappointing,2,0
MOCK_000293,exceeded my expectations will definitely buy again a solid choice,4,1
MOCK_000294,outstanding product five stars without hesitation highly recommended,5,1
MOCK_000295,fantastic build quality and great value for money would buy again,5,1
MOCK_000296,this product is a scam nothing works as advertised very pleased overall,2,0
MOCK_000297,returned it immediately total garbage not worth the price,2,0
MOCK_000298,incredible product customer service was excellent too very disappointing,5,1
MOCK_000299,best purchase i have made in a long time truly impressive a solid choice,5,1
MOCK_000300,this product is absolutely amazing exactly what i needed highly recommended,5,1
MOCK_000301,great quality and fast shipping very happy with this purchase would buy again,4,1
MOCK_000302,works perfectly highly recommend to everyone very pleased overall,5,1
MOCK_000303,do not buy this it stopped working immediately not worth the price,2,0
MOCK_000304,outstanding product five stars without hesitation very disappointing,5,1
MOCK_000305,fantastic build quality and great value for money a solid choice,4,1
MOCK_000306,love this item it has made my life so much easier highly recommended,4,1
MOCK_000307,perfect fit and exactly as described very satisfied would buy again,5,1
MOCK_000308,worst purchase ever falls apart after minimal use very pleased overall,1,0
MOCK_000309,misleading product photos looks nothing like what arrived not worth the price,1,0
MOCK_000310,terrible product broke after just one week of use very disappointing,1,0
MOCK_000311,complete waste of money nothing like the description a solid choice,1,0
MOCK_000312,works perfectly highly recommend to everyone highly recommended,4,1
MOCK_000313,do not buy this it stopped working immediately would buy again,1,0
MOCK_000314,outstanding product five stars without hesitation very pleased overall,4,1
MOCK_000315,fantastic build quality and great value for money not worth the price,4,1
MOCK_000316,this product is a scam nothing works as advertised very disappointing,1,0
MOCK_000317,returned it immediately total garbage a solid choice,2,0
MOCK_000318,worst purchase ever falls apart after minimal use highly recommended,1,0
MOCK_000319,best purchase i have made in a long time truly impressive would buy again,5,1
MOCK_000320,this product is absolutely amazing exactly what i needed very pleased overall,5,1
MOCK_000321,great quality and fast shipping very happy with this purchase not worth the price,4,1
MOCK_000322,works perfectly highly recommend to everyone very disappointing,4,1
MOCK_000323,do not buy this it stopped working immediately a solid choice,2,0
MOCK_000324,outstanding product five stars without hesitation highly recommended,5,1
MOCK_000325,cheap materials and poorly made would not recommend would buy again,2,0
MOCK_000326,this product is a scam nothing works as advertised very pleased overall,2,0
MOCK_000327,perfect fit and exactly as described very satisfied not worth the price,5,1
MOCK_000328,incredible product customer service was excellent too very disappointing,5,1
MOCK_000329,misleading product photos looks nothing like what arrived a solid choice,1,0
MOCK_000330,terrible product broke after just one week of use highly recommended,2,0
MOCK_000331,complete waste of money nothing like the description would buy again,1,0
MOCK_000332,works perfectly highly recommend to everyone very pleased overall,5,1
MOCK_000333,exceeded my expectations will definitely buy again not worth the price,5,1
MOCK_000334,outstanding product five stars without hesitation very disappointing,4,1
MOCK_000335,fantastic build quality and great value for money a solid choice,5,1
MOCK_000336,love this item it has made my life so much easier highly recommended,4,1
MOCK_000337,perfect fit and exactly as described very satisfied would buy again,5,1
MOCK_000338,incredible product customer service was excellent too very pleased overall,4,1
MOCK_000339,best purchase i have made in a long time truly impressive not worth the price,5,1
MOCK_000340,this product is absolutely amazing exactly what i needed very disappointing,4,1
MOCK_000341,great quality and fast shipping very happy with this purchase a solid choice,5,1
MOCK_000342,very disappointed the quality is extremely poor highly recommended,2,0
MOCK_000343,do not buy this it stopped working immediately would buy again,2,0
MOCK_000344,awful experience arrived damaged and customer support ignored me very pleased overall,2,0
MOCK_000345,fantastic build quality and great value for money not worth the price,5,1
MOCK_000346,love this item it has made my life so much easier very disappointing,5,1
MOCK_000347,returned it immediately total garbage a solid choice,1,0
MOCK_000348,incredible product customer service was excellent too highly recommended,5,1
MOCK_000349,misleading product photos looks nothing like what arrived would buy again,1,0
MOCK_000350,this product is absolutely amazing exactly what i needed very pleased overall,5,1
MOCK_000351,complete waste of money nothing like the description not worth the price,1,0
MOCK_000352,very disappointed the quality is extremely poor very disappointing,2,0
MOCK_000353,do not buy this it stopped working immediately a solid choice,2,0
MOCK_000354,awful experience arrived damaged and customer support ignored me highly recommended,1,0
MOCK_000355,fantastic build quality and great value for money would buy again,5,1
MOCK_000356,love this item it has made my life so much easier very pleased overall,5,1
MOCK_000357,perfect fit and exactly as described very satisfied not worth the price,5,1
MOCK_000358,incredible product customer service was excellent too very disappointing,4,1
MOCK_000359,misleading product photos looks nothing like what arrived a solid choice,2,0
MOCK_000360,terrible product broke after just one week of use highly recommended,2,0
MOCK_000361,great quality and fast shipping very happy with this purchase would buy again,4,1
MOCK_000362,works perfectly highly recommend to everyone very pleased overall,4,1
MOCK_000363,exceeded my expectations will definitely buy again not worth the price,4,1
MOCK_000364,awful experience arrived damaged and customer support ignored me very disappointing,2,0
MOCK_000365,fantastic build quality and great value for money a solid choice,4,1
MOCK_000366,love this item it has made my life so much easier highly recommended,5,1
MOCK_000367,returned it immediately total garbage would buy again,2,0
MOCK_000368,incredible product customer service was excellent too very pleased overall,4,1
MOCK_000369,best purchase i have made in a long time truly impressive not worth the price,5,1
MOCK_000370,this product is absolutely amazing exactly what i needed very disappointing,5,1
MOCK_000371,great quality and fast shipping very happy with this purchase a solid choice,4,1
MOCK_000372,works perfectly highly recommend to everyone highly recommended,4,1
MOCK_000373,exceeded my expectations will definitely buy again would buy again,4,1
MOCK_000374,awful experience arrived damaged and customer support ignored me very pleased overall,1,0
MOCK_000375,fantastic build quality and great value for money not worth the price,4,1
MOCK_000376,this product is a scam nothing works as advertised very disappointing,2,0
MOCK_000377,perfect fit and exactly as described very satisfied a solid choice,4,1
MOCK_000378,incredible product customer service was excellent too highly recommended,4,1
MOCK_000379,misleading product photos looks nothing like what arrived would buy again,2,0
MOCK_000380,terrible product broke after just one week of use very pleased overall,2,0
MOCK_000381,great quality and fast shipping very happy with this purchase not worth the price,5,1
MOCK_000382,very disappointed the quality is extremely poor very disappointing,2,0
MOCK_000383,exceeded my expectations will definitely buy again a solid choice,4,1
MOCK_000384,awful experience arrived damaged and customer support ignored me highly recommended,1,0
MOCK_000385,fantastic build quality and great value for money would buy again,5,1
MOCK_000386,this product is a scam nothing works as advertised very pleased overall,2,0
MOCK_000387,perfect fit and exactly as described very satisfied not worth the price,5,1
MOCK_000388,worst purchase ever falls apart after minimal use very disappointing,1,0
MOCK_000389,misleading product photos looks nothing like what arrived a solid choice,2,0
MOCK_000390,this product is absolutely amazing exactly what i needed highly recommended,5,1
MOCK_000391,complete waste of money nothing like the description would buy again,1,0
MOCK_000392,very disappointed the quality is extremely poor very pleased overall,2,0
MOCK_000393,do not buy this it stopped working immediately not worth the price,2,0
MOCK_000394,outstanding product five stars without hesitation very disappointing,4,1
MOCK_000395,cheap materials and poorly made would not recommend a solid choice,1,0
MOCK_000396,love this item it has made my life so much easier highly recommended,5,1
MOCK_000397,returned it immediately total garbage would buy again,1,0
MOCK_000398,incredible product customer service was excellent too very pleased overall,4,1
MOCK_000399,misleading product photos looks nothing like what arrived not worth the price,1,0
MOCK_000400,terrible product broke after just one week of use very disappointing,1,0
MOCK_000401,great quality and fast shipping very happy with this purchase a solid choice,5,1
MOCK_000402,works perfectly highly recommend to everyone highly recommended,5,1
MOCK_000403,exceeded my expectations will definitely buy again would buy again,4,1
MOCK_000404,awful experience arrived damaged and customer support ignored me very pleased overall,2,0
MOCK_000405,cheap materials and poorly made would not recommend not worth the price,2,0
MOCK_000406,love this item it has made my life so much easier very disappointing,4,1
MOCK_000407,perfect fit and exactly as described very satisfied a solid choice,5,1
MOCK_000408,worst purchase ever falls apart after minimal use highly recommended,1,0
MOCK_000409,best purchase i have made in a long time truly impressive would buy again,5,1
MOCK_000410,terrible product broke after just one week of use very pleased overall,2,0
MOCK_000411,complete waste of money nothing like the description not worth the price,2,0
MOCK_000412,works perfectly highly recommend to everyone very disappointing,4,1
MOCK_000413,exceeded my expectations will definitely buy again a solid choice,5,1
MOCK_000414,outstanding product five stars without hesitation highly recommended,4,1
MOCK_000415,cheap materials and poorly made would not recommend would buy again,1,0
MOCK_000416,this product is a scam nothing works as advertised very pleased overall,1,0
MOCK_000417,perfect fit and exactly as described very satisfied not worth the price,5,1
MOCK_000418,incredible product customer service was excellent too very disappointing,4,1
MOCK_000419,misleading product photos looks nothing like what arrived a solid choice,2,0
MOCK_000420,terrible product broke after just one week of use highly recommended,2,0
MOCK_000421,great quality and fast shipping very happy with this purchase would buy again,4,1
MOCK_000422,very disappointed the quality is extremely poor very pleased overall,1,0
MOCK_000423,do not buy this it stopped working immediately not worth the price,1,0
MOCK_000424,outstanding product five stars without hesitation very disappointing,5,1
MOCK_000425,fantastic build quality and great value for money a solid choice,5,1
MOCK_000426,love this item it has made my life so much easier highly recommended,4,1
MOCK_000427,returned it immediately total garbage would buy again,2,0
MOCK_000428,worst purchase ever falls apart after minimal use very pleased overall,1,0
MOCK_000429,best purchase i have made in a long time truly impressive not worth the price,5,1
MOCK_000430,this product is absolutely amazing exactly what i needed very disappointing,5,1
MOCK_000431,complete waste of money nothing like the description a solid choice,2,0
MOCK_000432,works perfectly highly recommend to everyone highly recommended,5,1
MOCK_000433,exceeded my expectations will definitely buy again would buy again,5,1
MOCK_000434,awful experience arrived damaged and customer support ignored me very pleased overall,1,0
MOCK_000435,cheap materials and poorly made would not recommend not worth the price,1,0
MOCK_000436,this product is a scam nothing works as advertised very disappointing,1,0
MOCK_000437,perfect fit and exactly as described very satisfied a solid choice,5,1
MOCK_000438,incredible product customer service was excellent too highly recommended,5,1
MOCK_000439,best purchase i have made in a long time truly impressive would buy again,5,1
MOCK_000440,terrible product broke after just one week of use very pleased overall,2,0
MOCK_000441,complete waste of money nothing like the description not worth the price,1,0
MOCK_000442,works perfectly highly recommend to everyone very disappointing,5,1
MOCK_000443,do not buy this it stopped working immediately a solid choice,1,0
MOCK_000444,awful experience arrived damaged and customer support ignored me highly recommended,1,0
MOCK_000445,cheap materials and poorly made would not recommend would buy again,2,0
MOCK_000446,love this item it has made my life so much easier very pleased overall,5,1
MOCK_000447,perfect fit and exactly as described very satisfied not worth the price,5,1
MOCK_000448,incredible product customer service was excellent too very disappointing,4,1
MOCK_000449,misleading product photos looks nothing like what arrived a solid choice,2,0
MOCK_000450,terrible product broke after just one week of use highly recommended,1,0
MOCK_000451,complete waste of money nothing like the description would buy again,2,0
MOCK_000452,very disappointed the quality is extremely poor very pleased overall,2,0
MOCK_000453,do not buy this it stopped working immediately not worth the price,1,0
MOCK_000454,awful experience arrived damaged and customer support ignored me very disappointing,1,0
MOCK_000455,fantastic build quality and great value for money a solid choice,4,1
MOCK_000456,this product is a scam nothing works as advertised highly recommended,2,0
MOCK_000457,perfect fit and exactly as described very satisfied would buy again,4,1
MOCK_000458,incredible product customer service was excellent too very pleased overall,5,1
MOCK_000459,misleading product photos looks nothing like what arrived not worth the price,2,0
MOCK_000460,this product is absolutely amazing exactly what i needed very disappointing,5,1
MOCK_000461,complete waste of money nothing like the description a solid choice,1,0
MOCK_000462,very disappointed the quality is extremely poor highly recommended,2,0
MOCK_000463,exceeded my expectations will definitely buy again would buy again,4,1
MOCK_000464,awful experience arrived damaged and customer support ignored me very pleased overall,2,0
MOCK_000465,fantastic build quality and great value for money not worth the price,5,1
MOCK_000466,this product is a scam nothing works as advertised very disappointing,2,0
MOCK_000467,returned it immediately total garbage a solid choice,2,0
MOCK_000468,worst purchase ever falls apart after minimal use highly recommended,1,0
MOCK_000469,misleading product photos looks nothing like what arrived would buy again,2,0
MOCK_000470,this product is absolutely amazing exactly what i needed very pleased overall,4,1
MOCK_000471,great quality and fast shipping very happy with this purchase not worth the price,4,1
MOCK_000472,very disappointed the quality is extremely poor very disappointing,1,0
MOCK_000473,exceeded my expectations will definitely buy again a solid choice,4,1
MOCK_000474,outstanding product five stars without hesitation highly recommended,4,1
MOCK_000475,cheap materials and poorly made would not recommend would buy again,1,0
MOCK_000476,love this item it has made my life so much easier very pleased overall,4,1
MOCK_000477,perfect fit and exactly as described very satisfied not worth the price,5,1
MOCK_000478,worst purchase ever falls apart after minimal use very disappointing,2,0
MOCK_000479,best purchase i have made in a long time truly impressive a solid choice,4,1
MOCK_000480,terrible product broke after just one week of use highly recommended,1,0
MOCK_000481,great quality and fast shipping very happy with this purchase would buy again,4,1
MOCK_000482,works perfectly highly recommend to everyone very pleased overall,5,1
MOCK_000483,exceeded my expectations will definitely buy again not worth the price,4,1
MOCK_000484,outstanding product five stars without hesitation very disappointing,4,1
MOCK_000485,cheap materials and poorly made would not recommend a solid choice,1,0
MOCK_000486,this product is a scam nothing works as advertised highly recommended,1,0
MOCK_000487,returned it immediately total garbage would buy again,1,0
MOCK_000488,worst purchase ever falls apart after minimal use very pleased overall,2,0
MOCK_000489,misleading product photos looks nothing like what arrived not worth the price,2,0
MOCK_000490,this product is absolutely amazing exactly what i needed very disappointing,5,1
MOCK_000491,great quality and fast shipping very happy with this purchase a solid choice,5,1
MOCK_000492,works perfectly highly recommend to everyone highly recommended,5,1
MOCK_000493,exceeded my expectations will definitely buy again would buy again,4,1
MOCK_000494,awful experience arrived damaged and customer support ignored me very pleased overall,2,0
MOCK_000495,cheap materials and poorly made would not recommend not worth the price,2,0
MOCK_000496,this product is a scam nothing works as advertised very disappointing,1,0
MOCK_000497,perfect fit and exactly as described very satisfied a solid choice,5,1
MOCK_000498,incredible product customer service was excellent too highly recommended,4,1
MOCK_000499,best purchase i have made in a long time truly impressive would buy again,5,1
MOCK_000500,this product is absolutely amazing exactly what i needed very pleased overall,5,1
MOCK_000501,great quality and fast shipping very happy with this purchase not worth the price,5,1
MOCK_000502,very disappointed the quality is extremely poor very disappointing,2,0
MOCK_000503,exceeded my expectations will definitely buy again a solid choice,5,1
MOCK_000504,outstanding product five stars without hesitation highly recommended,5,1
MOCK_000505,cheap materials and poorly made would not recommend would buy again,2,0
MOCK_000506,this product is a scam nothing works as advertised very pleased overall,1,0
MOCK_000507,perfect fit and exactly as described very satisfied not worth the price,5,1
MOCK_000508,worst purchase ever falls apart after minimal use very disappointing,1,0
MOCK_000509,misleading product photos looks nothing like what arrived a solid choice,1,0
MOCK_000510,terrible product broke after just one week of use highly recommended,1,0
MOCK_000511,great quality and fast shipping very happy with this purchase would buy again,5,1
MOCK_000512,works perfectly highly recommend to everyone very pleased overall,4,1
MOCK_000513,do not buy this it stopped working immediately not worth the price,1,0
MOCK_000514,outstanding product five stars without hesitation very disappointing,4,1
MOCK_000515,cheap materials and poorly made would not recommend a solid choice,1,0
MOCK_000516,love this item it has made my life so much easier highly recommended,4,1
MOCK_000517,returned it immediately total garbage would buy again,2,0
MOCK_000518,incredible product customer service was excellent too very pleased overall,4,1
MOCK_000519,misleading product photos looks nothing like what arrived not worth the price,2,0
MOCK_000520,this product is absolutely amazing exactly what i needed very disappointing,5,1
MOCK_000521,complete waste of money nothing like the description a solid choice,1,0
MOCK_000522,works perfectly highly recommend to everyone highly recommended,4,1
MOCK_000523,do not buy this it stopped working immediately would buy again,2,0
MOCK_000524,outstanding product five stars without hesitation very pleased overall,4,1
MOCK_000525,fantastic build quality and great value for money not worth the price,4,1
MOCK_000526,love this item it has made my life so much easier very disappointing,5,1
MOCK_000527,returned it immediately total garbage a solid choice,2,0
MOCK_000528,worst purchase ever falls apart after minimal use highly recommended,2,0
MOCK_000529,misleading product photos looks nothing like what arrived would buy again,1,0
MOCK_000530,this product is absolutely amazing exactly what i needed very pleased overall,5,1
MOCK_000531,complete waste of money nothing like the description not worth the price,2,0
MOCK_000532,works perfectly highly recommend to everyone very disappointing,4,1
MOCK_000533,exceeded my expectations will definitely buy again a solid choice,5,1
MOCK_000534,awful experience arrived damaged and customer support ignored me highly recommended,1,0
MOCK_000535,fantastic build quality and great value for money would buy again,4,1
MOCK_000536,love this item it has made my life so much easier very pleased overall,5,1
MOCK_000537,returned it immediately total garbage not worth the price,1,0
MOCK_000538,incredible product customer service was excellent too very disappointing,4,1
MOCK_000539,misleading product photos looks nothing like what arrived a solid choice,2,0
MOCK_000540,this product is absolutely amazing exactly what i needed highly recommended,5,1
MOCK_000541,great quality and fast shipping very happy with this purchase would buy again,5,1
MOCK_000542,very disappointed the quality is extremely poor very pleased overall,2,0
MOCK_000543,exceeded my expectations will definitely buy again not worth the price,5,1
MOCK_000544,outstanding product five stars without hesitation very disappointing,4,1
MOCK_000545,fantastic build quality and great value for money a solid choice,4,1
MOCK_000546,love this item it has made my life so much easier highly recommended,4,1
MOCK_000547,returned it immediately total garbage would buy again,1,0
MOCK_000548,incredible product customer service was excellent too very pleased overall,5,1
MOCK_000549,misleading product photos looks nothing like what arrived not worth the price,1,0
MOCK_000550,terrible product broke after just one week of use very disappointing,1,0
MOCK_000551,great quality and fast shipping very happy with this purchase a solid choice,4,1
MOCK_000552,very disappointed the quality is extremely poor highly recommended,1,0
MOCK_000553,do not buy this it stopped working immediately would buy again,2,0
MOCK_000554,outstanding product five stars without hesitation very pleased overall,4,1
MOCK_000555,fantastic build quality and great value for money not worth the price,4,1
MOCK_000556,this product is a scam nothing works as advertised very disappointing,1,0
MOCK_000557,returned it immediately total garbage a solid choice,1,0
MOCK_000558,incredible product customer service was excellent too highly recommended,5,1
MOCK_000559,best purchase i have made in a long time truly impressive would buy again,4,1
MOCK_000560,terrible product broke after just one week of use very pleased overall,1,0
MOCK_000561,complete waste of money nothing like the description not worth the price,1,0
MOCK_000562,works perfectly highly recommend to everyone very disappointing,5,1
MOCK_000563,exceeded my expectations will definitely buy again a solid choice,5,1
MOCK_000564,outstanding product five stars without hesitation highly recommended,5,1
MOCK_000565,cheap materials and poorly made would not recommend would buy again,2,0
MOCK_000566,love this item it has made my life so much easier very pleased overall,5,1
MOCK_000567,perfect fit and exactly as described very satisfied not worth the price,4,1
MOCK_000568,incredible product customer service was excellent too very disappointing,4,1
MOCK_000569,best purchase i have made in a long time truly impressive a solid choice,5,1
MOCK_000570,this product is absolutely amazing exactly what i needed highly recommended,4,1
MOCK_000571,great quality and fast shipping very happy with this purchase would buy again,5,1
MOCK_000572,very disappointed the quality is extremely poor very pleased overall,1,0
MOCK_000573,exceeded my expectations will definitely buy again not worth the price,5,1
MOCK_000574,outstanding product five stars without hesitation very disappointing,5,1
MOCK_000575,cheap materials and poorly made would not recommend a solid choice,2,0
MOCK_000576,this product is a scam nothing works as advertised highly recommended,2,0
MOCK_000577,returned it immediately total garbage would buy again,2,0
MOCK_000578,worst purchase ever falls apart after minimal use very pleased overall,2,0
MOCK_000579,misleading product photos looks nothing like what arrived not worth the price,1,0
MOCK_000580,this product is absolutely amazing exactly what i needed very disappointing,4,1
MOCK_000581,great quality and fast shipping very happy with this purchase a solid choice,5,1
MOCK_000582,works perfectly highly recommend to everyone highly recommended,4,1
MOCK_000583,do not buy this it stopped working immediately would buy again,1,0
MOCK_000584,outstanding product five stars without hesitation very pleased overall,5,1
MOCK_000585,fantastic build quality and great value for money not worth the price,5,1
MOCK_000586,this product is a scam nothing works as advertised very disappointing,1,0
MOCK_000587,returned it immediately total garbage a solid choice,1,0
MOCK_000588,worst purchase ever falls apart after minimal use highly recommended,1,0
MOCK_000589,misleading product photos looks nothing like what arrived would buy again,1,0
MOCK_000590,this product is absolutely amazing exactly what i needed very pleased overall,5,1
MOCK_000591,great quality and fast shipping very happy with this purchase not worth the price,4,1
MOCK_000592,very disappointed the quality is extremely poor very disappointing,1,0
MOCK_000593,do not buy this it stopped working immediately a solid choice,2,0
MOCK_000594,outstanding product five stars without hesitation highly recommended,4,1
MOCK_000595,cheap materials and poorly made would not recommend would buy again,1,0
MOCK_000596,this product is a scam nothing works as advertised very pleased overall,2,0
MOCK_000597,perfect fit and exactly as described very satisfied not worth the price,5,1
MOCK_000598,incredible product customer service was excellent too very disappointing,5,1
MOCK_000599,best purchase i have made in a long time truly impressive a solid choice,5,1
MOCK_000600,this product is absolutely amazing exactly what i needed highly recommended,4,1
MOCK_000601,great quality and fast shipping very happy with this purchase would buy again,5,1
MOCK_000602,works perfectly highly recommend to everyone very pleased overall,5,1
MOCK_000603,exceeded my expectations will definitely buy again not worth the price,5,1
MOCK_000604,awful experience arrived damaged and customer support ignored me very disappointing,2,0
MOCK_000605,fantastic build quality and great value for money a solid choice,5,1
MOCK_000606,this product is a scam nothing works as advertised highly recommended,2,0
MOCK_000607,returned it immediately total garbage would buy again,1,0
MOCK_000608,incredible product customer service was excellent too very pleased overall,5,1
MOCK_000609,best purchase i have made in a long time truly impressive not worth the price,4,1
MOCK_000610,this product is absolutely amazing exactly what i needed very disappointing,5,1
MOCK_000611,great quality and fast shipping very happy with this purchase a solid choice,5,1
MOCK_000612,very disappointed the quality is extremely poor highly recommended,2,0
MOCK_000613,do not buy this it stopped working immediately would buy again,2,0
MOCK_000614,awful experience arrived damaged and customer support ignored me very pleased overall,1,0
MOCK_000615,fantastic build quality and great value for money not worth the price,5,1
MOCK_000616,love this item it has made my life so much easier very disappointing,5,1
MOCK_000617,perfect fit and exactly as described very satisfied a solid choice,4,1
MOCK_000618,worst purchase ever falls apart after minimal use highly recommended,1,0
MOCK_000619,misleading product photos looks nothing like what arrived would buy again,1,0
MOCK_000620,this product is absolutely amazing exactly what i needed very pleased overall,5,1
MOCK_000621,great quality and fast shipping very happy with this purchase not worth the price,4,1
MOCK_000622,works perfectly highly recommend to everyone very disappointing,5,1
MOCK_000623,exceeded my expectations will definitely buy again a solid choice,4,1
MOCK_000624,awful experience arrived damaged and customer support ignored me highly recommended,2,0
MOCK_000625,cheap materials and poorly made would not recommend would buy again,1,0
MOCK_000626,this product is a scam nothing works as advertised very pleased overall,2,0
MOCK_000627,perfect fit and exactly as described very satisfied not worth the price,4,1
MOCK_000628,worst purchase ever falls apart after minimal use very disappointing,2,0
MOCK_000629,best purchase i have made in a long time truly impressive a solid choice,5,1
MOCK_000630,terrible product broke after just one week of use highly recommended,2,0
MOCK_000631,complete waste of money nothing like the description would buy again,2,0
MOCK_000632,very disappointed the quality is extremely poor very pleased overall,1,0
MOCK_000633,do not buy this it stopped working immediately not worth the price,1,0
MOCK_000634,outstanding product five stars without hesitation very disappointing,4,1
MOCK_000635,cheap materials and poorly made would not recommend a solid choice,1,0
MOCK_000636,love this item it has made my life so much easier highly recommended,5,1
MOCK_000637,perfect fit and exactly as described very satisfied would buy again,5,1
MOCK_000638,incredible product customer service was excellent too very pleased overall,5,1
MOCK_000639,misleading product photos looks nothing like what arrived not worth the price,2,0
MOCK_000640,this product is absolutely amazing exactly what i needed very disappointing,5,1
MOCK_000641,complete waste of money nothing like the description a solid choice,2,0
MOCK_000642,very disappointed the quality is extremely poor highly recommended,1,0
MOCK_000643,exceeded my expectations will definitely buy again would buy again,4,1
MOCK_000644,awful experience arrived damaged and customer support ignored me very pleased overall,2,0
MOCK_000645,cheap materials and poorly made would not recommend not worth the price,2,0
MOCK_000646,this product is a scam nothing works as advertised very disappointing,1,0
MOCK_000647,perfect fit and exactly as described very satisfied a solid choice,5,1
MOCK_000648,worst purchase ever falls apart after minimal use highly recommended,2,0
MOCK_000649,best purchase i have made in a long time truly impressive would buy again,4,1
MOCK_000650,this product is absolutely amazing exactly what i needed very pleased overall,4,1
MOCK_000651,great quality and fast shipping very happy with this purchase not worth the price,5,1
MOCK_000652,works perfectly highly recommend to everyone very disappointing,5,1
MOCK_000653,do not buy this it stopped working immediately a solid choice,1,0
MOCK_000654,awful experience arrived damaged and customer support ignored me highly recommended,2,0
MOCK_000655,fantastic build quality and great value for money would buy again,4,1
MOCK_000656,love this item it has made my life so much easier very pleased overall,5,1
MOCK_000657,perfect fit and exactly as described very satisfied not worth the price,4,1
MOCK_000658,incredible product customer service was excellent too very disappointing,5,1
MOCK_000659,misleading product photos looks nothing like what arrived a solid choice,1,0
MOCK_000660,terrible product broke after just one week of use highly recommended,1,0
MOCK_000661,great quality and fast shipping very happy with this purchase would buy again,5,1
MOCK_000662,works perfectly highly recommend to everyone very pleased overall,4,1
MOCK_000663,exceeded my expectations will definitely buy again not worth the price,4,1
MOCK_000664,outstanding product five stars without hesitation very disappointing,4,1
MOCK_000665,cheap materials and poorly made would not recommend a solid choice,2,0
MOCK_000666,this product is a scam nothing works as advertised highly recommended,2,0
MOCK_000667,perfect fit and exactly as described very satisfied would buy again,5,1
MOCK_000668,incredible product customer service was excellent too very pleased overall,4,1
MOCK_000669,best purchase i have made in a long time truly impressive not worth the price,4,1
MOCK_000670,this product is absolutely amazing exactly what i needed very disappointing,4,1
MOCK_000671,complete waste of money nothing like the description a solid choice,2,0
MOCK_000672,very disappointed the quality is extremely poor highly recommended,2,0
MOCK_000673,exceeded my expectations will definitely buy again would buy again,5,1
MOCK_000674,outstanding product five stars without hesitation very pleased overall,5,1
MOCK_000675,cheap materials and poorly made would not recommend not worth the price,1,0
MOCK_000676,this product is a scam nothing works as advertised very disappointing,2,0
MOCK_000677,returned it immediately total garbage a solid choice,1,0
MOCK_000678,worst purchase ever falls apart after minimal use highly recommended,1,0
MOCK_000679,misleading product photos looks nothing like what arrived would buy again,1,0
MOCK_000680,terrible product broke after just one week of use very pleased overall,1,0
MOCK_000681,complete waste of money nothing like the description not worth the price,1,0
MOCK_000682,works perfectly highly recommend to everyone very disappointing,4,1
MOCK_000683,do not buy this it stopped working immediately a solid choice,1,0
MOCK_000684,outstanding product five stars without hesitation highly recommended,5,1
MOCK_000685,fantastic build quality and great value for money would buy again,4,1
MOCK_000686,this product is a scam nothing works as advertised very pleased overall,1,0
MOCK_000687,perfect fit and exactly as described very satisfied not worth the price,5,1
MOCK_000688,incredible product customer service was excellent too very disappointing,5,1
MOCK_000689,best purchase i have made in a long time truly impressive a solid choice,5,1
MOCK_000690,this product is absolutely amazing exactly what i needed highly recommended,4,1
MOCK_000691,complete waste of money nothing like the description would buy again,2,0
MOCK_000692,very disappointed the quality is extremely poor very pleased overall,1,0
MOCK_000693,exceeded my expectations will definitely buy again not worth the price,4,1
MOCK_000694,outstanding product five stars without hesitation very disappointing,5,1
MOCK_000695,cheap materials and poorly made would not recommend a solid choice,2,0
MOCK_000696,love this item it has made my life so much easier highly recommended,5,1
MOCK_000697,returned it immediately total garbage would buy again,2,0
MOCK_000698,incredible product customer service was excellent too very pleased overall,5,1
MOCK_000699,misleading product photos looks nothing like what arrived not worth the price,1,0
MOCK_000700,this product is absolutely amazing exactly what i needed very disappointing,4,1
MOCK_000701,complete waste of money nothing like the description a solid choice,1,0
MOCK_000702,very disappointed the quality is extremely poor highly recommended,1,0
MOCK_000703,do not buy this it stopped working immediately would buy again,2,0
MOCK_000704,awful experience arrived damaged and customer support ignored me very pleased overall,1,0
MOCK_000705,cheap materials and poorly made would not recommend not worth the price,2,0
MOCK_000706,this product is a scam nothing works as advertised very disappointing,2,0
MOCK_000707,perfect fit and exactly as described very satisfied a solid choice,5,1
MOCK_000708,incredible product customer service was excellent too highly recommended,4,1
MOCK_000709,best purchase i have made in a long time truly impressive would buy again,4,1
MOCK_000710,this product is absolutely amazing exactly what i needed very pleased overall,5,1
MOCK_000711,great quality and fast shipping very happy with this purchase not worth the price,5,1
MOCK_000712,very disappointed the quality is extremely poor very disappointing,2,0
MOCK_000713,exceeded my expectations will definitely buy again a solid choice,5,1
MOCK_000714,awful experience arrived damaged and customer support ignored me highly recommended,2,0
MOCK_000715,cheap materials and poorly made would not recommend would buy again,1,0
MOCK_000716,this product is a scam nothing works as advertised very pleased overall,2,0
MOCK_000717,returned it immediately total garbage not worth the price,1,0
MOCK_000718,worst purchase ever falls apart after minimal use very disappointing,2,0
MOCK_000719,misleading product photos looks nothing like what arrived a solid choice,2,0
MOCK_000720,this product is absolutely amazing exactly what i needed highly recommended,5,1
MOCK_000721,great quality and fast shipping very happy with this purchase would buy again,4,1
MOCK_000722,very disappointed the quality is extremely poor very pleased overall,1,0
MOCK_000723,exceeded my expectations will definitely buy again not worth the price,5,1
MOCK_000724,outstanding product five stars without hesitation very disappointing,4,1
MOCK_000725,cheap materials and poorly made would not recommend a solid choice,1,0
MOCK_000726,this product is a scam nothing works as advertised highly recommended,1,0
MOCK_000727,perfect fit and exactly as described very satisfied would buy again,4,1
MOCK_000728,incredible product customer service was excellent too very pleased overall,4,1
MOCK_000729,misleading product photos looks nothing like what arrived not worth the price,2,0
MOCK_000730,this product is absolutely amazing exactly what i needed very disappointing,4,1
MOCK_000731,complete waste of money nothing like the description a solid choice,1,0
MOCK_000732,works perfectly highly recommend to everyone highly recommended,4,1
MOCK_000733,exceeded my expectations will definitely buy again would buy again,4,1
MOCK_000734,outstanding product five stars without hesitation very pleased overall,4,1
MOCK_000735,fantastic build quality and great value for money not worth the price,5,1
MOCK_000736,this product is a scam nothing works as advertised very disappointing,1,0
MOCK_000737,perfect fit and exactly as described very satisfied a solid choice,4,1
MOCK_000738,worst purchase ever falls apart after minimal use highly recommended,1,0
MOCK_000739,misleading product photos looks nothing like what arrived would buy again,1,0
MOCK_000740,terrible product broke after just one week of use very pleased overall,1,0
MOCK_000741,complete waste of money nothing like the description not worth the price,1,0
MOCK_000742,very disappointed the quality is extremely poor very disappointing,2,0
MOCK_000743,do not buy this it stopped working immediately a solid choice,1,0
MOCK_000744,awful experience arrived damaged and customer support ignored me highly recommended,2,0
MOCK_000745,cheap materials and poorly made would not recommend would buy again,1,0
MOCK_000746,this product is a scam nothing works as advertised very pleased overall,1,0
MOCK_000747,returned it immediately total garbage not worth the price,1,0
MOCK_000748,incredible product customer service was excellent too very disappointing,5,1
MOCK_000749,misleading product photos looks nothing like what arrived a solid choice,2,0
MOCK_000750,this product is absolutely amazing exactly what i needed highly recommended,4,1
MOCK_000751,complete waste of money nothing like the description would buy again,1,0
MOCK_000752,works perfectly highly recommend to everyone very pleased overall,4,1
MOCK_000753,exceeded my expectations will definitely buy again not worth the price,4,1
MOCK_000754,outstanding product five stars without hesitation very disappointing,5,1
MOCK_000755,cheap materials and poorly made would not recommend a solid choice,1,0
MOCK_000756,love this item it has made my life so much easier highly recommended,4,1
MOCK_000757,returned it immediately total garbage would buy again,2,0
MOCK_000758,worst purchase ever falls apart after minimal use very pleased overall,1,0
MOCK_000759,misleading product photos looks nothing like what arrived not worth the price,1,0
MOCK_000760,this product is absolutely amazing exactly what i needed very disappointing,5,1
MOCK_000761,complete waste of money nothing like the description a solid choice,1,0
MOCK_000762,works perfectly highly recommend to everyone highly recommended,4,1
MOCK_000763,do not buy this it stopped working immediately would buy again,1,0
MOCK_000764,awful experience arrived damaged and customer support ignored me very pleased overall,2,0
MOCK_000765,cheap materials and poorly made would not recommend not worth the price,1,0
MOCK_000766,love this item it has made my life so much easier very disappointing,4,1
MOCK_000767,perfect fit and exactly as described very satisfied a solid choice,4,1
MOCK_000768,worst purchase ever falls apart after minimal use highly recommended,1,0
MOCK_000769,best purchase i have made in a long time truly impressive would buy again,5,1
MOCK_000770,terrible product broke after just one week of use very pleased overall,1,0
MOCK_000771,complete waste of money nothing like the description not worth the price,2,0
MOCK_000772,very disappointed the quality is extremely poor very disappointing,2,0
MOCK_000773,exceeded my expectations will definitely buy again a solid choice,5,1
MOCK_000774,awful experience arrived damaged and customer support ignored me highly recommended,1,0
MOCK_000775,cheap materials and poorly made would not recommend would buy again,2,0
MOCK_000776,love this item it has made my life so much easier very pleased overall,5,1
MOCK_000777,returned it immediately total garbage not worth the price,1,0
MOCK_000778,incredible product customer service was excellent too very disappointing,5,1
MOCK_000779,best purchase i have made in a long time truly impressive a solid choice,5,1
MOCK_000780,terrible product broke after just one week of use highly recommended,1,0
MOCK_000781,complete waste of money nothing like the description would buy again,2,0
MOCK_000782,works perfectly highly recommend to everyone very pleased overall,4,1
MOCK_000783,exceeded my expectations will definitely buy again not worth the price,5,1
MOCK_000784,outstanding product five stars without hesitation very disappointing,5,1
MOCK_000785,cheap materials and poorly made would not recommend a solid choice,1,0
MOCK_000786,love this item it has made my life so much easier highly recommended,5,1
MOCK_000787,returned it immediately total garbage would buy again,1,0
MOCK_000788,incredible product customer service was excellent too very pleased overall,5,1
MOCK_000789,misleading product photos looks nothing like what arrived not worth the price,2,0
MOCK_000790,terrible product broke after just one week of use very disappointing,1,0
MOCK_000791,great quality and fast shipping very happy with this purchase a solid choice,4,1
MOCK_000792,works perfectly highly recommend to everyone highly recommended,4,1
MOCK_000793,exceeded my expectations will definitely buy again would buy again,4,1
MOCK_000794,outstanding product five stars without hesitation very pleased overall,4,1
MOCK_000795,fantastic build quality and great value for money not worth the price,4,1
MOCK_000796,this product is a scam nothing works as advertised very disappointing,1,0
MOCK_000797,perfect fit and exactly as described very satisfied a solid choice,4,1
MOCK_000798,incredible product customer service was excellent too highly recommended,5,1
MOCK_000799,best purchase i have made in a long time truly impressive would buy again,5,1
MOCK_000800,terrible product broke after just one week of use very pleased overall,2,0
MOCK_000801,great quality and fast shipping very happy with this purchase not worth the price,4,1
MOCK_000802,very disappointed the quality is extremely poor very disappointing,2,0
MOCK_000803,do not buy this it stopped working immediately a solid choice,2,0
MOCK_000804,awful experience arrived damaged and customer support ignored me highly recommended,1,0
MOCK_000805,fantastic build quality and great value for money would buy again,4,1
MOCK_000806,love this item it has made my life so much easier very pleased overall,5,1
MOCK_000807,returned it immediately total garbage not worth the price,1,0
MOCK_000808,incredible product customer service was excellent too very disappointing,5,1
MOCK_000809,misleading product photos looks nothing like what arrived a solid choice,2,0
MOCK_000810,terrible product broke after just one week of use highly recommended,1,0
MOCK_000811,great quality and fast shipping very happy with this purchase would buy again,4,1
MOCK_000812,works perfectly highly recommend to everyone very pleased overall,5,1
MOCK_000813,exceeded my expectations will definitely buy again not worth the price,5,1
MOCK_000814,awful experience arrived damaged and customer support ignored me very disappointing,1,0
MOCK_000815,fantastic build quality and great value for money a solid choice,5,1
MOCK_000816,this product is a scam nothing works as advertised highly recommended,2,0
MOCK_000817,returned it immediately total garbage would buy again,2,0
MOCK_000818,worst purchase ever falls apart after minimal use very pleased overall,2,0
MOCK_000819,misleading product photos looks nothing like what arrived not worth the price,1,0
MOCK_000820,this product is absolutely amazing exactly what i needed very disappointing,4,1
MOCK_000821,complete waste of money nothing like the description a solid choice,2,0
MOCK_000822,very disappointed the quality is extremely poor highly recommended,1,0
MOCK_000823,do not buy this it stopped working immediately would buy again,2,0
MOCK_000824,outstanding product five stars without hesitation very pleased overall,5,1
MOCK_000825,cheap materials and poorly made would not recommend not worth the price,1,0
MOCK_000826,this product is a scam nothing works as advertised very disappointing,2,0
MOCK_000827,returned it immediately total garbage a solid choice,1,0
MOCK_000828,incredible product customer service was excellent too highly recommended,5,1
MOCK_000829,best purchase i have made in a long time truly impressive would buy again,4,1
MOCK_000830,this product is absolutely amazing exactly what i needed very pleased overall,5,1
MOCK_000831,complete waste of money nothing like the description not worth the price,2,0
MOCK_000832,works perfectly highly recommend to everyone very disappointing,4,1
MOCK_000833,exceeded my expectations will definitely buy again a solid choice,5,1
MOCK_000834,outstanding product five stars without hesitation highly recommended,5,1
MOCK_000835,fantastic build quality and great value for money would buy again,5,1
MOCK_000836,this product is a scam nothing works as advertised very pleased overall,2,0
MOCK_000837,perfect fit and exactly as described very satisfied not worth the price,5,1
MOCK_000838,worst purchase ever falls apart after minimal use very disappointing,1,0
MOCK_000839,best purchase i have made in a long time truly impressive a solid choice,5,1
MOCK_000840,this product is absolutely amazing exactly what i needed highly recommended,4,1
MOCK_000841,complete waste of money nothing like the description would buy again,2,0
MOCK_000842,very disappointed the quality is extremely poor very pleased overall,2,0
MOCK_000843,do not buy this it stopped working immediately not worth the price,1,0
MOCK_000844,outstanding product five stars without hesitation very disappointing,4,1
MOCK_000845,fantastic build quality and great value for money a solid choice,5,1
MOCK_000846,love this item it has made my life so much easier highly recommended,4,1
MOCK_000847,returned it immediately total garbage would buy again,2,0
MOCK_000848,worst purchase ever falls apart after minimal use very pleased overall,1,0
MOCK_000849,misleading product photos looks nothing like what arrived not worth the price,2,0
MOCK_000850,terrible product broke after just one week of use very disappointing,1,0
MOCK_000851,great quality and fast shipping very happy with this purchase a solid choice,4,1
MOCK_000852,works perfectly highly recommend to everyone highly recommended,5,1
MOCK_000853,exceeded my expectations will definitely buy again would buy again,5,1
MOCK_000854,awful experience arrived damaged and customer support ignored me very pleased overall,1,0
MOCK_000855,cheap materials and poorly made would not recommend not worth the price,1,0
MOCK_000856,love this item it has made my life so much easier very disappointing,5,1
MOCK_000857,perfect fit and exactly as described very satisfied a solid choice,5,1
MOCK_000858,incredible product customer service was excellent too highly recommended,4,1
MOCK_000859,misleading product photos looks nothing like what arrived would buy again,2,0
MOCK_000860,terrible product broke after just one week of use very pleased overall,2,0
MOCK_000861,great quality and fast shipping very happy with this purchase not worth the price,5,1
MOCK_000862,works perfectly highly recommend to everyone very disappointing,5,1
MOCK_000863,exceeded my expectations will definitely buy again a solid choice,5,1
MOCK_000864,awful experience arrived damaged and customer support ignored me highly recommended,1,0
MOCK_000865,fantastic build quality and great value for money would buy again,5,1
MOCK_000866,love this item it has made my life so much easier very pleased overall,5,1
MOCK_000867,perfect fit and exactly as described very satisfied not worth the price,5,1
MOCK_000868,incredible product customer service was excellent too very disappointing,4,1
MOCK_000869,misleading product photos looks nothing like what arrived a solid choice,1,0
MOCK_000870,terrible product broke after just one week of use highly recommended,2,0
MOCK_000871,complete waste of money nothing like the description would buy again,1,0
MOCK_000872,very disappointed the quality is extremely poor very pleased overall,2,0
MOCK_000873,exceeded my expectations will definitely buy again not worth the price,4,1
MOCK_000874,outstanding product five stars without hesitation very disappointing,5,1
MOCK_000875,fantastic build quality and great value for money a solid choice,5,1
MOCK_000876,love this item it has made my life so much easier highly recommended,4,1
MOCK_000877,perfect fit and exactly as described very satisfied would buy again,4,1
MOCK_000878,worst purchase ever falls apart after minimal use very pleased overall,2,0
MOCK_000879,best purchase i have made in a long time truly impressive not worth the price,5,1
MOCK_000880,terrible product broke after just one week of use very disappointing,1,0
MOCK_000881,complete waste of money nothing like the description a solid choice,2,0
MOCK_000882,works perfectly highly recommend to everyone highly recommended,5,1
MOCK_000883,exceeded my expectations will definitely buy again would buy again,4,1
MOCK_000884,awful experience arrived damaged and customer support ignored me very pleased overall,1,0
MOCK_000885,cheap materials and poorly made would not recommend not worth the price,1,0
MOCK_000886,this product is a scam nothing works as advertised very disappointing,1,0
MOCK_000887,perfect fit and exactly as described very satisfied a solid choice,4,1
MOCK_000888,worst purchase ever falls apart after minimal use highly recommended,1,0
MOCK_000889,misleading product photos looks nothing like what arrived would buy again,2,0
MOCK_000890,terrible product broke after just one week of use very pleased overall,1,0
MOCK_000891,complete waste of money nothing like the description not worth the price,2,0
MOCK_000892,works perfectly highly recommend to everyone very disappointing,4,1
MOCK_000893,do not buy this it stopped working immediately a solid choice,1,0
MOCK_000894,awful experience arrived damaged and customer support ignored me highly recommended,2,0
MOCK_000895,fantastic build quality and great value for money would buy again,5,1
MOCK_000896,this product is a scam nothing works as advertised very pleased overall,1,0
MOCK_000897,returned it immediately total garbage not worth the price,1,0
MOCK_000898,incredible product customer service was excellent too very disappointing,4,1
MOCK_000899,misleading product photos looks nothing like what arrived a solid choice,2,0
MOCK_000900,terrible product broke after just one week of use highly recommended,1,0
MOCK_000901,complete waste of money nothing like the description would buy again,1,0
MOCK_000902,very disappointed the quality is extremely poor very pleased overall,1,0
MOCK_000903,do not buy this it stopped working immediately not worth the price,1,0
MOCK_000904,awful experience arrived damaged and customer support ignored me very disappointing,2,0
MOCK_000905,cheap materials and poorly made would not recommend a solid choice,2,0
MOCK_000906,love this item it has made my life so much easier highly recommended,4,1
MOCK_000907,perfect fit and exactly as described very satisfied would buy again,4,1
MOCK_000908,worst purchase ever falls apart after minimal use very pleased overall,1,0
MOCK_000909,misleading product photos looks nothing like what arrived not worth the price,1,0
MOCK_000910,terrible product broke after just one week of use very disappointing,2,0
MOCK_000911,complete waste of money nothing like the description a solid choice,2,0
MOCK_000912,works perfectly highly recommend to everyone highly recommended,5,1
MOCK_000913,do not buy this it stopped working immediately would buy again,2,0
MOCK_000914,outstanding product five stars without hesitation very pleased overall,5,1
MOCK_000915,cheap materials and poorly made would not recommend not worth the price,2,0
MOCK_000916,love this item it has made my life so much easier very disappointing,4,1
MOCK_000917,returned it immediately total garbage a solid choice,1,0
MOCK_000918,incredible product customer service was excellent too highly recommended,4,1
MOCK_000919,misleading product photos looks nothing like what arrived would buy again,2,0
MOCK_000920,terrible product broke after just one week of use very pleased overall,1,0
MOCK_000921,great quality and fast shipping very happy with this purchase not worth the price,5,1
MOCK_000922,works perfectly highly recommend to everyone very disappointing,5,1
MOCK_000923,do not buy this it stopped working immediately a solid choice,2,0
MOCK_000924,outstanding product five stars without hesitation highly recommended,4,1
MOCK_000925,cheap materials and poorly made would not recommend would buy again,1,0
MOCK_000926,this product is a scam nothing works as advertised very pleased overall,1,0
MOCK_000927,returned it immediately total garbage not worth the price,2,0
MOCK_000928,worst purchase ever falls apart after minimal use very disappointing,2,0
MOCK_000929,best purchase i have made in a long time truly impressive a solid choice,5,1
MOCK_000930,this product is absolutely amazing exactly what i needed highly recommended,4,1
MOCK_000931,great quality and fast shipping very happy with this purchase would buy again,4,1
MOCK_000932,works perfectly highly recommend to everyone very pleased overall,4,1
MOCK_000933,do not buy this it stopped working immediately not worth the price,2,0
MOCK_000934,awful experience arrived damaged and customer support ignored me very disappointing,2,0
MOCK_000935,cheap materials and poorly made would not recommend a solid choice,1,0
MOCK_000936,love this item it has made my life so much easier highly recommended,5,1
MOCK_000937,returned it immediately total garbage would buy again,1,0
MOCK_000938,worst purchase ever falls apart after minimal use very pleased overall,2,0
MOCK_000939,best purchase i have made in a long time truly impressive not worth the price,4,1
MOCK_000940,terrible product broke after just one week of use very disappointing,1,0
MOCK_000941,complete waste of money nothing like the description a solid choice,2,0
MOCK_000942,works perfectly highly recommend to everyone highly recommended,4,1
MOCK_000943,exceeded my expectations will definitely buy again would buy again,4,1
MOCK_000944,awful experience arrived damaged and customer support ignored me very pleased overall,1,0
MOCK_000945,cheap materials and poorly made would not recommend not worth the price,1,0
MOCK_000946,love this item it has made my life so much easier very disappointing,5,1
MOCK_000947,returned it immediately total garbage a solid choice,2,0
MOCK_000948,incredible product customer service was excellent too highly recommended,5,1
MOCK_000949,best purchase i have made in a long time truly impressive would buy again,4,1
MOCK_000950,this product is absolutely amazing exactly what i needed very pleased overall,5,1
MOCK_000951,great quality and fast shipping very happy with this purchase not worth the price,4,1
MOCK_000952,very disappointed the quality is extremely poor very disappointing,1,0
MOCK_000953,do not buy this it stopped working immediately a solid choice,1,0
MOCK_000954,awful experience arrived damaged and customer support ignored me highly recommended,2,0
MOCK_000955,cheap materials and poorly made would not recommend would buy again,2,0
MOCK_000956,this product is a scam nothing works as advertised very pleased overall,2,0
MOCK_000957,returned it immediately total garbage not worth the price,2,0
MOCK_000958,worst purchase ever falls apart after minimal use very disappointing,1,0
MOCK_000959,misleading product photos looks nothing like what arrived a solid choice,2,0
MOCK_000960,terrible product broke after just one week of use highly recommended,2,0
MOCK_000961,great quality and fast shipping very happy with this purchase would buy again,4,1
MOCK_000962,very disappointed the quality is extremely poor very pleased overall,1,0
MOCK_000963,do not buy this it stopped working immediately not worth the price,1,0
MOCK_000964,awful experience arrived damaged and customer support ignored me very disappointing,2,0
MOCK_000965,cheap materials and poorly made would not recommend a solid choice,1,0
MOCK_000966,love this item it has made my life so much easier highly recommended,5,1
MOCK_000967,returned it immediately total garbage would buy again,1,0
MOCK_000968,worst purchase ever falls apart after minimal use very pleased overall,2,0
MOCK_000969,best purchase i have made in a long time truly impressive not worth the price,4,1
MOCK_000970,terrible product broke after just one week of use very disappointing,1,0
MOCK_000971,great quality and fast shipping very happy with this purchase a solid choice,4,1
MOCK_000972,very disappointed the quality is extremely poor highly recommended,1,0
MOCK_000973,do not buy this it stopped working immediately would buy again,2,0
MOCK_000974,awful experience arrived damaged and customer support ignored me very pleased overall,1,0
MOCK_000975,fantastic build quality and great value for money not worth the price,5,1
MOCK_000976,this product is a scam nothing works as advertised very disappointing,1,0
MOCK_000977,perfect fit and exactly as described very satisfied a solid choice,4,1
MOCK_000978,incredible product customer service was excellent too highly recommended,5,1
MOCK_000979,best purchase i have made in a long time truly impressive would buy again,4,1
MOCK_000980,this product is absolutely amazing exactly what i needed very pleased overall,5,1
MOCK_000981,complete waste of money nothing like the description not worth the price,2,0
MOCK_000982,works perfectly highly recommend to everyone very disappointing,5,1
MOCK_000983,do not buy this it stopped working immediately a solid choice,1,0
MOCK_000984,outstanding product five stars without hesitation highly recommended,4,1
MOCK_000985,fantastic build quality and great value for money would buy again,5,1
MOCK_000986,love this item it has made my life so much easier very pleased overall,4,1
MOCK_000987,perfect fit and exactly as described very satisfied not worth the price,4,1
MOCK_000988,incredible product customer service was excellent too very disappointing,4,1
MOCK_000989,misleading product photos looks nothing like what arrived a solid choice,2,0
MOCK_000990,this product is absolutely amazing exactly what i needed highly recommended,5,1
MOCK_000991,complete waste of money nothing like the description would buy again,2,0
MOCK_000992,works perfectly highly recommend to everyone very pleased overall,5,1
MOCK_000993,exceeded my expectations will definitely buy again not worth the price,4,1
MOCK_000994,awful experience arrived damaged and customer support ignored me very disappointing,2,0
MOCK_000995,fantastic build quality and great value for money a solid choice,4,1
MOCK_000996,this product is a scam nothing works as advertised highly recommended,2,0
MOCK_000997,perfect fit and exactly as described very satisfied would buy again,4,1
MOCK_000998,incredible product customer service was excellent too very pleased overall,5,1
MOCK_000999,misleading product photos looks nothing like what arrived not worth the price,1,0
MOCK_001000,this product is absolutely amazing exactly what i needed very disappointing,4,1
MOCK_001001,complete waste of money nothing like the description a solid choice,1,0
MOCK_001002,works perfectly highly recommend to everyone highly recommended,4,1
MOCK_001003,do not buy this it stopped working immediately would buy again,1,0
MOCK_001004,outstanding product five stars without hesitation very pleased overall,5,1
MOCK_001005,cheap materials and poorly made would not recommend not worth the price,1,0
MOCK_001006,this product is a scam nothing works as advertised very disappointing,2,0
MOCK_001007,perfect fit and exactly as described very satisfied a solid choice,4,1
MOCK_001008,worst purchase ever falls apart after minimal use highly recommended,2,0
MOCK_001009,best purchase i have made in a long time truly impressive would buy again,4,1
MOCK_001010,terrible product broke after just one week of use very pleased overall,2,0
MOCK_001011,great quality and fast shipping very happy with this purchase not worth the price,5,1
MOCK_001012,very disappointed the quality is extremely poor very disappointing,1,0
MOCK_001013,exceeded my expectations will definitely buy again a solid choice,5,1
MOCK_001014,outstanding product five stars without hesitation highly recommended,4,1
MOCK_001015,fantastic build quality and great value for money would buy again,4,1
MOCK_001016,this product is a scam nothing works as advertised very pleased overall,2,0
MOCK_001017,perfect fit and exactly as described very satisfied not worth the price,5,1
MOCK_001018,incredible product customer service was excellent too very disappointing,4,1
MOCK_001019,best purchase i have made in a long time truly impressive a solid choice,4,1
MOCK_001020,terrible product broke after just one week of use highly recommended,2,0
MOCK_001021,great quality and fast shipping very happy with this purchase would buy again,5,1
MOCK_001022,very disappointed the quality is extremely poor very pleased overall,2,0
MOCK_001023,do not buy this it stopped working immediately not worth the price,2,0
MOCK_001024,outstanding product five stars without hesitation very disappointing,5,1
MOCK_001025,cheap materials and poorly made would not recommend a solid choice,1,0
MOCK_001026,this product is a scam nothing works as advertised highly recommended,2,0
MOCK_001027,perfect fit and exactly as described very satisfied would buy again,4,1
MOCK_001028,incredible product customer service was excellent too very pleased overall,5,1
MOCK_001029,misleading product photos looks nothing like what arrived not worth the price,1,0
MOCK_001030,this product is absolutely amazing exactly what i needed very disappointing,5,1
MOCK_001031,complete waste of money nothing like the description a solid choice,2,0
MOCK_001032,works perfectly highly recommend to everyone highly recommended,5,1
MOCK_001033,exceeded my expectations will definitely buy again would buy again,5,1
MOCK_001034,awful experience arrived damaged and customer support ignored me very pleased overall,1,0
MOCK_001035,cheap materials and poorly made would not recommend not worth the price,2,0
MOCK_001036,this product is a scam nothing works as advertised very disappointing,1,0
MOCK_001037,perfect fit and exactly as described very satisfied a solid choice,4,1
MOCK_001038,worst purchase ever falls apart after minimal use highly recommended,1,0
MOCK_001039,misleading product photos looks nothing like what arrived would buy again,1,0
MOCK_001040,this product is absolutely amazing exactly what i needed very pleased overall,4,1
MOCK_001041,complete waste of money nothing like the description not worth the price,2,0
MOCK_001042,very disappointed the quality is extremely poor very disappointing,2,0
MOCK_001043,exceeded my expectations will definitely buy again a solid choice,5,1
MOCK_001044,awful experience arrived damaged and customer support ignored me highly recommended,1,0
MOCK_001045,fantastic build quality and great value for money would buy again,4,1
MOCK_001046,love this item it has made my life so much easier very pleased overall,4,1
MOCK_001047,returned it immediately total garbage not worth the price,2,0
MOCK_001048,incredible product customer service was excellent too very disappointing,5,1
MOCK_001049,best purchase i have made in a long time truly impressive a solid choice,4,1
MOCK_001050,this product is absolutely amazing exactly what i needed highly recommended,5,1
MOCK_001051,complete waste of money nothing like the description would buy again,1,0
MOCK_001052,works perfectly highly recommend to everyone very pleased overall,4,1
MOCK_001053,exceeded my expectations will definitely buy again not worth the price,4,1
MOCK_001054,awful experience arrived damaged and customer support ignored me very disappointing,1,0
MOCK_001055,cheap materials and poorly made would not recommend a solid choice,2,0
MOCK_001056,love this item it has made my life so much easier highly recommended,5,1
MOCK_001057,perfect fit and exactly as described very satisfied would buy again,4,1
MOCK_001058,incredible product customer service was excellent too very pleased overall,5,1
MOCK_001059,best purchase i have made in a long time truly impressive not worth the price,5,1
MOCK_001060,this product is absolutely amazing exactly what i needed very disappointing,5,1
MOCK_001061,great quality and fast shipping very happy with this purchase a solid choice,5,1
MOCK_001062,works perfectly highly recommend to everyone highly recommended,4,1
MOCK_001063,do not buy this it stopped working immediately would buy again,2,0
MOCK_001064,awful experience arrived damaged and customer support ignored me very pleased overall,1,0
MOCK_001065,fantastic build quality and great value for money not worth the price,5,1
MOCK_001066,love this item it has made my life so much easier very disappointing,4,1
MOCK_001067,returned it immediately total garbage a solid choice,2,0
MOCK_001068,incredible product customer service was excellent too highly recommended,4,1
MOCK_001069,best purchase i have made in a long time truly impressive would buy again,4,1
MOCK_001070,this product is absolutely amazing exactly what i needed very pleased overall,5,1
MOCK_001071,great quality and fast shipping very happy with this purchase not worth the price,5,1
MOCK_001072,very disappointed the quality is extremely poor very disappointing,1,0
MOCK_001073,do not buy this it stopped working immediately a solid choice,2,0
MOCK_001074,outstanding product five stars without hesitation highly recommended,5,1
MOCK_001075,cheap materials and poorly made would not recommend would buy again,1,0
MOCK_001076,love this item it has made my life so much easier very pleased overall,5,1
MOCK_001077,perfect fit and exactly as described very satisfied not worth the price,4,1
MOCK_001078,worst purchase ever falls apart after minimal use very disappointing,2,0
MOCK_001079,best purchase i have made in a long time truly impressive a solid choice,4,1
MOCK_001080,this product is absolutely amazing exactly what i needed highly recommended,4,1
MOCK_001081,complete waste of money nothing like the description would buy again,2,0
MOCK_001082,works perfectly highly recommend to everyone very pleased overall,5,1
MOCK_001083,do not buy this it stopped working immediately not worth the price,2,0
MOCK_001084,outstanding product five stars without hesitation very disappointing,5,1
MOCK_001085,cheap materials and poorly made would not recommend a solid choice,2,0
MOCK_001086,love this item it has made my life so much easier highly recommended,5,1
MOCK_001087,returned it immediately total garbage would buy again,2,0
MOCK_001088,worst purchase ever falls apart after minimal use very pleased overall,1,0
MOCK_001089,best purchase i have made in a long time truly impressive not worth the price,4,1
MOCK_001090,this product is absolutely amazing exactly what i needed very disappointing,4,1
MOCK_001091,great quality and fast shipping very happy with this purchase a solid choice,5,1
MOCK_001092,works perfectly highly recommend to everyone highly recommended,4,1
MOCK_001093,do not buy this it stopped working immediately would buy again,1,0
MOCK_001094,awful experience arrived damaged and customer support ignored me very pleased overall,2,0
MOCK_001095,cheap materials and poorly made would not recommend not worth the price,1,0
MOCK_001096,this product is a scam nothing works as advertised very disappointing,1,0
MOCK_001097,perfect fit and exactly as described very satisfied a solid choice,5,1
MOCK_001098,worst purchase ever falls apart after minimal use highly recommended,2,0
MOCK_001099,best purchase i have made in a long time truly impressive would buy again,4,1
MOCK_001100,terrible product broke after just one week of use very pleased overall,1,0
MOCK_001101,complete waste of money nothing like the description not worth the price,1,0
MOCK_001102,very disappointed the quality is extremely poor very disappointing,2,0
MOCK_001103,do not buy this it stopped working immediately a solid choice,2,0
MOCK_001104,awful experience arrived damaged and customer support ignored me highly recommended,1,0
MOCK_001105,fantastic build quality and great value for money would buy again,5,1
MOCK_001106,love this item it has made my life so much easier very pleased overall,4,1
MOCK_001107,returned it immediately total garbage not worth the price,1,0
MOCK_001108,worst purchase ever falls apart after minimal use very disappointing,2,0
MOCK_001109,misleading product photos looks nothing like what arrived a solid choice,1,0
MOCK_001110,this product is absolutely amazing exactly what i needed highly recommended,4,1
MOCK_001111,complete waste of money nothing like the description would buy again,1,0
MOCK_001112,very disappointed the quality is extremely poor very pleased overall,2,0
MOCK_001113,exceeded my expectations will definitely buy again not worth the price,5,1
MOCK_001114,awful experience arrived damaged and customer support ignored me very disappointing,2,0
MOCK_001115,fantastic build quality and great value for money a solid choice,4,1
MOCK_001116,love this item it has made my life so much easier highly recommended,4,1
MOCK_001117,perfect fit and exactly as described very satisfied would buy again,5,1
MOCK_001118,worst purchase ever falls apart after minimal use very pleased overall,1,0
MOCK_001119,misleading product photos looks nothing like what arrived not worth the price,2,0
MOCK_001120,terrible product broke after just one week of use very disappointing,2,0
MOCK_001121,complete waste of money nothing like the description a solid choice,1,0
MOCK_001122,works perfectly highly recommend to everyone highly recommended,5,1
MOCK_001123,exceeded my expectations will definitely buy again would buy again,4,1
MOCK_001124,awful experience arrived damaged and customer support ignored me very pleased overall,1,0
MOCK_001125,fantastic build quality and great value for money not worth the price,5,1
MOCK_001126,this product is a scam nothing works as advertised very disappointing,2,0
MOCK_001127,returned it immediately total garbage a solid choice,2,0
MOCK_001128,incredible product customer service was excellent too highly recommended,5,1
MOCK_001129,misleading product photos looks nothing like what arrived would buy again,2,0
MOCK_001130,terrible product broke after just one week of use very pleased overall,2,0
MOCK_001131,complete waste of money nothing like the description not worth the price,2,0
MOCK_001132,very disappointed the quality is extremely poor very disappointing,1,0
MOCK_001133,exceeded my expectations will definitely buy again a solid choice,5,1
MOCK_001134,awful experience arrived damaged and customer support ignored me highly recommended,2,0
MOCK_001135,cheap materials and poorly made would not recommend would buy again,1,0
MOCK_001136,this product is a scam nothing works as advertised very pleased overall,1,0
MOCK_001137,returned it immediately total garbage not worth the price,1,0
MOCK_001138,worst purchase ever falls apart after minimal use very disappointing,1,0
MOCK_001139,misleading product photos looks nothing like what arrived a solid choice,2,0
MOCK_001140,this product is absolutely amazing exactly what i needed highly recommended,4,1
MOCK_001141,complete waste of money nothing like the description would buy again,2,0
MOCK_001142,works perfectly highly recommend to everyone very pleased overall,5,1
MOCK_001143,exceeded my expectations will definitely buy again not worth the price,5,1
MOCK_001144,outstanding product five stars without hesitation very disappointing,4,1
MOCK_001145,cheap materials and poorly made would not recommend a solid choice,1,0
MOCK_001146,this product is a scam nothing works as advertised highly recommended,2,0
MOCK_001147,perfect fit and exactly as described very satisfied would buy again,5,1
MOCK_001148,worst purchase ever falls apart after minimal use very pleased overall,1,0
MOCK_001149,misleading product photos looks nothing like what arrived not worth the price,2,0
MOCK_001150,terrible product broke after just one week of use very disappointing,1,0
MOCK_001151,great quality and fast shipping very happy with this purchase a solid choice,5,1
MOCK_001152,works perfectly highly recommend to everyone highly recommended,4,1
MOCK_001153,do not buy this it stopped working immediately would buy again,1,0
MOCK_001154,awful experience arrived damaged and customer support ignored me very pleased overall,2,0
MOCK_001155,cheap materials and poorly made would not recommend not worth the price,1,0
MOCK_001156,love this item it has made my life so much easier very disappointing,4,1
MOCK_001157,returned it immediately total garbage a solid choice,1,0
MOCK_001158,worst purchase ever falls apart after minimal use highly recommended,1,0
MOCK_001159,best purchase i have made in a long time truly impressive would buy again,5,1
MOCK_001160,terrible product broke after just one week of use very pleased overall,1,0
MOCK_001161,complete waste of money nothing like the description not worth the price,2,0
MOCK_001162,works perfectly highly recommend to everyone very disappointing,5,1
MOCK_001163,do not buy this it stopped working immediately a solid choice,1,0
MOCK_001164,awful experience arrived damaged and customer support ignored me highly recommended,1,0
MOCK_001165,cheap materials and poorly made would not recommend would buy again,2,0
MOCK_001166,this product is a scam nothing works as advertised very pleased overall,2,0
MOCK_001167,perfect fit and exactly as described very satisfied not worth the price,5,1
MOCK_001168,worst purchase ever falls apart after minimal use very disappointing,2,0
MOCK_001169,misleading product photos looks nothing like what arrived a solid choice,1,0
MOCK_001170,terrible product broke after just one week of use highly recommended,1,0
MOCK_001171,great quality and fast shipping very happy with this purchase would buy again,5,1
MOCK_001172,works perfectly highly recommend to everyone very pleased overall,4,1
MOCK_001173,do not buy this it stopped working immediately not worth the price,2,0
MOCK_001174,awful experience arrived damaged and customer support ignored me very disappointing,2,0
MOCK_001175,fantastic build quality and great value for money a solid choice,5,1
MOCK_001176,love this item it has made my life so much easier highly recommended,4,1
MOCK_001177,returned it immediately total garbage would buy again,1,0
MOCK_001178,worst purchase ever falls apart after minimal use very pleased overall,1,0
MOCK_001179,best purchase i have made in a long time truly impressive not worth the price,4,1
MOCK_001180,this product is absolutely amazing exactly what i needed very disappointing,5,1
MOCK_001181,great quality and fast shipping very happy with this purchase a solid choice,4,1
MOCK_001182,works perfectly highly recommend to everyone highly recommended,4,1
MOCK_001183,do not buy this it stopped working immediately would buy again,1,0
MOCK_001184,awful experience arrived damaged and customer support ignored me very pleased overall,1,0
MOCK_001185,cheap materials and poorly made would not recommend not worth the price,2,0
MOCK_001186,this product is a scam nothing works as advertised very disappointing,1,0
MOCK_001187,perfect fit and exactly as described very satisfied a solid choice,5,1
MOCK_001188,incredible product customer service was excellent too highly recommended,4,1
MOCK_001189,best purchase i have made in a long time truly impressive would buy again,5,1
MOCK_001190,terrible product broke after just one week of use very pleased overall,1,0
MOCK_001191,great quality and fast shipping very happy with this purchase not worth the price,4,1
MOCK_001192,very disappointed the quality is extremely poor very disappointing,2,0
MOCK_001193,exceeded my expectations will definitely buy again a solid choice,5,1
MOCK_001194,outstanding product five stars without hesitation highly recommended,5,1
MOCK_001195,cheap materials and poorly made would not recommend would buy again,1,0
MOCK_001196,love this item it has made my life so much easier very pleased overall,4,1
MOCK_001197,returned it immediately total garbage not worth the price,2,0
MOCK_001198,incredible product customer service was excellent too very disappointing,4,1
MOCK_001199,misleading product photos looks nothing like what arrived a solid choice,2,0
MOCK_001200,terrible product broke after just one week of use highly recommended,2,0
MOCK_001201,great quality and fast shipping very happy with this purchase would buy again,5,1
MOCK_001202,very disappointed the quality is extremely poor very pleased overall,2,0
MOCK_001203,do not buy this it stopped working immediately not worth the price,2,0
MOCK_001204,awful experience arrived damaged and customer support ignored me very disappointing,1,0
MOCK_001205,fantastic build quality and great value for money a solid choice,4,1
MOCK_001206,love this item it has made my life so much easier highly recommended,5,1
MOCK_001207,returned it immediately total garbage would buy again,1,0
MOCK_001208,incredible product customer service was excellent too very pleased overall,4,1
MOCK_001209,misleading product photos looks nothing like what arrived not worth the price,1,0
MOCK_001210,terrible product broke after just one week of use very disappointing,2,0
MOCK_001211,complete waste of money nothing like the description a solid choice,2,0
MOCK_001212,very disappointed the quality is extremely poor highly recommended,2,0
MOCK_001213,do not buy this it stopped working immediately would buy again,1,0
MOCK_001214,outstanding product five stars without hesitation very pleased overall,4,1
MOCK_001215,cheap materials and poorly made would not recommend not worth the price,2,0
MOCK_001216,this product is a scam nothing works as advertised very disappointing,1,0
MOCK_001217,returned it immediately total garbage a solid choice,2,0
MOCK_001218,incredible product customer service was excellent too highly recommended,5,1
MOCK_001219,best purchase i have made in a long time truly impressive would buy again,4,1
MOCK_001220,terrible product broke after just one week of use very pleased overall,1,0
MOCK_001221,complete waste of money nothing like the description not worth the price,1,0
MOCK_001222,works perfectly highly recommend to everyone very disappointing,5,1
MOCK_001223,exceeded my expectations will definitely buy again a solid choice,5,1
MOCK_001224,outstanding product five stars without hesitation highly recommended,4,1
MOCK_001225,fantastic build quality and great value for money would buy again,5,1
MOCK_001226,this product is a scam nothing works as advertised very pleased overall,1,0
MOCK_001227,perfect fit and exactly as described very satisfied not worth the price,4,1
MOCK_001228,incredible product customer service was excellent too very disappointing,5,1
MOCK_001229,misleading product photos looks nothing like what arrived a solid choice,1,0
MOCK_001230,terrible product broke after just one week of use highly recommended,1,0
MOCK_001231,complete waste of money nothing like the description would buy again,2,0
MOCK_001232,very disappointed the quality is extremely poor very pleased overall,1,0
MOCK_001233,do not buy this it stopped working immediately not worth the price,2,0
MOCK_001234,awful experience arrived damaged and customer support ignored me very disappointing,1,0
MOCK_001235,fantastic build quality and great value for money a solid choice,4,1
MOCK_001236,this product is a scam nothing works as advertised highly recommended,1,0
MOCK_001237,returned it immediately total garbage would buy again,1,0
MOCK_001238,incredible product customer service was excellent too very pleased overall,4,1
MOCK_001239,misleading product photos looks nothing like what arrived not worth the price,1,0
MOCK_001240,this product is absolutely amazing exactly what i needed very disappointing,5,1
MOCK_001241,complete waste of money nothing like the description a solid choice,1,0
MOCK_001242,very disappointed the quality is extremely poor highly recommended,1,0
MOCK_001243,do not buy this it stopped working immediately would buy again,1,0
MOCK_001244,outstanding product five stars without hesitation very pleased overall,4,1
MOCK_001245,cheap materials and poorly made would not recommend not worth the price,1,0
MOCK_001246,love this item it has made my life so much easier very disappointing,5,1
MOCK_001247,returned it immediately total garbage a solid choice,1,0
MOCK_001248,incredible product customer service was excellent too highly recommended,5,1
MOCK_001249,misleading product photos looks nothing like what arrived would buy again,2,0
MOCK_001250,this product is absolutely amazing exactly what i needed very pleased overall,4,1
MOCK_001251,great quality and fast shipping very happy with this purchase not worth the price,4,1
MOCK_001252,very disappointed the quality is extremely poor very disappointing,1,0
MOCK_001253,do not buy this it stopped working immediately a solid choice,2,0
MOCK_001254,awful experience arrived damaged and customer support ignored me highly recommended,1,0
MOCK_001255,cheap materials and poorly made would not recommend would buy again,2,0
MOCK_001256,love this item it has made my life so much easier very pleased overall,5,1
MOCK_001257,returned it immediately total garbage not worth the price,2,0
MOCK_001258,incredible product customer service was excellent too very disappointing,5,1
MOCK_001259,misleading product photos looks nothing like what arrived a solid choice,2,0
MOCK_001260,terrible product broke after just one week of use highly recommended,1,0
MOCK_001261,complete waste of money nothing like the description would buy again,1,0
MOCK_001262,very disappointed the quality is extremely poor very pleased overall,1,0
MOCK_001263,do not buy this it stopped working immediately not worth the price,2,0
MOCK_001264,awful experience arrived damaged and customer support ignored me very disappointing,2,0
MOCK_001265,fantastic build quality and great value for money a solid choice,5,1
MOCK_001266,love this item it has made my life so much easier highly recommended,4,1
MOCK_001267,perfect fit and exactly as described very satisfied would buy again,5,1
MOCK_001268,worst purchase ever falls apart after minimal use very pleased overall,1,0
MOCK_001269,best purchase i have made in a long time truly impressive not worth the price,4,1
MOCK_001270,terrible product broke after just one week of use very disappointing,2,0
MOCK_001271,great quality and fast shipping very happy with this purchase a solid choice,4,1
MOCK_001272,works perfectly highly recommend to everyone highly recommended,4,1
MOCK_001273,exceeded my expectations will definitely buy again would buy again,5,1
MOCK_001274,awful experience arrived damaged and customer support ignored me very pleased overall,1,0
MOCK_001275,fantastic build quality and great value for money not worth the price,4,1
MOCK_001276,this product is a scam nothing works as advertised very disappointing,1,0
MOCK_001277,perfect fit and exactly as described very satisfied a solid choice,4,1
MOCK_001278,incredible product customer service was excellent too highly recommended,5,1
MOCK_001279,misleading product photos looks nothing like what arrived would buy again,2,0
MOCK_001280,this product is absolutely amazing exactly what i needed very pleased overall,4,1
MOCK_001281,great quality and fast shipping very happy with this purchase not worth the price,4,1
MOCK_001282,very disappointed the quality is extremely poor very disappointing,1,0
MOCK_001283,exceeded my expectations will definitely buy again a solid choice,5,1
MOCK_001284,awful experience arrived damaged and customer support ignored me highly recommended,2,0
MOCK_001285,fantastic build quality and great value for money would buy again,5,1
MOCK_001286,love this item it has made my life so much easier very pleased overall,4,1
MOCK_001287,perfect fit and exactly as described very satisfied not worth the price,4,1
MOCK_001288,worst purchase ever falls apart after minimal use very disappointing,1,0
MOCK_001289,best purchase i have made in a long time truly impressive a solid choice,5,1
MOCK_001290,terrible product broke after just one week of use highly recommended,1,0
MOCK_001291,complete waste of money nothing like the description would buy again,2,0
MOCK_001292,very disappointed the quality is extremely poor very pleased overall,2,0
MOCK_001293,do not buy this it stopped working immediately not worth the price,1,0
MOCK_001294,outstanding product five stars without hesitation very disappointing,4,1
MOCK_001295,cheap materials and poorly made would not recommend a solid choice,1,0
MOCK_001296,love this item it has made my life so much easier highly recommended,4,1
MOCK_001297,returned it immediately total garbage would buy again,1,0
MOCK_001298,incredible product customer service was excellent too very pleased overall,5,1
MOCK_001299,best purchase i have made in a long time truly impressive not worth the price,4,1
MOCK_001300,this product is absolutely amazing exactly what i needed very disappointing,4,1
MOCK_001301,great quality and fast shipping very happy with this purchase a solid choice,5,1
MOCK_001302,works perfectly highly recommend to everyone highly recommended,5,1
MOCK_001303,exceeded my expectations will definitely buy again would buy again,4,1
MOCK_001304,outstanding product five stars without hesitation very pleased overall,5,1
MOCK_001305,fantastic build quality and great value for money not worth the price,5,1
MOCK_001306,this product is a scam nothing works as advertised very disappointing,2,0
MOCK_001307,returned it immediately total garbage a solid choice,2,0
MOCK_001308,incredible product customer service was excellent too highly recommended,4,1
MOCK_001309,best purchase i have made in a long time truly impressive would buy again,5,1
MOCK_001310,this product is absolutely amazing exactly what i needed very pleased overall,4,1
MOCK_001311,complete waste of money nothing like the description not worth the price,2,0
MOCK_001312,works perfectly highly recommend to everyone very disappointing,5,1
MOCK_001313,exceeded my expectations will definitely buy again a solid choice,4,1
MOCK_001314,outstanding product five stars without hesitation highly recommended,4,1
MOCK_001315,fantastic build quality and great value for money would buy again,5,1
MOCK_001316,love this item it has made my life so much easier very pleased overall,5,1
MOCK_001317,returned it immediately total garbage not worth the price,1,0
MOCK_001318,worst purchase ever falls apart after minimal use very disappointing,2,0
MOCK_001319,misleading product photos looks nothing like what arrived a solid choice,2,0
MOCK_001320,terrible product broke after just one week of use highly recommended,1,0
MOCK_001321,complete waste of money nothing like the description would buy again,1,0
MOCK_001322,very disappointed the quality is extremely poor very pleased overall,1,0
MOCK_001323,exceeded my expectations will definitely buy again not worth the price,5,1
MOCK_001324,outstanding product five stars without hesitation very disappointing,4,1
MOCK_001325,fantastic build quality and great value for money a solid choice,5,1
MOCK_001326,love this item it has made my life so much easier highly recommended,4,1
MOCK_001327,perfect fit and exactly as described very satisfied would buy again,5,1
MOCK_001328,worst purchase ever falls apart after minimal use very pleased overall,1,0
MOCK_001329,best purchase i have made in a long time truly impressive not worth the price,4,1
MOCK_001330,terrible product broke after just one week of use very disappointing,2,0
MOCK_001331,complete waste of money nothing like the description a solid choice,1,0
MOCK_001332,very disappointed the quality is extremely poor highly recommended,2,0
MOCK_001333,do not buy this it stopped working immediately would buy again,2,0
MOCK_001334,awful experience arrived damaged and customer support ignored me very pleased overall,2,0
MOCK_001335,fantastic build quality and great value for money not worth the price,5,1
MOCK_001336,love this item it has made my life so much easier very disappointing,4,1
MOCK_001337,perfect fit and exactly as described very satisfied a solid choice,5,1
MOCK_001338,incredible product customer service was excellent too highly recommended,5,1
MOCK_001339,best purchase i have made in a long time truly impressive would buy again,4,1
MOCK_001340,terrible product broke after just one week of use very pleased overall,1,0
MOCK_001341,complete waste of money nothing like the description not worth the price,2,0
MOCK_001342,works perfectly highly recommend to everyone very disappointing,4,1
MOCK_001343,do not buy this it stopped working immediately a solid choice,2,0
MOCK_001344,outstanding product five stars without hesitation highly recommended,5,1
MOCK_001345,fantastic build quality and great value for money would buy again,5,1
MOCK_001346,love this item it has made my life so much easier very pleased overall,4,1
MOCK_001347,perfect fit and exactly as described very satisfied not worth the price,4,1
MOCK_001348,worst purchase ever falls apart after minimal use very disappointing,1,0
MOCK_001349,misleading product photos looks nothing like what arrived a solid choice,1,0
MOCK_001350,this product is absolutely amazing exactly what i needed highly recommended,5,1
MOCK_001351,complete waste of money nothing like the description would buy again,2,0
MOCK_001352,very disappointed the quality is extremely poor very pleased overall,1,0
MOCK_001353,exceeded my expectations will definitely buy again not worth the price,4,1
MOCK_001354,outstanding product five stars without hesitation very disappointing,5,1
MOCK_001355,cheap materials and poorly made would not recommend a solid choice,1,0
MOCK_001356,love this item it has made my life so much easier highly recommended,5,1
MOCK_001357,perfect fit and exactly as described very satisfied would buy again,4,1
MOCK_001358,worst purchase ever falls apart after minimal use very pleased overall,2,0
MOCK_001359,best purchase i have made in a long time truly impressive not worth the price,4,1
MOCK_001360,this product is absolutely amazing exactly what i needed very disappointing,5,1
MOCK_001361,complete waste of money nothing like the description a solid choice,1,0
MOCK_001362,works perfectly highly recommend to everyone highly recommended,5,1
MOCK_001363,do not buy this it stopped working immediately would buy again,1,0
MOCK_001364,outstanding product five stars without hesitation very pleased overall,4,1
MOCK_001365,fantastic build quality and great value for money not worth the price,5,1
MOCK_001366,love this item it has made my life so much easier very disappointing,4,1
MOCK_001367,returned it immediately total garbage a solid choice,1,0
MOCK_001368,incredible product customer service was excellent too highly recommended,4,1
MOCK_001369,misleading product photos looks nothing like what arrived would buy again,1,0
MOCK_001370,terrible product broke after just one week of use very pleased overall,1,0
MOCK_001371,great quality and fast shipping very happy with this purchase not worth the price,5,1
MOCK_001372,very disappointed the quality is extremely poor very disappointing,1,0
MOCK_001373,do not buy this it stopped working immediately a solid choice,2,0
MOCK_001374,awful experience arrived damaged and customer support ignored me highly recommended,2,0
MOCK_001375,cheap materials and poorly made would not recommend would buy again,1,0
MOCK_001376,love this item it has made my life so much easier very pleased overall,5,1
MOCK_001377,perfect fit and exactly as described very satisfied not worth the price,5,1
MOCK_001378,incredible product customer service was excellent too very disappointing,5,1
MOCK_001379,misleading product photos looks nothing like what arrived a solid choice,1,0
MOCK_001380,terrible product broke after just one week of use highly recommended,1,0
MOCK_001381,complete waste of money nothing like the description would buy again,1,0
MOCK_001382,very disappointed the quality is extremely poor very pleased overall,2,0
MOCK_001383,do not buy this it stopped working immediately not worth the price,2,0
MOCK_001384,awful experience arrived damaged and customer support ignored me very disappointing,2,0
MOCK_001385,fantastic build quality and great value for money a solid choice,4,1
MOCK_001386,this product is a scam nothing works as advertised highly recommended,2,0
MOCK_001387,perfect fit and exactly as described very satisfied would buy again,4,1
MOCK_001388,incredible product customer service was excellent too very pleased overall,5,1
MOCK_001389,misleading product photos looks nothing like what arrived not worth the price,1,0
MOCK_001390,terrible product broke after just one week of use very disappointing,2,0
MOCK_001391,great quality and fast shipping very happy with this purchase a solid choice,5,1
MOCK_001392,works perfectly highly recommend to everyone highly recommended,4,1
MOCK_001393,do not buy this it stopped working immediately would buy again,1,0
MOCK_001394,awful experience arrived damaged and customer support ignored me very pleased overall,2,0
MOCK_001395,fantastic build quality and great value for money not worth the price,4,1
MOCK_001396,love this item it has made my life so much easier very disappointing,5,1
MOCK_001397,returned it immediately total garbage a solid choice,2,0
MOCK_001398,incredible product customer service was excellent too highly recommended,5,1
MOCK_001399,best purchase i have made in a long time truly impressive would buy again,4,1
MOCK_001400,this product is absolutely amazing exactly what i needed very pleased overall,4,1
MOCK_001401,great quality and fast shipping very happy with this purchase not worth the price,4,1
MOCK_001402,very disappointed the quality is extremely poor very disappointing,2,0
MOCK_001403,do not buy this it stopped working immediately a solid choice,1,0
MOCK_001404,outstanding product five stars without hesitation highly recommended,4,1
MOCK_001405,fantastic build quality and great value for money would buy again,4,1
MOCK_001406,this product is a scam nothing works as advertised very pleased overall,2,0
MOCK_001407,returned it immediately total garbage not worth the price,1,0
MOCK_001408,incredible product customer service was excellent too very disappointing,5,1
MOCK_001409,misleading product photos looks nothing like what arrived a solid choice,2,0
MOCK_001410,this product is absolutely amazing exactly what i needed highly recommended,5,1
MOCK_001411,complete waste of money nothing like the description would buy again,2,0
MOCK_001412,works perfectly highly recommend to everyone very pleased overall,5,1
MOCK_001413,do not buy this it stopped working immediately not worth the price,2,0
MOCK_001414,outstanding product five stars without hesitation very disappointing,4,1
MOCK_001415,fantastic build quality and great value for money a solid choice,5,1
MOCK_001416,this product is a scam nothing works as advertised highly recommended,2,0
MOCK_001417,returned it immediately total garbage would buy again,2,0
MOCK_001418,incredible product customer service was excellent too very pleased overall,5,1
MOCK_001419,misleading product photos looks nothing like what arrived not worth the price,2,0
MOCK_001420,terrible product broke after just one week of use very disappointing,2,0
MOCK_001421,great quality and fast shipping very happy with this purchase a solid choice,4,1
MOCK_001422,very disappointed the quality is extremely poor highly recommended,1,0
MOCK_001423,exceeded my expectations will definitely buy again would buy again,4,1
MOCK_001424,awful experience arrived damaged and customer support ignored me very pleased overall,1,0
MOCK_001425,cheap materials and poorly made would not recommend not worth the price,1,0
MOCK_001426,this product is a scam nothing works as advertised very disappointing,1,0
MOCK_001427,perfect fit and exactly as described very satisfied a solid choice,4,1
MOCK_001428,incredible product customer service was excellent too highly recommended,5,1
MOCK_001429,best purchase i have made in a long time truly impressive would buy again,4,1
MOCK_001430,terrible product broke after just one week of use very pleased overall,2,0
MOCK_001431,great quality and fast shipping very happy with this purchase not worth the price,5,1
MOCK_001432,very disappointed the quality is extremely poor very disappointing,1,0
MOCK_001433,do not buy this it stopped working immediately a solid choice,1,0
MOCK_001434,outstanding product five stars without hesitation highly recommended,4,1
MOCK_001435,cheap materials and poorly made would not recommend would buy again,2,0
MOCK_001436,love this item it has made my life so much easier very pleased overall,4,1
MOCK_001437,returned it immediately total garbage not worth the price,2,0
MOCK_001438,incredible product customer service was excellent too very disappointing,5,1
MOCK_001439,best purchase i have made in a long time truly impressive a solid choice,5,1
MOCK_001440,terrible product broke after just one week of use highly recommended,1,0
MOCK_001441,great quality and fast shipping very happy with this purchase would buy again,4,1
MOCK_001442,very disappointed the quality is extremely poor very pleased overall,1,0
MOCK_001443,exceeded my expectations will definitely buy again not worth the price,4,1
MOCK_001444,awful experience arrived damaged and customer support ignored me very disappointing,1,0
MOCK_001445,cheap materials and poorly made would not recommend a solid choice,2,0
MOCK_001446,this product is a scam nothing works as advertised highly recommended,2,0
MOCK_001447,returned it immediately total garbage would buy again,2,0
MOCK_001448,incredible product customer service was excellent too very pleased overall,5,1
MOCK_001449,best purchase i have made in a long time truly impressive not worth the price,4,1
MOCK_001450,this product is absolutely amazing exactly what i needed very disappointing,5,1
MOCK_001451,great quality and fast shipping very happy with this purchase a solid choice,5,1
MOCK_001452,works perfectly highly recommend to everyone highly recommended,5,1
MOCK_001453,exceeded my expectations will definitely buy again would buy again,5,1
MOCK_001454,awful experience arrived damaged and customer support ignored me very pleased overall,1,0
MOCK_001455,cheap materials and poorly made would not recommend not worth the price,1,0
MOCK_001456,this product is a scam nothing works as advertised very disappointing,1,0
MOCK_001457,returned it immediately total garbage a solid choice,1,0
MOCK_001458,incredible product customer service was excellent too highly recommended,5,1
MOCK_001459,best purchase i have made in a long time truly impressive would buy again,4,1
MOCK_001460,terrible product broke after just one week of use very pleased overall,2,0
MOCK_001461,complete waste of money nothing like the description not worth the price,2,0
MOCK_001462,very disappointed the quality is extremely poor very disappointing,1,0
MOCK_001463,exceeded my expectations will definitely buy again a solid choice,4,1
MOCK_001464,awful experience arrived damaged and customer support ignored me highly recommended,2,0
MOCK_001465,cheap materials and poorly made would not recommend would buy again,2,0
MOCK_001466,this product is a scam nothing works as advertised very pleased overall,1,0
MOCK_001467,perfect fit and exactly as described very satisfied not worth the price,4,1
MOCK_001468,incredible product customer service was excellent too very disappointing,5,1
MOCK_001469,best purchase i have made in a long time truly impressive a solid choice,4,1
MOCK_001470,this product is absolutely amazing exactly what i needed highly recommended,5,1
MOCK_001471,great quality and fast shipping very happy with this purchase would buy again,4,1
MOCK_001472,works perfectly highly recommend to everyone very pleased overall,4,1
MOCK_001473,exceeded my expectations will definitely buy again not worth the price,4,1
MOCK_001474,outstanding product five stars without hesitation very disappointing,5,1
MOCK_001475,cheap materials and poorly made would not recommend a solid choice,2,0
MOCK_001476,love this item it has made my life so much easier highly recommended,4,1
MOCK_001477,returned it immediately total garbage would buy again,2,0
MOCK_001478,worst purchase ever falls apart after minimal use very pleased overall,1,0
MOCK_001479,best purchase i have made in a long time truly impressive not worth the price,4,1
MOCK_001480,this product is absolutely amazing exactly what i needed very disappointing,4,1
MOCK_001481,great quality and fast shipping very happy with this purchase a solid choice,4,1
MOCK_001482,works perfectly highly recommend to everyone highly recommended,5,1
MOCK_001483,do not buy this it stopped working immediately would buy again,1,0
MOCK_001484,outstanding product five stars without hesitation very pleased overall,5,1
MOCK_001485,fantastic build quality and great value for money not worth the price,4,1
MOCK_001486,love this item it has made my life so much easier very disappointing,5,1
MOCK_001487,returned it immediately total garbage a solid choice,1,0
MOCK_001488,worst purchase ever falls apart after minimal use highly recommended,2,0
MOCK_001489,misleading product photos looks nothing like what arrived would buy again,1,0
MOCK_001490,this product is absolutely amazing exactly what i needed very pleased overall,4,1
MOCK_001491,great quality and fast shipping very happy with this purchase not worth the price,5,1
MOCK_001492,works perfectly highly recommend to everyone very disappointing,5,1
MOCK_001493,exceeded my expectations will definitely buy again a solid choice,5,1
MOCK_001494,outstanding product five stars without hesitation highly recommended,4,1
MOCK_001495,cheap materials and poorly made would not recommend would buy again,2,0
MOCK_001496,this product is a scam nothing works as advertised very pleased overall,2,0
MOCK_001497,perfect fit and exactly as described very satisfied not worth the price,5,1
MOCK_001498,worst purchase ever falls apart after minimal use very disappointing,1,0
MOCK_001499,misleading product photos looks nothing like what arrived a solid choice,2,0
MOCK_001500,this product is absolutely amazing exactly what i needed highly recommended,5,1
MOCK_001501,great quality and fast shipping very happy with this purchase would buy again,5,1
MOCK_001502,works perfectly highly recommend to everyone very pleased overall,4,1
MOCK_001503,exceeded my expectations will definitely buy again not worth the price,4,1
MOCK_001504,outstanding product five stars without hesitation very disappointing,5,1
MOCK_001505,cheap materials and poorly made would not recommend a solid choice,2,0
MOCK_001506,this product is a scam nothing works as advertised highly recommended,2,0
MOCK_001507,returned it immediately total garbage would buy again,1,0
MOCK_001508,incredible product customer service was excellent too very pleased overall,4,1
MOCK_001509,best purchase i have made in a long time truly impressive not worth the price,5,1
MOCK_001510,terrible product broke after just one week of use very disappointing,1,0
MOCK_001511,complete waste of money nothing like the description a solid choice,1,0
MOCK_001512,very disappointed the quality is extremely poor highly recommended,2,0
MOCK_001513,do not buy this it stopped working immediately would buy again,2,0
MOCK_001514,awful experience arrived damaged and customer support ignored me very pleased overall,2,0
MOCK_001515,fantastic build quality and great value for money not worth the price,4,1
MOCK_001516,love this item it has made my life so much easier very disappointing,4,1
MOCK_001517,returned it immediately total garbage a solid choice,2,0
MOCK_001518,incredible product customer service was excellent too highly recommended,4,1
MOCK_001519,misleading product photos looks nothing like what arrived would buy again,1,0
MOCK_001520,terrible product broke after just one week of use very pleased overall,1,0
MOCK_001521,complete waste of money nothing like the description not worth the price,2,0
MOCK_001522,very disappointed the quality is extremely poor very disappointing,2,0
MOCK_001523,exceeded my expectations will definitely buy again a solid choice,5,1
MOCK_001524,awful experience arrived damaged and customer support ignored me highly recommended,2,0
MOCK_001525,fantastic build quality and great value for money would buy again,4,1
MOCK_001526,love this item it has made my life so much easier very pleased overall,4,1
MOCK_001527,perfect fit and exactly as described very satisfied not worth the price,4,1
MOCK_001528,incredible product customer service was excellent too very disappointing,4,1
MOCK_001529,misleading product photos looks nothing like what arrived a solid choice,1,0
MOCK_001530,terrible product broke after just one week of use highly recommended,1,0
MOCK_001531,complete waste of money nothing like the description would buy again,1,0
MOCK_001532,works perfectly highly recommend to everyone very pleased overall,5,1
MOCK_001533,exceeded my expectations will definitely buy again not worth the price,5,1
MOCK_001534,awful experience arrived damaged and customer support ignored me very disappointing,1,0
MOCK_001535,cheap materials and poorly made would not recommend a solid choice,1,0
MOCK_001536,this product is a scam nothing works as advertised highly recommended,2,0
MOCK_001537,perfect fit and exactly as described very satisfied would buy again,5,1
MOCK_001538,worst purchase ever falls apart after minimal use very pleased overall,2,0
MOCK_001539,misleading product photos looks nothing like what arrived not worth the price,1,0
MOCK_001540,terrible product broke after just one week of use very disappointing,2,0
MOCK_001541,complete waste of money nothing like the description a solid choice,1,0
MOCK_001542,very disappointed the quality is extremely poor highly recommended,1,0
MOCK_001543,do not buy this it stopped working immediately would buy again,1,0
MOCK_001544,awful experience arrived damaged and customer support ignored me very pleased overall,1,0
MOCK_001545,cheap materials and poorly made would not recommend not worth the price,1,0
MOCK_001546,love this item it has made my life so much easier very disappointing,4,1
MOCK_001547,perfect fit and exactly as described very satisfied a solid choice,5,1
MOCK_001548,worst purchase ever falls apart after minimal use highly recommended,1,0
MOCK_001549,misleading product photos looks nothing like what arrived would buy again,1,0
MOCK_001550,terrible product broke after just one week of use very pleased overall,1,0
MOCK_001551,complete waste of money nothing like the description not worth the price,1,0
MOCK_001552,works perfectly highly recommend to everyone very disappointing,4,1
MOCK_001553,exceeded my expectations will definitely buy again a solid choice,4,1
MOCK_001554,outstanding product five stars without hesitation highly recommended,4,1
MOCK_001555,fantastic build quality and great value for money would buy again,5,1
MOCK_001556,this product is a scam nothing works as advertised very pleased overall,2,0
MOCK_001557,returned it immediately total garbage not worth the price,1,0
MOCK_001558,incredible product customer service was excellent too very disappointing,5,1
MOCK_001559,misleading product photos looks nothing like what arrived a solid choice,2,0
MOCK_001560,this product is absolutely amazing exactly what i needed highly recommended,5,1
MOCK_001561,complete waste of money nothing like the description would buy again,2,0
MOCK_001562,very disappointed the quality is extremely poor very pleased overall,2,0
MOCK_001563,exceeded my expectations will definitely buy again not worth the price,5,1
MOCK_001564,outstanding product five stars without hesitation very disappointing,5,1
MOCK_001565,cheap materials and poorly made would not recommend a solid choice,1,0
MOCK_001566,love this item it has made my life so much easier highly recommended,4,1
MOCK_001567,perfect fit and exactly as described very satisfied would buy again,4,1
MOCK_001568,incredible product customer service was excellent too very pleased overall,4,1
MOCK_001569,misleading product photos looks nothing like what arrived not worth the price,1,0
MOCK_001570,terrible product broke after just one week of use very disappointing,1,0
MOCK_001571,complete waste of money nothing like the description a solid choice,2,0
MOCK_001572,works perfectly highly recommend to everyone highly recommended,5,1
MOCK_001573,exceeded my expectations will definitely buy again would buy again,5,1
MOCK_001574,outstanding product five stars without hesitation very pleased overall,4,1
MOCK_001575,fantastic build quality and great value for money not worth the price,4,1
MOCK_001576,this product is a scam nothing works as advertised very disappointing,2,0
MOCK_001577,returned it immediately total garbage a solid choice,2,0
MOCK_001578,incredible product customer service was excellent too highly recommended,5,1
MOCK_001579,best purchase i have made in a long time truly impressive would buy again,5,1
MOCK_001580,terrible product broke after just one week of use very pleased overall,2,0
MOCK_001581,complete waste of money nothing like the description not worth the price,1,0
MOCK_001582,very disappointed the quality is extremely poor very disappointing,1,0
MOCK_001583,exceeded my expectations will definitely buy again a solid choice,4,1
MOCK_001584,outstanding product five stars without hesitation highly recommended,5,1
MOCK_001585,fantastic build quality and great value for money would buy again,5,1
MOCK_001586,this product is a scam nothing works as advertised very pleased overall,1,0
MOCK_001587,perfect fit and exactly as described very satisfied not worth the price,5,1
MOCK_001588,incredible product customer service was excellent too very disappointing,4,1
MOCK_001589,misleading product photos looks nothing like what arrived a solid choice,1,0
MOCK_001590,terrible product broke after just one week of use highly recommended,1,0
MOCK_001591,great quality and fast shipping very happy with this purchase would buy again,4,1
MOCK_001592,works perfectly highly recommend to everyone very pleased overall,5,1
MOCK_001593,exceeded my expectations will definitely buy again not worth the price,4,1
MOCK_001594,awful experience arrived damaged and customer support ignored me very disappointing,2,0
MOCK_001595,cheap materials and poorly made would not recommend a solid choice,2,0
MOCK_001596,love this item it has made my life so much easier highly recommended,4,1
MOCK_001597,perfect fit and exactly as described very satisfied would buy again,4,1
MOCK_001598,worst purchase ever falls apart after minimal use very pleased overall,2,0
MOCK_001599,best purchase i have made in a long time truly impressive not worth the price,4,1
MOCK_001600,this product is absolutely amazing exactly what i needed very disappointing,5,1
MOCK_001601,great quality and fast shipping very happy with this purchase a solid choice,4,1
MOCK_001602,very disappointed the quality is extremely poor highly recommended,2,0
MOCK_001603,exceeded my expectations will definitely buy again would buy again,5,1
MOCK_001604,awful experience arrived damaged and customer support ignored me very pleased overall,1,0
MOCK_001605,fantastic build quality and great value for money not worth the price,4,1
MOCK_001606,this product is a scam nothing works as advertised very disappointing,2,0
MOCK_001607,perfect fit and exactly as described very satisfied a solid choice,4,1
MOCK_001608,worst purchase ever falls apart after minimal use highly recommended,1,0
MOCK_001609,best purchase i have made in a long time truly impressive would buy again,4,1
MOCK_001610,this product is absolutely amazing exactly what i needed very pleased overall,4,1
MOCK_001611,great quality and fast shipping very happy with this purchase not worth the price,5,1
MOCK_001612,works perfectly highly recommend to everyone very disappointing,5,1
MOCK_001613,exceeded my expectations will definitely buy again a solid choice,4,1
MOCK_001614,outstanding product five stars without hesitation highly recommended,5,1
MOCK_001615,fantastic build quality and great value for money would buy again,4,1
MOCK_001616,love this item it has made my life so much easier very pleased overall,4,1
MOCK_001617,perfect fit and exactly as described very satisfied not worth the price,5,1
MOCK_001618,worst purchase ever falls apart after minimal use very disappointing,2,0
MOCK_001619,best purchase i have made in a long time truly impressive a solid choice,4,1
MOCK_001620,terrible product broke after just one week of use highly recommended,1,0
MOCK_001621,great quality and fast shipping very happy with this purchase would buy again,5,1
MOCK_001622,works perfectly highly recommend to everyone very pleased overall,5,1
MOCK_001623,exceeded my expectations will definitely buy again not worth the price,4,1
MOCK_001624,awful experience arrived damaged and customer support ignored me very disappointing,1,0
MOCK_001625,cheap materials and poorly made would not recommend a solid choice,2,0
MOCK_001626,this product is a scam nothing works as advertised highly recommended,1,0
MOCK_001627,returned it immediately total garbage would buy again,1,0
MOCK_001628,worst purchase ever falls apart after minimal use very pleased overall,1,0
MOCK_001629,best purchase i have made in a long time truly impressive not worth the price,4,1
MOCK_001630,terrible product broke after just one week of use very disappointing,1,0
MOCK_001631,great quality and fast shipping very happy with this purchase a solid choice,5,1
MOCK_001632,works perfectly highly recommend to everyone highly recommended,5,1
MOCK_001633,exceeded my expectations will definitely buy again would buy again,5,1
MOCK_001634,awful experience arrived damaged and customer support ignored me very pleased overall,2,0
MOCK_001635,cheap materials and poorly made would not recommend not worth the price,1,0
MOCK_001636,love this item it has made my life so much easier very disappointing,4,1
MOCK_001637,returned it immediately total garbage a solid choice,2,0
MOCK_001638,worst purchase ever falls apart after minimal use highly recommended,1,0
MOCK_001639,best purchase i have made in a long time truly impressive would buy again,5,1
MOCK_001640,terrible product broke after just one week of use very pleased overall,2,0
MOCK_001641,great quality and fast shipping very happy with this purchase not worth the price,4,1
MOCK_001642,very disappointed the quality is extremely poor very disappointing,1,0
MOCK_001643,do not buy this it stopped working immediately a solid choice,1,0
MOCK_001644,awful experience arrived damaged and customer support ignored me highly recommended,1,0
MOCK_001645,cheap materials and poorly made would not recommend would buy again,1,0
MOCK_001646,this product is a scam nothing works as advertised very pleased overall,1,0
MOCK_001647,returned it immediately total garbage not worth the price,2,0
MOCK_001648,worst purchase ever falls apart after minimal use very disappointing,2,0
MOCK_001649,best purchase i have made in a long time truly impressive a solid choice,5,1
MOCK_001650,this product is absolutely amazing exactly what i needed highly recommended,4,1
MOCK_001651,great quality and fast shipping very happy with this purchase would buy again,4,1
MOCK_001652,very disappointed the quality is extremely poor very pleased overall,1,0
MOCK_001653,do not buy this it stopped working immediately not worth the price,1,0
MOCK_001654,awful experience arrived damaged and customer support ignored me very disappointing,2,0
MOCK_001655,fantastic build quality and great value for money a solid choice,4,1
MOCK_001656,love this item it has made my life so much easier highly recommended,4,1
MOCK_001657,returned it immediately total garbage would buy again,2,0
MOCK_001658,incredible product customer service was excellent too very pleased overall,4,1
MOCK_001659,misleading product photos looks nothing like what arrived not worth the price,1,0
MOCK_001660,terrible product broke after just one week of use very disappointing,1,0
MOCK_001661,great quality and fast shipping very happy with this purchase a solid choice,5,1
MOCK_001662,very disappointed the quality is extremely poor highly recommended,2,0
MOCK_001663,do not buy this it stopped working immediately would buy again,1,0
MOCK_001664,awful experience arrived damaged and customer support ignored me very pleased overall,2,0
MOCK_001665,fantastic build quality and great value for money not worth the price,5,1
MOCK_001666,this product is a scam nothing works as advertised very disappointing,2,0
MOCK_001667,returned it immediately total garbage a solid choice,1,0
MOCK_001668,incredible product customer service was excellent too highly recommended,4,1
MOCK_001669,best purchase i have made in a long time truly impressive would buy again,5,1
MOCK_001670,this product is absolutely amazing exactly what i needed very pleased overall,4,1
MOCK_001671,complete waste of money nothing like the description not worth the price,2,0
MOCK_001672,works perfectly highly recommend to everyone very disappointing,5,1
MOCK_001673,exceeded my expectations will definitely buy again a solid choice,4,1
MOCK_001674,awful experience arrived damaged and customer support ignored me highly recommended,2,0
MOCK_001675,cheap materials and poorly made would not recommend would buy again,2,0
MOCK_001676,this product is a scam nothing works as advertised very pleased overall,2,0
MOCK_001677,perfect fit and exactly as described very satisfied not worth the price,4,1
MOCK_001678,worst purchase ever falls apart after minimal use very disappointing,2,0
MOCK_001679,misleading product photos looks nothing like what arrived a solid choice,2,0
MOCK_001680,this product is absolutely amazing exactly what i needed highly recommended,5,1
MOCK_001681,complete waste of money nothing like the description would buy again,2,0
MOCK_001682,very disappointed the quality is extremely poor very pleased overall,2,0
MOCK_001683,exceeded my expectations will definitely buy again not worth the price,4,1
MOCK_001684,awful experience arrived damaged and customer support ignored me very disappointing,1,0
MOCK_001685,fantastic build quality and great value for money a solid choice,4,1
MOCK_001686,this product is a scam nothing works as advertised highly recommended,2,0
MOCK_001687,perfect fit and exactly as described very satisfied would buy again,5,1
MOCK_001688,incredible product customer service was excellent too very pleased overall,5,1
MOCK_001689,best purchase i have made in a long time truly impressive not worth the price,4,1
MOCK_001690,this product is absolutely amazing exactly what i needed very disappointing,5,1
MOCK_001691,great quality and fast shipping very happy with this purchase a solid choice,5,1
MOCK_001692,works perfectly highly recommend to everyone highly recommended,4,1
MOCK_001693,exceeded my expectations will definitely buy again would buy again,5,1
MOCK_001694,awful experience arrived damaged and customer support ignored me very pleased overall,2,0
MOCK_001695,cheap materials and poorly made would not recommend not worth the price,2,0
MOCK_001696,love this item it has made my life so much easier very disappointing,4,1
MOCK_001697,returned it immediately total garbage a solid choice,2,0
MOCK_001698,worst purchase ever falls apart after minimal use highly recommended,2,0
MOCK_001699,misleading product photos looks nothing like what arrived would buy again,2,0
MOCK_001700,this product is absolutely amazing exactly what i needed very pleased overall,5,1
MOCK_001701,complete waste of money nothing like the description not worth the price,2,0
MOCK_001702,very disappointed the quality is extremely poor very disappointing,1,0
MOCK_001703,do not buy this it stopped working immediately a solid choice,2,0
MOCK_001704,outstanding product five stars without hesitation highly recommended,4,1
MOCK_001705,cheap materials and poorly made would not recommend would buy again,2,0
MOCK_001706,this product is a scam nothing works as advertised very pleased overall,1,0
MOCK_001707,perfect fit and exactly as described very satisfied not worth the price,4,1
MOCK_001708,incredible product customer service was excellent too very disappointing,5,1
MOCK_001709,misleading product photos looks nothing like what arrived a solid choice,1,0
MOCK_001710,this product is absolutely amazing exactly what i needed highly recommended,5,1
MOCK_001711,great quality and fast shipping very happy with this purchase would buy again,4,1
MOCK_001712,works perfectly highly recommend to everyone very pleased overall,5,1
MOCK_001713,do not buy this it stopped working immediately not worth the price,2,0
MOCK_001714,outstanding product five stars without hesitation very disappointing,4,1
MOCK_001715,cheap materials and poorly made would not recommend a solid choice,2,0
MOCK_001716,this product is a scam nothing works as advertised highly recommended,1,0
MOCK_001717,returned it immediately total garbage would buy again,2,0
MOCK_001718,worst purchase ever falls apart after minimal use very pleased overall,2,0
MOCK_001719,best purchase i have made in a long time truly impressive not worth the price,5,1
MOCK_001720,this product is absolutely amazing exactly what i needed very disappointing,4,1
MOCK_001721,complete waste of money nothing like the description a solid choice,1,0
MOCK_001722,works perfectly highly recommend to everyone highly recommended,5,1
MOCK_001723,do not buy this it stopped working immediately would buy again,2,0
MOCK_001724,outstanding product five stars without hesitation very pleased overall,4,1
MOCK_001725,cheap materials and poorly made would not recommend not worth the price,1,0
MOCK_001726,this product is a scam nothing works as advertised very disappointing,1,0
MOCK_001727,perfect fit and exactly as described very satisfied a solid choice,5,1
MOCK_001728,incredible product customer service was excellent too highly recommended,4,1
MOCK_001729,best purchase i have made in a long time truly impressive would buy again,4,1
MOCK_001730,terrible product broke after just one week of use very pleased overall,2,0
MOCK_001731,great quality and fast shipping very happy with this purchase not worth the price,4,1
MOCK_001732,very disappointed the quality is extremely poor very disappointing,2,0
MOCK_001733,exceeded my expectations will definitely buy again a solid choice,4,1
MOCK_001734,outstanding product five stars without hesitation highly recommended,5,1
MOCK_001735,cheap materials and poorly made would not recommend would buy again,2,0
MOCK_001736,love this item it has made my life so much easier very pleased overall,5,1
MOCK_001737,returned it immediately total garbage not worth the price,1,0
MOCK_001738,incredible product customer service was excellent too very disappointing,5,1
MOCK_001739,misleading product photos looks nothing like what arrived a solid choice,2,0
MOCK_001740,this product is absolutely amazing exactly what i needed highly recommended,4,1
MOCK_001741,great quality and fast shipping very happy with this purchase would buy again,4,1
MOCK_001742,very disappointed the quality is extremely poor very pleased overall,1,0
MOCK_001743,do not buy this it stopped working immediately not worth the price,2,0
MOCK_001744,awful experience arrived damaged and customer support ignored me very disappointing,2,0
MOCK_001745,cheap materials and poorly made would not recommend a solid choice,2,0
MOCK_001746,this product is a scam nothing works as advertised highly recommended,2,0
MOCK_001747,perfect fit and exactly as described very satisfied would buy again,5,1
MOCK_001748,worst purchase ever falls apart after minimal use very pleased overall,1,0
MOCK_001749,misleading product photos looks nothing like what arrived not worth the price,1,0
MOCK_001750,terrible product broke after just one week of use very disappointing,2,0
MOCK_001751,complete waste of money nothing like the description a solid choice,1,0
MOCK_001752,very disappointed the quality is extremely poor highly recommended,2,0
MOCK_001753,exceeded my expectations will definitely buy again would buy again,5,1
MOCK_001754,awful experience arrived damaged and customer support ignored me very pleased overall,1,0
MOCK_001755,fantastic build quality and great value for money not worth the price,5,1
MOCK_001756,this product is a scam nothing works as advertised very disappointing,1,0
MOCK_001757,returned it immediately total garbage a solid choice,2,0
MOCK_001758,worst purchase ever falls apart after minimal use highly recommended,2,0
MOCK_001759,best purchase i have made in a long time truly impressive would buy again,5,1
MOCK_001760,this product is absolutely amazing exactly what i needed very pleased overall,4,1
MOCK_001761,great quality and fast shipping very happy with this purchase not worth the price,4,1
MOCK_001762,very disappointed the quality is extremely poor very disappointing,1,0
MOCK_001763,do not buy this it stopped working immediately a solid choice,1,0
MOCK_001764,awful experience arrived damaged and customer support ignored me highly recommended,1,0
MOCK_001765,cheap materials and poorly made would not recommend would buy again,1,0
MOCK_001766,this product is a scam nothing works as advertised very pleased overall,2,0
MOCK_001767,returned it immediately total garbage not worth the price,1,0
MOCK_001768,worst purchase ever falls apart after minimal use very disappointing,1,0
MOCK_001769,best purchase i have made in a long time truly impressive a solid choice,5,1
MOCK_001770,this product is absolutely amazing exactly what i needed highly recommended,5,1
MOCK_001771,complete waste of money nothing like the description would buy again,2,0
MOCK_001772,very disappointed the quality is extremely poor very pleased overall,2,0
MOCK_001773,do not buy this it stopped working immediately not worth the price,2,0
MOCK_001774,awful experience arrived damaged and customer support ignored me very disappointing,2,0
MOCK_001775,cheap materials and poorly made would not recommend a solid choice,2,0
MOCK_001776,love this item it has made my life so much easier highly recommended,5,1
MOCK_001777,returned it immediately total garbage would buy again,1,0
MOCK_001778,incredible product customer service was excellent too very pleased overall,4,1
MOCK_001779,misleading product photos looks nothing like what arrived not worth the price,1,0
MOCK_001780,terrible product broke after just one week of use very disappointing,1,0
MOCK_001781,complete waste of money nothing like the description a solid choice,2,0
MOCK_001782,works perfectly highly recommend to everyone highly recommended,4,1
MOCK_001783,do not buy this it stopped working immediately would buy again,1,0
MOCK_001784,outstanding product five stars without hesitation very pleased overall,4,1
MOCK_001785,fantastic build quality and great value for money not worth the price,5,1
MOCK_001786,love this item it has made my life so much easier very disappointing,4,1
MOCK_001787,perfect fit and exactly as described very satisfied a solid choice,5,1
MOCK_001788,incredible product customer service was excellent too highly recommended,5,1
MOCK_001789,best purchase i have made in a long time truly impressive would buy again,4,1
MOCK_001790,this product is absolutely amazing exactly what i needed very pleased overall,5,1
MOCK_001791,complete waste of money nothing like the description not worth the price,1,0
MOCK_001792,works perfectly highly recommend to everyone very disappointing,4,1
MOCK_001793,do not buy this it stopped working immediately a solid choice,2,0
MOCK_001794,outstanding product five stars without hesitation highly recommended,5,1
MOCK_001795,cheap materials and poorly made would not recommend would buy again,1,0
MOCK_001796,love this item it has made my life so much easier very pleased overall,5,1
MOCK_001797,returned it immediately total garbage not worth the price,1,0
MOCK_001798,worst purchase ever falls apart after minimal use very disappointing,2,0
MOCK_001799,misleading product photos looks nothing like what arrived a solid choice,2,0
MOCK_001800,terrible product broke after just one week of use highly recommended,2,0
MOCK_001801,complete waste of money nothing like the description would buy again,2,0
MOCK_001802,works perfectly highly recommend to everyone very pleased overall,4,1
MOCK_001803,do not buy this it stopped working immediately not worth the price,2,0
MOCK_001804,outstanding product five stars without hesitation very disappointing,5,1
MOCK_001805,fantastic build quality and great value for money a solid choice,5,1
MOCK_001806,love this item it has made my life so much easier highly recommended,4,1
MOCK_001807,perfect fit and exactly as described very satisfied would buy again,4,1
MOCK_001808,worst purchase ever falls apart after minimal use very pleased overall,1,0
MOCK_001809,misleading product photos looks nothing like what arrived not worth the price,1,0
MOCK_001810,this product is absolutely amazing exactly what i needed very disappointing,4,1
MOCK_001811,complete waste of money nothing like the description a solid choice,1,0
MOCK_001812,works perfectly highly recommend to everyone highly recommended,5,1
MOCK_001813,exceeded my expectations will definitely buy again would buy again,4,1
MOCK_001814,outstanding product five stars without hesitation very pleased overall,5,1
MOCK_001815,cheap materials and poorly made would not recommend not worth the price,2,0
MOCK_001816,this product is a scam nothing works as advertised very disappointing,2,0
MOCK_001817,perfect fit and exactly as described very satisfied a solid choice,4,1
MOCK_001818,incredible product customer service was excellent too highly recommended,4,1
MOCK_001819,misleading product photos looks nothing like what arrived would buy again,2,0
MOCK_001820,this product is absolutely amazing exactly what i needed very pleased overall,5,1
MOCK_001821,great quality and fast shipping very happy with this purchase not worth the price,4,1
MOCK_001822,works perfectly highly recommend to everyone very disappointing,5,1
MOCK_001823,exceeded my expectations will definitely buy again a solid choice,5,1
MOCK_001824,outstanding product five stars without hesitation highly recommended,5,1
MOCK_001825,cheap materials and poorly made would not recommend would buy again,1,0
MOCK_001826,this product is a scam nothing works as advertised very pleased overall,2,0
MOCK_001827,perfect fit and exactly as described very satisfied not worth the price,4,1
MOCK_001828,incredible product customer service was excellent too very disappointing,5,1
MOCK_001829,misleading product photos looks nothing like what arrived a solid choice,1,0
MOCK_001830,this product is absolutely amazing exactly what i needed highly recommended,4,1
MOCK_001831,great quality and fast shipping very happy with this purchase would buy again,5,1
MOCK_001832,works perfectly highly recommend to everyone very pleased overall,4,1
MOCK_001833,exceeded my expectations will definitely buy again not worth the price,4,1
MOCK_001834,awful experience arrived damaged and customer support ignored me very disappointing,1,0
MOCK_001835,cheap materials and poorly made would not recommend a solid choice,1,0
MOCK_001836,love this item it has made my life so much easier highly recommended,4,1
MOCK_001837,perfect fit and exactly as described very satisfied would buy again,4,1
MOCK_001838,worst purchase ever falls apart after minimal use very pleased overall,2,0
MOCK_001839,best purchase i have made in a long time truly impressive not worth the price,5,1
MOCK_001840,this product is absolutely amazing exactly what i needed very disappointing,4,1
MOCK_001841,complete waste of money nothing like the description a solid choice,2,0
MOCK_001842,works perfectly highly recommend to everyone highly recommended,4,1
MOCK_001843,do not buy this it stopped working immediately would buy again,2,0
MOCK_001844,outstanding product five stars without hesitation very pleased overall,4,1
MOCK_001845,cheap materials and poorly made would not recommend not worth the price,2,0
MOCK_001846,this product is a scam nothing works as advertised very disappointing,1,0
MOCK_001847,returned it immediately total garbage a solid choice,2,0
MOCK_001848,worst purchase ever falls apart after minimal use highly recommended,1,0
MOCK_001849,misleading product photos looks nothing like what arrived would buy again,2,0
MOCK_001850,terrible product broke after just one week of use very pleased overall,1,0
MOCK_001851,complete waste of money nothing like the description not worth the price,2,0
MOCK_001852,works perfectly highly recommend to everyone very disappointing,5,1
MOCK_001853,do not buy this it stopped working immediately a solid choice,2,0
MOCK_001854,awful experience arrived damaged and customer support ignored me highly recommended,2,0
MOCK_001855,cheap materials and poorly made would not recommend would buy again,2,0
MOCK_001856,love this item it has made my life so much easier very pleased overall,4,1
MOCK_001857,perfect fit and exactly as described very satisfied not worth the price,4,1
MOCK_001858,worst purchase ever falls apart after minimal use very disappointing,1,0
MOCK_001859,best purchase i have made in a long time truly impressive a solid choice,4,1
MOCK_001860,this product is absolutely amazing exactly what i needed highly recommended,5,1
MOCK_001861,great quality and fast shipping very happy with this purchase would buy again,5,1
MOCK_001862,very disappointed the quality is extremely poor very pleased overall,2,0
MOCK_001863,do not buy this it stopped working immediately not worth the price,2,0
MOCK_001864,awful experience arrived damaged and customer support ignored me very disappointing,2,0
MOCK_001865,fantastic build quality and great value for money a solid choice,5,1
MOCK_001866,this product is a scam nothing works as advertised highly recommended,2,0
MOCK_001867,returned it immediately total garbage would buy again,1,0
MOCK_001868,worst purchase ever falls apart after minimal use very pleased overall,2,0
MOCK_001869,best purchase i have made in a long time truly impressive not worth the price,5,1
MOCK_001870,terrible product broke after just one week of use very disappointing,1,0
MOCK_001871,great quality and fast shipping very happy with this purchase a solid choice,4,1
MOCK_001872,very disappointed the quality is extremely poor highly recommended,2,0
MOCK_001873,do not buy this it stopped working immediately would buy again,2,0
MOCK_001874,outstanding product five stars without hesitation very pleased overall,5,1
MOCK_001875,fantastic build quality and great value for money not worth the price,5,1
MOCK_001876,love this item it has made my life so much easier very disappointing,4,1
MOCK_001877,returned it immediately total garbage a solid choice,1,0
MOCK_001878,incredible product customer service was excellent too highly recommended,5,1
MOCK_001879,misleading product photos looks nothing like what arrived would buy again,2,0
MOCK_001880,terrible product broke after just one week of use very pleased overall,2,0
MOCK_001881,great quality and fast shipping very happy with this purchase not worth the price,5,1
MOCK_001882,very disappointed the quality is extremely poor very disappointing,1,0
MOCK_001883,exceeded my expectations will definitely buy again a solid choice,5,1
MOCK_001884,outstanding product five stars without hesitation highly recommended,4,1
MOCK_001885,cheap materials and poorly made would not recommend would buy again,1,0
MOCK_001886,love this item it has made my life so much easier very pleased overall,4,1
MOCK_001887,returned it immediately total garbage not worth the price,1,0
MOCK_001888,incredible product customer service was excellent too very disappointing,5,1
MOCK_001889,best purchase i have made in a long time truly impressive a solid choice,4,1
MOCK_001890,terrible product broke after just one week of use highly recommended,1,0
MOCK_001891,complete waste of money nothing like the description would buy again,2,0
MOCK_001892,works perfectly highly recommend to everyone very pleased overall,5,1
MOCK_001893,do not buy this it stopped working immediately not worth the price,1,0
MOCK_001894,outstanding product five stars without hesitation very disappointing,4,1
MOCK_001895,cheap materials and poorly made would not recommend a solid choice,1,0
MOCK_001896,this product is a scam nothing works as advertised highly recommended,2,0
MOCK_001897,perfect fit and exactly as described very satisfied would buy again,4,1
MOCK_001898,incredible product customer service was excellent too very pleased overall,4,1
MOCK_001899,misleading product photos looks nothing like what arrived not worth the price,1,0
MOCK_001900,this product is absolutely amazing exactly what i needed very disappointing,5,1
MOCK_001901,great quality and fast shipping very happy with this purchase a solid choice,4,1
MOCK_001902,very disappointed the quality is extremely poor highly recommended,2,0
MOCK_001903,do not buy this it stopped working immediately would buy again,1,0
MOCK_001904,outstanding product five stars without hesitation very pleased overall,5,1
MOCK_001905,cheap materials and poorly made would not recommend not worth the price,1,0
MOCK_001906,love this item it has made my life so much easier very disappointing,4,1
MOCK_001907,returned it immediately total garbage a solid choice,1,0
MOCK_001908,worst purchase ever falls apart after minimal use highly recommended,2,0
MOCK_001909,best purchase i have made in a long time truly impressive would buy again,5,1
MOCK_001910,terrible product broke after just one week of use very pleased overall,1,0
MOCK_001911,great quality and fast shipping very happy with this purchase not worth the price,4,1
MOCK_001912,works perfectly highly recommend to everyone very disappointing,5,1
MOCK_001913,do not buy this it stopped working immediately a solid choice,2,0
MOCK_001914,outstanding product five stars without hesitation highly recommended,4,1
MOCK_001915,fantastic build quality and great value for money would buy again,4,1
MOCK_001916,love this item it has made my life so much easier very pleased overall,5,1
MOCK_001917,returned it immediately total garbage not worth the price,2,0
MOCK_001918,worst purchase ever falls apart after minimal use very disappointing,2,0
MOCK_001919,best purchase i have made in a long time truly impressive a solid choice,5,1
MOCK_001920,this product is absolutely amazing exactly what i needed highly recommended,4,1
MOCK_001921,great quality and fast shipping very happy with this purchase would buy again,4,1
MOCK_001922,works perfectly highly recommend to everyone very pleased overall,4,1
MOCK_001923,exceeded my expectations will definitely buy again not worth the price,4,1
MOCK_001924,outstanding product five stars without hesitation very disappointing,4,1
MOCK_001925,fantastic build quality and great value for money a solid choice,4,1
MOCK_001926,this product is a scam nothing works as advertised highly recommended,1,0
MOCK_001927,returned it immediately total garbage would buy again,2,0
MOCK_001928,worst purchase ever falls apart after minimal use very pleased overall,1,0
MOCK_001929,misleading product photos looks nothing like what arrived not worth the price,1,0
MOCK_001930,this product is absolutely amazing exactly what i needed very disappointing,5,1
MOCK_001931,complete waste of money nothing like the description a solid choice,2,0
MOCK_001932,works perfectly highly recommend to everyone highly recommended,5,1
MOCK_001933,exceeded my expectations will definitely buy again would buy again,5,1
MOCK_001934,awful experience arrived damaged and customer support ignored me very pleased overall,2,0
MOCK_001935,cheap materials and poorly made would not recommend not worth the price,1,0
MOCK_001936,love this item it has made my life so much easier very disappointing,4,1
MOCK_001937,perfect fit and exactly as described very satisfied a solid choice,5,1
MOCK_001938,incredible product customer service was excellent too highly recommended,4,1
MOCK_001939,misleading product photos looks nothing like what arrived would buy again,1,0
MOCK_001940,this product is absolutely amazing exactly what i needed very pleased overall,4,1
MOCK_001941,great quality and fast shipping very happy with this purchase not worth the price,4,1
MOCK_001942,very disappointed the quality is extremely poor very disappointing,1,0
MOCK_001943,do not buy this it stopped working immediately a solid choice,1,0
MOCK_001944,awful experience arrived damaged and customer support ignored me highly recommended,2,0
MOCK_001945,fantastic build quality and great value for money would buy again,5,1
MOCK_001946,this product is a scam nothing works as advertised very pleased overall,1,0
MOCK_001947,perfect fit and exactly as described very satisfied not worth the price,5,1
MOCK_001948,incredible product customer service was excellent too very disappointing,4,1
MOCK_001949,misleading product photos looks nothing like what arrived a solid choice,2,0
MOCK_001950,this product is absolutely amazing exactly what i needed highly recommended,5,1
MOCK_001951,great quality and fast shipping very happy with this purchase would buy again,4,1
MOCK_001952,works perfectly highly recommend to everyone very pleased overall,5,1
MOCK_001953,exceeded my expectations will definitely buy again not worth the price,5,1
MOCK_001954,awful experience arrived damaged and customer support ignored me very disappointing,2,0
MOCK_001955,cheap materials and poorly made would not recommend a solid choice,2,0
MOCK_001956,this product is a scam nothing works as advertised highly recommended,2,0
MOCK_001957,perfect fit and exactly as described very satisfied would buy again,4,1
MOCK_001958,worst purchase ever falls apart after minimal use very pleased overall,2,0
MOCK_001959,misleading product photos looks nothing like what arrived not worth the price,2,0
MOCK_001960,this product is absolutely amazing exactly what i needed very disappointing,5,1
MOCK_001961,complete waste of money nothing like the description a solid choice,1,0
MOCK_001962,works perfectly highly recommend to everyone highly recommended,5,1
MOCK_001963,exceeded my expectations will definitely buy again would buy again,4,1
MOCK_001964,outstanding product five stars without hesitation very pleased overall,5,1
MOCK_001965,fantastic build quality and great value for money not worth the price,4,1
MOCK_001966,love this item it has made my life so much easier very disappointing,5,1
MOCK_001967,returned it immediately total garbage a solid choice,2,0
MOCK_001968,incredible product customer service was excellent too highly recommended,4,1
MOCK_001969,best purchase i have made in a long time truly impressive would buy again,5,1
MOCK_001970,this product is absolutely amazing exactly what i needed very pleased overall,4,1
MOCK_001971,great quality and fast shipping very happy with this purchase not worth the price,5,1
MOCK_001972,very disappointed the quality is extremely poor very disappointing,2,0
MOCK_001973,do not buy this it stopped working immediately a solid choice,1,0
MOCK_001974,outstanding product five stars without hesitation highly recommended,4,1
MOCK_001975,cheap materials and poorly made would not recommend would buy again,1,0
MOCK_001976,love this item it has made my life so much easier very pleased overall,4,1
MOCK_001977,perfect fit and exactly as described very satisfied not worth the price,5,1
MOCK_001978,incredible product customer service was excellent too very disappointing,5,1
MOCK_001979,misleading product photos looks nothing like what arrived a solid choice,1,0
MOCK_001980,this product is absolutely amazing exactly what i needed highly recommended,5,1
MOCK_001981,great quality and fast shipping very happy with this purchase would buy again,4,1
MOCK_001982,very disappointed the quality is extremely poor very pleased overall,2,0
MOCK_001983,exceeded my expectations will definitely buy again not worth the price,4,1
MOCK_001984,outstanding product five stars without hesitation very disappointing,5,1
MOCK_001985,cheap materials and poorly made would not recommend a solid choice,2,0
MOCK_001986,this product is a scam nothing works as advertised highly recommended,1,0
MOCK_001987,returned it immediately total garbage would buy again,2,0
MOCK_001988,incredible product customer service was excellent too very pleased overall,5,1
MOCK_001989,best purchase i have made in a long time truly impressive not worth the price,4,1
MOCK_001990,terrible product broke after just one week of use very disappointing,1,0
MOCK_001991,great quality and fast shipping very happy with this purchase a solid choice,5,1
MOCK_001992,works perfectly highly recommend to everyone highly recommended,4,1
MOCK_001993,do not buy this it stopped working immediately would buy again,1,0
MOCK_001994,awful experience arrived damaged and customer support ignored me very pleased overall,1,0
MOCK_001995,fantastic build quality and great value for money not worth the price,5,1
MOCK_001996,this product is a scam nothing works as advertised very disappointing,1,0
MOCK_001997,perfect fit and exactly as described very satisfied a solid choice,4,1
MOCK_001998,worst purchase ever falls apart after minimal use highly recommended,2,0
MOCK_001999,best purchase i have made in a long time truly impressive would buy again,5,1
MOCK_002000,terrible product broke after just one week of use very pleased overall,2,0
MOCK_002001,complete waste of money nothing like the description not worth the price,1,0
MOCK_002002,works perfectly highly recommend to everyone very disappointing,5,1
MOCK_002003,do not buy this it stopped working immediately a solid choice,2,0
MOCK_002004,awful experience arrived damaged and customer support ignored me highly recommended,1,0
MOCK_002005,cheap materials and poorly made would not recommend would buy again,2,0
MOCK_002006,love this item it has made my life so much easier very pleased overall,4,1
MOCK_002007,returned it immediately total garbage not worth the price,1,0
MOCK_002008,worst purchase ever falls apart after minimal use very disappointing,1,0
MOCK_002009,misleading product photos looks nothing like what arrived a solid choice,2,0
MOCK_002010,terrible product broke after just one week of use highly recommended,1,0
MOCK_002011,great quality and fast shipping very happy with this purchase would buy again,4,1
MOCK_002012,very disappointed the quality is extremely poor very pleased overall,1,0
MOCK_002013,do not buy this it stopped working immediately not worth the price,1,0
MOCK_002014,outstanding product five stars without hesitation very disappointing,4,1
MOCK_002015,fantastic build quality and great value for money a solid choice,5,1
MOCK_002016,this product is a scam nothing works as advertised highly recommended,1,0
MOCK_002017,returned it immediately total garbage would buy again,1,0
MOCK_002018,incredible product customer service was excellent too very pleased overall,5,1
MOCK_002019,misleading product photos looks nothing like what arrived not worth the price,1,0
MOCK_002020,terrible product broke after just one week of use very disappointing,2,0
MOCK_002021,great quality and fast shipping very happy with this purchase a solid choice,4,1
MOCK_002022,very disappointed the quality is extremely poor highly recommended,1,0
MOCK_002023,do not buy this it stopped working immediately would buy again,1,0
MOCK_002024,awful experience arrived damaged and customer support ignored me very pleased overall,1,0
MOCK_002025,cheap materials and poorly made would not recommend not worth the price,1,0
MOCK_002026,love this item it has made my life so much easier very disappointing,5,1
MOCK_002027,returned it immediately total garbage a solid choice,1,0
MOCK_002028,incredible product customer service was excellent too highly recommended,5,1
MOCK_002029,misleading product photos looks nothing like what arrived would buy again,2,0
MOCK_002030,terrible product broke after just one week of use very pleased overall,1,0
MOCK_002031,great quality and fast shipping very happy with this purchase not worth the price,5,1
MOCK_002032,works perfectly highly recommend to everyone very disappointing,4,1
MOCK_002033,exceeded my expectations will definitely buy again a solid choice,4,1
MOCK_002034,outstanding product five stars without hesitation highly recommended,4,1
MOCK_002035,cheap materials and poorly made would not recommend would buy again,2,0
MOCK_002036,love this item it has made my life so much easier very pleased overall,5,1
MOCK_002037,returned it immediately total garbage not worth the price,1,0
MOCK_002038,incredible product customer service was excellent too very disappointing,5,1
MOCK_002039,misleading product photos looks nothing like what arrived a solid choice,2,0
MOCK_002040,this product is absolutely amazing exactly what i needed highly recommended,4,1
MOCK_002041,great quality and fast shipping very happy with this purchase would buy again,5,1
MOCK_002042,works perfectly highly recommend to everyone very pleased overall,5,1
MOCK_002043,do not buy this it stopped working immediately not worth the price,2,0
MOCK_002044,outstanding product five stars without hesitation very disappointing,5,1
MOCK_002045,fantastic build quality and great value for money a solid choice,4,1
MOCK_002046,this product is a scam nothing works as advertised highly recommended,1,0
MOCK_002047,perfect fit and exactly as described very satisfied would buy again,5,1
MOCK_002048,incredible product customer service was excellent too very pleased overall,4,1
MOCK_002049,best purchase i have made in a long time truly impressive not worth the price,4,1
MOCK_002050,terrible product broke after just one week of use very disappointing,2,0
MOCK_002051,complete waste of money nothing like the description a solid choice,1,0
MOCK_002052,very disappointed the quality is extremely poor highly recommended,1,0
MOCK_002053,do not buy this it stopped working immediately would buy again,2,0
MOCK_002054,outstanding product five stars without hesitation very pleased overall,4,1
MOCK_002055,cheap materials and poorly made would not recommend not worth the price,1,0
MOCK_002056,this product is a scam nothing works as advertised very disappointing,2,0
MOCK_002057,returned it immediately total garbage a solid choice,1,0
MOCK_002058,worst purchase ever falls apart after minimal use highly recommended,1,0
MOCK_002059,misleading product photos looks nothing like what arrived would buy again,1,0
MOCK_002060,this product is absolutely amazing exactly what i needed very pleased overall,5,1
MOCK_002061,great quality and fast shipping very happy with this purchase not worth the price,4,1
MOCK_002062,works perfectly highly recommend to everyone very disappointing,5,1
MOCK_002063,do not buy this it stopped working immediately a solid choice,1,0
MOCK_002064,outstanding product five stars without hesitation highly recommended,4,1
MOCK_002065,cheap materials and poorly made would not recommend would buy again,2,0
MOCK_002066,love this item it has made my life so much easier very pleased overall,5,1
MOCK_002067,perfect fit and exactly as described very satisfied not worth the price,5,1
MOCK_002068,incredible product customer service was excellent too very disappointing,4,1
MOCK_002069,best purchase i have made in a long time truly impressive a solid choice,5,1
MOCK_002070,this product is absolutely amazing exactly what i needed highly recommended,5,1
MOCK_002071,complete waste of money nothing like the description would buy again,1,0
MOCK_002072,very disappointed the quality is extremely poor very pleased overall,1,0
MOCK_002073,do not buy this it stopped working immediately not worth the price,2,0
MOCK_002074,outstanding product five stars without hesitation very disappointing,4,1
MOCK_002075,cheap materials and poorly made would not recommend a solid choice,2,0
MOCK_002076,love this item it has made my life so much easier highly recommended,5,1
MOCK_002077,returned it immediately total garbage would buy again,1,0
MOCK_002078,incredible product customer service was excellent too very pleased overall,4,1
MOCK_002079,misleading product photos looks nothing like what arrived not worth the price,1,0
MOCK_002080,terrible product broke after just one week of use very disappointing,1,0
MOCK_002081,great quality and fast shipping very happy with this purchase a solid choice,4,1
MOCK_002082,works perfectly highly recommend to everyone highly recommended,5,1
MOCK_002083,do not buy this it stopped working immediately would buy again,1,0
MOCK_002084,outstanding product five stars without hesitation very pleased overall,5,1
MOCK_002085,cheap materials and poorly made would not recommend not worth the price,1,0
MOCK_002086,love this item it has made my life so much easier very disappointing,4,1
MOCK_002087,returned it immediately total garbage a solid choice,1,0
MOCK_002088,worst purchase ever falls apart after minimal use highly recommended,2,0
MOCK_002089,misleading product photos looks nothing like what arrived would buy again,1,0
MOCK_002090,this product is absolutely amazing exactly what i needed very pleased overall,4,1
MOCK_002091,complete waste of money nothing like the description not worth the price,2,0
MOCK_002092,very disappointed the quality is extremely poor very disappointing,2,0
MOCK_002093,do not buy this it stopped working immediately a solid choice,1,0
MOCK_002094,awful experience arrived damaged and customer support ignored me highly recommended,2,0
MOCK_002095,cheap materials and poorly made would not recommend would buy again,1,0
MOCK_002096,love this item it has made my life so much easier very pleased overall,4,1
MOCK_002097,perfect fit and exactly as described very satisfied not worth the price,4,1
MOCK_002098,incredible product customer service was excellent too very disappointing,4,1
MOCK_002099,best purchase i have made in a long time truly impressive a solid choice,4,1
MOCK_002100,this product is absolutely amazing exactly what i needed highly recommended,5,1
MOCK_002101,complete waste of money nothing like the description would buy again,1,0
MOCK_002102,very disappointed the quality is extremely poor very pleased overall,2,0
MOCK_002103,exceeded my expectations will definitely buy again not worth the price,5,1
MOCK_002104,awful experience arrived damaged and customer support ignored me very disappointing,2,0
MOCK_002105,cheap materials and poorly made would not recommend a solid choice,2,0
MOCK_002106,this product is a scam nothing works as advertised highly recommended,2,0
MOCK_002107,perfect fit and exactly as described very satisfied would buy again,5,1
MOCK_002108,worst purchase ever falls apart after minimal use very pleased overall,1,0
MOCK_002109,best purchase i have made in a long time truly impressive not worth the price,4,1
MOCK_002110,terrible product broke after just one week of use very disappointing,2,0
MOCK_002111,great quality and fast shipping very happy with this purchase a solid choice,5,1
MOCK_002112,works perfectly highly recommend to everyone highly recommended,4,1
MOCK_002113,do not buy this it stopped working immediately would buy again,2,0
MOCK_002114,awful experience arrived damaged and customer support ignored me very pleased overall,1,0
MOCK_002115,cheap materials and poorly made would not recommend not worth the price,2,0
MOCK_002116,love this item it has made my life so much easier very disappointing,4,1
MOCK_002117,returned it immediately total garbage a solid choice,1,0
MOCK_002118,incredible product customer service was excellent too highly recommended,4,1
MOCK_002119,best purchase i have made in a long time truly impressive would buy again,4,1
MOCK_002120,terrible product broke after just one week of use very pleased overall,1,0
MOCK_002121,great quality and fast shipping very happy with this purchase not worth the price,4,1
MOCK_002122,very disappointed the quality is extremely poor very disappointing,1,0
MOCK_002123,do not buy this it stopped working immediately a solid choice,1,0
MOCK_002124,outstanding product five stars without hesitation highly recommended,4,1
MOCK_002125,cheap materials and poorly made would not recommend would buy again,1,0
MOCK_002126,love this item it has made my life so much easier very pleased overall,4,1
MOCK_002127,returned it immediately total garbage not worth the price,1,0
MOCK_002128,worst purchase ever falls apart after minimal use very disappointing,1,0
MOCK_002129,best purchase i have made in a long time truly impressive a solid choice,4,1
MOCK_002130,terrible product broke after just one week of use highly recommended,1,0
MOCK_002131,complete waste of money nothing like the description would buy again,2,0
MOCK_002132,works perfectly highly recommend to everyone very pleased overall,5,1
MOCK_002133,do not buy this it stopped working immediately not worth the price,2,0
MOCK_002134,awful experience arrived damaged and customer support ignored me very disappointing,2,0
MOCK_002135,fantastic build quality and great value for money a solid choice,5,1
MOCK_002136,love this item it has made my life so much easier highly recommended,4,1
MOCK_002137,returned it immediately total garbage would buy again,2,0
MOCK_002138,worst purchase ever falls apart after minimal use very pleased overall,2,0
MOCK_002139,best purchase i have made in a long time truly impressive not worth the price,5,1
MOCK_002140,terrible product broke after just one week of use very disappointing,2,0
MOCK_002141,complete waste of money nothing like the description a solid choice,1,0
MOCK_002142,very disappointed the quality is extremely poor highly recommended,2,0
MOCK_002143,exceeded my expectations will definitely buy again would buy again,5,1
MOCK_002144,outstanding product five stars without hesitation very pleased overall,4,1
MOCK_002145,cheap materials and poorly made would not recommend not worth the price,2,0
MOCK_002146,this product is a scam nothing works as advertised very disappointing,1,0
MOCK_002147,perfect fit and exactly as described very satisfied a solid choice,5,1
MOCK_002148,worst purchase ever falls apart after minimal use highly recommended,2,0
MOCK_002149,misleading product photos looks nothing like what arrived would buy again,1,0
MOCK_002150,terrible product broke after just one week of use very pleased overall,2,0
MOCK_002151,complete waste of money nothing like the description not worth the price,1,0
MOCK_002152,works perfectly highly recommend to everyone very disappointing,5,1
MOCK_002153,exceeded my expectations will definitely buy again a solid choice,5,1
MOCK_002154,outstanding product five stars without hesitation highly recommended,5,1
MOCK_002155,fantastic build quality and great value for money would buy again,5,1
MOCK_002156,this product is a scam nothing works as advertised very pleased overall,1,0
MOCK_002157,perfect fit and exactly as described very satisfied not worth the price,4,1
MOCK_002158,incredible product customer service was excellent too very disappointing,4,1
MOCK_002159,best purchase i have made in a long time truly impressive a solid choice,4,1
MOCK_002160,this product is absolutely amazing exactly what i needed highly recommended,4,1
MOCK_002161,complete waste of money nothing like the description would buy again,1,0
MOCK_002162,works perfectly highly recommend to everyone very pleased overall,4,1
MOCK_002163,exceeded my expectations will definitely buy again not worth the price,4,1
MOCK_002164,awful experience arrived damaged and customer support ignored me very disappointing,2,0
MOCK_002165,cheap materials and poorly made would not recommend a solid choice,1,0
MOCK_002166,love this item it has made my life so much easier highly recommended,5,1
MOCK_002167,perfect fit and exactly as described very satisfied would buy again,4,1
MOCK_002168,incredible product customer service was excellent too very pleased overall,4,1
MOCK_002169,best purchase i have made in a long time truly impressive not worth the price,5,1
MOCK_002170,terrible product broke after just one week of use very disappointing,1,0
MOCK_002171,complete waste of money nothing like the description a solid choice,1,0
MOCK_002172,very disappointed the quality is extremely poor highly recommended,2,0
MOCK_002173,do not buy this it stopped working immediately would buy again,1,0
MOCK_002174,outstanding product five stars without hesitation very pleased overall,4,1
MOCK_002175,fantastic build quality and great value for money not worth the price,5,1
MOCK_002176,love this item it has made my life so much easier very disappointing,4,1
MOCK_002177,returned it immediately total garbage a solid choice,2,0
MOCK_002178,incredible product customer service was excellent too highly recommended,4,1
MOCK_002179,best purchase i have made in a long time truly impressive would buy again,5,1
MOCK_002180,terrible product broke after just one week of use very pleased overall,2,0
MOCK_002181,complete waste of money nothing like the description not worth the price,2,0
MOCK_002182,works perfectly highly recommend to everyone very disappointing,5,1
MOCK_002183,do not buy this it stopped working immediately a solid choice,1,0
MOCK_002184,outstanding product five stars without hesitation highly recommended,5,1
MOCK_002185,fantastic build quality and great value for money would buy again,4,1
MOCK_002186,this product is a scam nothing works as advertised very pleased overall,2,0
MOCK_002187,returned it immediately total garbage not worth the price,2,0
MOCK_002188,worst purchase ever falls apart after minimal use very disappointing,1,0
MOCK_002189,misleading product photos looks nothing like what arrived a solid choice,2,0
MOCK_002190,this product is absolutely amazing exactly what i needed highly recommended,4,1
MOCK_002191,complete waste of money nothing like the description would buy again,2,0
MOCK_002192,very disappointed the quality is extremely poor very pleased overall,2,0
MOCK_002193,do not buy this it stopped working immediately not worth the price,1,0
MOCK_002194,awful experience arrived damaged and customer support ignored me very disappointing,2,0
MOCK_002195,cheap materials and poorly made would not recommend a solid choice,2,0
MOCK_002196,this product is a scam nothing works as advertised highly recommended,1,0
MOCK_002197,perfect fit and exactly as described very satisfied would buy again,5,1
MOCK_002198,worst purchase ever falls apart after minimal use very pleased overall,1,0
MOCK_002199,misleading product photos looks nothing like what arrived not worth the price,2,0
MOCK_002200,terrible product broke after just one week of use very disappointing,1,0
MOCK_002201,complete waste of money nothing like the description a solid choice,2,0
MOCK_002202,very disappointed the quality is extremely poor highly recommended,2,0
MOCK_002203,do not buy this it stopped working immediately would buy again,1,0
MOCK_002204,awful experience arrived damaged and customer support ignored me very pleased overall,1,0
MOCK_002205,cheap materials and poorly made would not recommend not worth the price,2,0
MOCK_002206,this product is a scam nothing works as advertised very disappointing,2,0
MOCK_002207,returned it immediately total garbage a solid choice,1,0
MOCK_002208,worst purchase ever falls apart after minimal use highly recommended,1,0
MOCK_002209,best purchase i have made in a long time truly impressive would buy again,4,1
MOCK_002210,this product is absolutely amazing exactly what i needed very pleased overall,5,1
MOCK_002211,great quality and fast shipping very happy with this purchase not worth the price,4,1
MOCK_002212,very disappointed the quality is extremely poor very disappointing,2,0
MOCK_002213,do not buy this it stopped working immediately a solid choice,1,0
MOCK_002214,outstanding product five stars without hesitation highly recommended,5,1
MOCK_002215,fantastic build quality and great value for money would buy again,4,1
MOCK_002216,love this item it has made my life so much easier very pleased overall,4,1
MOCK_002217,perfect fit and exactly as described very satisfied not worth the price,5,1
MOCK_002218,incredible product customer service was excellent too very disappointing,5,1
MOCK_002219,misleading product photos looks nothing like what arrived a solid choice,1,0
MOCK_002220,terrible product broke after just one week of use highly recommended,1,0
MOCK_002221,great quality and fast shipping very happy with this purchase would buy again,4,1
MOCK_002222,works perfectly highly recommend to everyone very pleased overall,4,1
MOCK_002223,do not buy this it stopped working immediately not worth the price,1,0
MOCK_002224,outstanding product five stars without hesitation very disappointing,5,1
MOCK_002225,fantastic build quality and great value for money a solid choice,4,1
MOCK_002226,this product is a scam nothing works as advertised highly recommended,2,0
MOCK_002227,perfect fit and exactly as described very satisfied would buy again,4,1
MOCK_002228,incredible product customer service was excellent too very pleased overall,4,1
MOCK_002229,misleading product photos looks nothing like what arrived not worth the price,2,0
MOCK_002230,terrible product broke after just one week of use very disappointing,1,0
MOCK_002231,great quality and fast shipping very happy with this purchase a solid choice,5,1
MOCK_002232,very disappointed the quality is extremely poor highly recommended,1,0
MOCK_002233,exceeded my expectations will definitely buy again would buy again,5,1
MOCK_002234,outstanding product five stars without hesitation very pleased overall,5,1
MOCK_002235,cheap materials and poorly made would not recommend not worth the price,2,0
MOCK_002236,this product is a scam nothing works as advertised very disappointing,1,0
MOCK_002237,perfect fit and exactly as described very satisfied a solid choice,4,1
MOCK_002238,incredible product customer service was excellent too highly recommended,4,1
MOCK_002239,best purchase i have made in a long time truly impressive would buy again,5,1
MOCK_002240,terrible product broke after just one week of use very pleased overall,1,0
MOCK_002241,great quality and fast shipping very happy with this purchase not worth the price,4,1
MOCK_002242,very disappointed the quality is extremely poor very disappointing,1,0
MOCK_002243,exceeded my expectations will definitely buy again a solid choice,4,1
MOCK_002244,outstanding product five stars without hesitation highly recommended,4,1
MOCK_002245,cheap materials and poorly made would not recommend would buy again,1,0
MOCK_002246,love this item it has made my life so much easier very pleased overall,4,1
MOCK_002247,returned it immediately total garbage not worth the price,2,0
MOCK_002248,worst purchase ever falls apart after minimal use very disappointing,1,0
MOCK_002249,misleading product photos looks nothing like what arrived a solid choice,1,0
MOCK_002250,this product is absolutely amazing exactly what i needed highly recommended,5,1
MOCK_002251,great quality and fast shipping very happy with this purchase would buy again,5,1
MOCK_002252,very disappointed the quality is extremely poor very pleased overall,1,0
MOCK_002253,do not buy this it stopped working immediately not worth the price,2,0
MOCK_002254,awful experience arrived damaged and customer support ignored me very disappointing,2,0
MOCK_002255,cheap materials and poorly made would not recommend a solid choice,2,0
MOCK_002256,this product is a scam nothing works as advertised highly recommended,2,0
MOCK_002257,perfect fit and exactly as described very satisfied would buy again,5,1
MOCK_002258,worst purchase ever falls apart after minimal use very pleased overall,1,0
MOCK_002259,best purchase i have made in a long time truly impressive not worth the price,4,1
MOCK_002260,this product is absolutely amazing exactly what i needed very disappointing,5,1
MOCK_002261,great quality and fast shipping very happy with this purchase a solid choice,5,1
MOCK_002262,works perfectly highly recommend to everyone highly recommended,4,1
MOCK_002263,do not buy this it stopped working immediately would buy again,1,0
MOCK_002264,awful experience arrived damaged and customer support ignored me very pleased overall,2,0
MOCK_002265,cheap materials and poorly made would not recommend not worth the price,1,0
MOCK_002266,love this item it has made my life so much easier very disappointing,5,1
MOCK_002267,returned it immediately total garbage a solid choice,2,0
MOCK_002268,worst purchase ever falls apart after minimal use highly recommended,2,0
MOCK_002269,best purchase i have made in a long time truly impressive would buy again,5,1
MOCK_002270,this product is absolutely amazing exactly what i needed very pleased overall,5,1
MOCK_002271,great quality and fast shipping very happy with this purchase not worth the price,5,1
MOCK_002272,very disappointed the quality is extremely poor very disappointing,2,0
MOCK_002273,exceeded my expectations will definitely buy again a solid choice,5,1
MOCK_002274,outstanding product five stars without hesitation highly recommended,5,1
MOCK_002275,cheap materials and poorly made would not recommend would buy again,1,0
MOCK_002276,this product is a scam nothing works as advertised very pleased overall,2,0
MOCK_002277,perfect fit and exactly as described very satisfied not worth the price,4,1
MOCK_002278,worst purchase ever falls apart after minimal use very disappointing,2,0
MOCK_002279,best purchase i have made in a long time truly impressive a solid choice,5,1
MOCK_002280,terrible product broke after just one week of use highly recommended,1,0
MOCK_002281,complete waste of money nothing like the description would buy again,1,0
MOCK_002282,works perfectly highly recommend to everyone very pleased overall,4,1
MOCK_002283,exceeded my expectations will definitely buy again not worth the price,5,1
MOCK_002284,awful experience arrived damaged and customer support ignored me very disappointing,1,0
MOCK_002285,fantastic build quality and great value for money a solid choice,4,1
MOCK_002286,this product is a scam nothing works as advertised highly recommended,2,0
MOCK_002287,perfect fit and exactly as described very satisfied would buy again,5,1
MOCK_002288,worst purchase ever falls apart after minimal use very pleased overall,1,0
MOCK_002289,misleading product photos looks nothing like what arrived not worth the price,1,0
MOCK_002290,terrible product broke after just one week of use very disappointing,2,0
MOCK_002291,complete waste of money nothing like the description a solid choice,2,0
MOCK_002292,works perfectly highly recommend to everyone highly recommended,5,1
MOCK_002293,do not buy this it stopped working immediately would buy again,1,0
MOCK_002294,outstanding product five stars without hesitation very pleased overall,4,1
MOCK_002295,fantastic build quality and great value for money not worth the price,4,1
MOCK_002296,this product is a scam nothing works as advertised very disappointing,2,0
MOCK_002297,perfect fit and exactly as described very satisfied a solid choice,4,1
MOCK_002298,incredible product customer service was excellent too highly recommended,4,1
MOCK_002299,best purchase i have made in a long time truly impressive would buy again,5,1
MOCK_002300,this product is absolutely amazing exactly what i needed very pleased overall,5,1
MOCK_002301,complete waste of money nothing like the description not worth the price,2,0
MOCK_002302,very disappointed the quality is extremely poor very disappointing,1,0
MOCK_002303,do not buy this it stopped working immediately a solid choice,1,0
MOCK_002304,outstanding product five stars without hesitation highly recommended,4,1
MOCK_002305,cheap materials and poorly made would not recommend would buy again,1,0
MOCK_002306,love this item it has made my life so much easier very pleased overall,5,1
MOCK_002307,perfect fit and exactly as described very satisfied not worth the price,4,1
MOCK_002308,worst purchase ever falls apart after minimal use very disappointing,2,0
MOCK_002309,best purchase i have made in a long time truly impressive a solid choice,5,1
MOCK_002310,this product is absolutely amazing exactly what i needed highly recommended,5,1
MOCK_002311,great quality and fast shipping very happy with this purchase would buy again,4,1
MOCK_002312,very disappointed the quality is extremely poor very pleased overall,1,0
MOCK_002313,do not buy this it stopped working immediately not worth the price,1,0
MOCK_002314,outstanding product five stars without hesitation very disappointing,4,1
MOCK_002315,cheap materials and poorly made would not recommend a solid choice,1,0
MOCK_002316,this product is a scam nothing works as advertised highly recommended,1,0
MOCK_002317,returned it immediately total garbage would buy again,2,0
MOCK_002318,incredible product customer service was excellent too very pleased overall,4,1
MOCK_002319,best purchase i have made in a long time truly impressive not worth the price,5,1
MOCK_002320,this product is absolutely amazing exactly what i needed very disappointing,4,1
MOCK_002321,great quality and fast shipping very happy with this purchase a solid choice,4,1
MOCK_002322,very disappointed the quality is extremely poor highly recommended,1,0
MOCK_002323,exceeded my expectations will definitely buy again would buy again,4,1
MOCK_002324,awful experience arrived damaged and customer support ignored me very pleased overall,1,0
MOCK_002325,cheap materials and poorly made would not recommend not worth the price,2,0
MOCK_002326,this product is a scam nothing works as advertised very disappointing,1,0
MOCK_002327,returned it immediately total garbage a solid choice,1,0
MOCK_002328,worst purchase ever falls apart after minimal use highly recommended,2,0
MOCK_002329,misleading product photos looks nothing like what arrived would buy again,1,0
MOCK_002330,this product is absolutely amazing exactly what i needed very pleased overall,5,1
MOCK_002331,complete waste of money nothing like the description not worth the price,1,0
MOCK_002332,very disappointed the quality is extremely poor very disappointing,2,0
MOCK_002333,do not buy this it stopped working immediately a solid choice,1,0
MOCK_002334,outstanding product five stars without hesitation highly recommended,4,1
MOCK_002335,cheap materials and poorly made would not recommend would buy again,2,0
MOCK_002336,this product is a scam nothing works as advertised very pleased overall,2,0
MOCK_002337,perfect fit and exactly as described very satisfied not worth the price,4,1
MOCK_002338,incredible product customer service was excellent too very disappointing,5,1
MOCK_002339,best purchase i have made in a long time truly impressive a solid choice,4,1
MOCK_002340,terrible product broke after just one week of use highly recommended,1,0
MOCK_002341,great quality and fast shipping very happy with this purchase would buy again,4,1
MOCK_002342,works perfectly highly recommend to everyone very pleased overall,5,1
MOCK_002343,exceeded my expectations will definitely buy again not worth the price,4,1
MOCK_002344,awful experience arrived damaged and customer support ignored me very disappointing,2,0
MOCK_002345,cheap materials and poorly made would not recommend a solid choice,1,0
MOCK_002346,love this item it has made my life so much easier highly recommended,5,1
MOCK_002347,perfect fit and exactly as described very satisfied would buy again,5,1
MOCK_002348,worst purchase ever falls apart after minimal use very pleased overall,1,0
MOCK_002349,misleading product photos looks nothing like what arrived not worth the price,1,0
MOCK_002350,this product is absolutely amazing exactly what i needed very disappointing,4,1
MOCK_002351,great quality and fast shipping very happy with this purchase a solid choice,5,1
MOCK_002352,works perfectly highly recommend to everyone highly recommended,4,1
MOCK_002353,do not buy this it stopped working immediately would buy again,2,0
MOCK_002354,outstanding product five stars without hesitation very pleased overall,4,1
MOCK_002355,cheap materials and poorly made would not recommend not worth the price,2,0
MOCK_002356,love this item it has made my life so much easier very disappointing,4,1
MOCK_002357,returned it immediately total garbage a solid choice,2,0
MOCK_002358,incredible product customer service was excellent too highly recommended,5,1
MOCK_002359,misleading product photos looks nothing like what arrived would buy again,1,0
MOCK_002360,this product is absolutely amazing exactly what i needed very pleased overall,5,1
MOCK_002361,great quality and fast shipping very happy with this purchase not worth the price,4,1
MOCK_002362,very disappointed the quality is extremely poor very disappointing,1,0
MOCK_002363,do not buy this it stopped working immediately a solid choice,2,0
MOCK_002364,awful experience arrived damaged and customer support ignored me highly recommended,2,0
MOCK_002365,fantastic build quality and great value for money would buy again,5,1
MOCK_002366,love this item it has made my life so much easier very pleased overall,4,1
MOCK_002367,perfect fit and exactly as described very satisfied not worth the price,4,1
MOCK_002368,worst purchase ever falls apart after minimal use very disappointing,1,0
MOCK_002369,misleading product photos looks nothing like what arrived a solid choice,2,0
MOCK_002370,terrible product broke after just one week of use highly recommended,1,0
MOCK_002371,complete waste of money nothing like the description would buy again,1,0
MOCK_002372,works perfectly highly recommend to everyone very pleased overall,4,1
MOCK_002373,exceeded my expectations will definitely buy again not worth the price,4,1
MOCK_002374,outstanding product five stars without hesitation very disappointing,4,1
MOCK_002375,cheap materials and poorly made would not recommend a solid choice,1,0
MOCK_002376,love this item it has made my life so much easier highly recommended,5,1
MOCK_002377,returned it immediately total garbage would buy again,2,0
MOCK_002378,incredible product customer service was excellent too very pleased overall,4,1
MOCK_002379,misleading product photos looks nothing like what arrived not worth the price,2,0
MOCK_002380,this product is absolutely amazing exactly what i needed very disappointing,5,1
MOCK_002381,complete waste of money nothing like the description a solid choice,1,0
MOCK_002382,very disappointed the quality is extremely poor highly recommended,1,0
MOCK_002383,exceeded my expectations will definitely buy again would buy again,4,1
MOCK_002384,awful experience arrived damaged and customer support ignored me very pleased overall,1,0
MOCK_002385,cheap materials and poorly made would not recommend not worth the price,2,0
MOCK_002386,this product is a scam nothing works as advertised very disappointing,2,0
MOCK_002387,returned it immediately total garbage a solid choice,1,0
MOCK_002388,worst purchase ever falls apart after minimal use highly recommended,2,0
MOCK_002389,misleading product photos looks nothing like what arrived would buy again,1,0
MOCK_002390,this product is absolutely amazing exactly what i needed very pleased overall,5,1
MOCK_002391,complete waste of money nothing like the description not worth the price,2,0
MOCK_002392,works perfectly highly recommend to everyone very disappointing,4,1
MOCK_002393,exceeded my expectations will definitely buy again a solid choice,4,1
MOCK_002394,awful experience arrived damaged and customer support ignored me highly recommended,2,0
MOCK_002395,cheap materials and poorly made would not recommend would buy again,2,0
MOCK_002396,love this item it has made my life so much easier very pleased overall,4,1
MOCK_002397,returned it immediately total garbage not worth the price,1,0
MOCK_002398,incredible product customer service was excellent too very disappointing,4,1
MOCK_002399,misleading product photos looks nothing like what arrived a solid choice,2,0
MOCK_002400,this product is absolutely amazing exactly what i needed highly recommended,5,1
MOCK_002401,complete waste of money nothing like the description would buy again,2,0
MOCK_002402,works perfectly highly recommend to everyone very pleased overall,5,1
MOCK_002403,do not buy this it stopped working immediately not worth the price,2,0
MOCK_002404,awful experience arrived damaged and customer support ignored me very disappointing,2,0
MOCK_002405,cheap materials and poorly made would not recommend a solid choice,1,0
MOCK_002406,love this item it has made my life so much easier highly recommended,5,1
MOCK_002407,perfect fit and exactly as described very satisfied would buy again,4,1
MOCK_002408,incredible product customer service was excellent too very pleased overall,4,1
MOCK_002409,best purchase i have made in a long time truly impressive not worth the price,5,1
MOCK_002410,this product is absolutely amazing exactly what i needed very disappointing,5,1
MOCK_002411,great quality and fast shipping very happy with this purchase a solid choice,5,1
MOCK_002412,very disappointed the quality is extremely poor highly recommended,1,0
MOCK_002413,do not buy this it stopped working immediately would buy again,2,0
MOCK_002414,outstanding product five stars without hesitation very pleased overall,4,1
MOCK_002415,cheap materials and poorly made would not recommend not worth the price,1,0
MOCK_002416,this product is a scam nothing works as advertised very disappointing,1,0
MOCK_002417,perfect fit and exactly as described very satisfied a solid choice,5,1
MOCK_002418,worst purchase ever falls apart after minimal use highly recommended,1,0
MOCK_002419,best purchase i have made in a long time truly impressive would buy again,5,1
MOCK_002420,this product is absolutely amazing exactly what i needed very pleased overall,4,1
MOCK_002421,complete waste of money nothing like the description not worth the price,1,0
MOCK_002422,works perfectly highly recommend to everyone very disappointing,5,1
MOCK_002423,exceeded my expectations will definitely buy again a solid choice,4,1
MOCK_002424,awful experience arrived damaged and customer support ignored me highly recommended,2,0
MOCK_002425,fantastic build quality and great value for money would buy again,5,1
MOCK_002426,this product is a scam nothing works as advertised very pleased overall,1,0
MOCK_002427,returned it immediately total garbage not worth the price,2,0
MOCK_002428,incredible product customer service was excellent too very disappointing,5,1
MOCK_002429,misleading product photos looks nothing like what arrived a solid choice,2,0
MOCK_002430,terrible product broke after just one week of use highly recommended,2,0
MOCK_002431,great quality and fast shipping very happy with this purchase would buy again,5,1
MOCK_002432,works perfectly highly recommend to everyone very pleased overall,5,1
MOCK_002433,do not buy this it stopped working immediately not worth the price,1,0
MOCK_002434,outstanding product five stars without hesitation very disappointing,5,1
MOCK_002435,cheap materials and poorly made would not recommend a solid choice,2,0
MOCK_002436,this product is a scam nothing works as advertised highly recommended,2,0
MOCK_002437,returned it immediately total garbage would buy again,2,0
MOCK_002438,worst purchase ever falls apart after minimal use very pleased overall,1,0
MOCK_002439,best purchase i have made in a long time truly impressive not worth the price,5,1
MOCK_002440,terrible product broke after just one week of use very disappointing,2,0
MOCK_002441,complete waste of money nothing like the description a solid choice,1,0
MOCK_002442,very disappointed the quality is extremely poor highly recommended,1,0
MOCK_002443,exceeded my expectations will definitely buy again would buy again,5,1
MOCK_002444,awful experience arrived damaged and customer support ignored me very pleased overall,1,0
MOCK_002445,fantastic build quality and great value for money not worth the price,5,1
MOCK_002446,this product is a scam nothing works as advertised very disappointing,1,0
MOCK_002447,returned it immediately total garbage a solid choice,1,0
MOCK_002448,incredible product customer service was excellent too highly recommended,5,1
MOCK_002449,best purchase i have made in a long time truly impressive would buy again,5,1
MOCK_002450,terrible product broke after just one week of use very pleased overall,2,0
MOCK_002451,great quality and fast shipping very happy with this purchase not worth the price,5,1
MOCK_002452,very disappointed the quality is extremely poor very disappointing,2,0
MOCK_002453,do not buy this it stopped working immediately a solid choice,2,0
MOCK_002454,outstanding product five stars without hesitation highly recommended,5,1
MOCK_002455,fantastic build quality and great value for money would buy again,5,1
MOCK_002456,this product is a scam nothing works as advertised very pleased overall,2,0
MOCK_002457,perfect fit and exactly as described very satisfied not worth the price,4,1
MOCK_002458,worst purchase ever falls apart after minimal use very disappointing,1,0
MOCK_002459,best purchase i have made in a long time truly impressive a solid choice,5,1
MOCK_002460,this product is absolutely amazing exactly what i needed highly recommended,5,1
MOCK_002461,great quality and fast shipping very happy with this purchase would buy again,5,1
MOCK_002462,very disappointed the quality is extremely poor very pleased overall,1,0
MOCK_002463,do not buy this it stopped working immediately not worth the price,2,0
MOCK_002464,awful experience arrived damaged and customer support ignored me very disappointing,1,0
MOCK_002465,cheap materials and poorly made would not recommend a solid choice,2,0
MOCK_002466,love this item it has made my life so much easier highly recommended,5,1
MOCK_002467,returned it immediately total garbage would buy again,2,0
MOCK_002468,incredible product customer service was excellent too very pleased overall,5,1
MOCK_002469,misleading product photos looks nothing like what arrived not worth the price,1,0
MOCK_002470,this product is absolutely amazing exactly what i needed very disappointing,4,1
MOCK_002471,great quality and fast shipping very happy with this purchase a solid choice,5,1
MOCK_002472,very disappointed the quality is extremely poor highly recommended,2,0
MOCK_002473,do not buy this it stopped working immediately would buy again,2,0
MOCK_002474,awful experience arrived damaged and customer support ignored me very pleased overall,1,0
MOCK_002475,cheap materials and poorly made would not recommend not worth the price,1,0
MOCK_002476,love this item it has made my life so much easier very disappointing,4,1
MOCK_002477,returned it immediately total garbage a solid choice,1,0
MOCK_002478,worst purchase ever falls apart after minimal use highly recommended,1,0
MOCK_002479,best purchase i have made in a long time truly impressive would buy again,5,1
MOCK_002480,terrible product broke after just one week of use very pleased overall,2,0
MOCK_002481,great quality and fast shipping very happy with this purchase not worth the price,4,1
MOCK_002482,works perfectly highly recommend to everyone very disappointing,4,1
MOCK_002483,do not buy this it stopped working immediately a solid choice,1,0
MOCK_002484,awful experience arrived damaged and customer support ignored me highly recommended,2,0
MOCK_002485,fantastic build quality and great value for money would buy again,4,1
MOCK_002486,love this item it has made my life so much easier very pleased overall,5,1
MOCK_002487,perfect fit and exactly as described very satisfied not worth the price,5,1
MOCK_002488,incredible product customer service was excellent too very disappointing,4,1
MOCK_002489,best purchase i have made in a long time truly impressive a solid choice,5,1
MOCK_002490,this product is absolutely amazing exactly what i needed highly recommended,5,1
MOCK_002491,complete waste of money nothing like the description would buy again,1,0
MOCK_002492,very disappointed the quality is extremely poor very pleased overall,1,0
MOCK_002493,exceeded my expectations will definitely buy again not worth the price,5,1
MOCK_002494,outstanding product five stars without hesitation very disappointing,5,1
MOCK_002495,fantastic build quality and great value for money a solid choice,5,1
MOCK_002496,love this item it has made my life so much easier highly recommended,5,1
MOCK_002497,perfect fit and exactly as described very satisfied would buy again,4,1
MOCK_002498,incredible product customer service was excellent too very pleased overall,5,1
MOCK_002499,best purchase i have made in a long time truly impressive not worth the price,4,1
MOCK_002500,terrible product broke after just one week of use very disappointing,1,0
MOCK_002501,great quality and fast shipping very happy with this purchase a solid choice,5,1
MOCK_002502,works perfectly highly recommend to everyone highly recommended,5,1
MOCK_002503,do not buy this it stopped working immediately would buy again,2,0
MOCK_002504,outstanding product five stars without hesitation very pleased overall,4,1
MOCK_002505,fantastic build quality and great value for money not worth the price,4,1
MOCK_002506,love this item it has made my life so much easier very disappointing,5,1
MOCK_002507,perfect fit and exactly as described very satisfied a solid choice,5,1
MOCK_002508,worst purchase ever falls apart after minimal use highly recommended,2,0
MOCK_002509,best purchase i have made in a long time truly impressive would buy again,5,1
MOCK_002510,this product is absolutely amazing exactly what i needed very pleased overall,4,1
MOCK_002511,great quality and fast shipping very happy with this purchase not worth the price,4,1
MOCK_002512,works perfectly highly recommend to everyone very disappointing,4,1
MOCK_002513,do not buy this it stopped working immediately a solid choice,1,0
MOCK_002514,outstanding product five stars without hesitation highly recommended,4,1
MOCK_002515,cheap materials and poorly made would not recommend would buy again,2,0
MOCK_002516,this product is a scam nothing works as advertised very pleased overall,1,0
MOCK_002517,returned it immediately total garbage not worth the price,1,0
MOCK_002518,incredible product customer service was excellent too very disappointing,5,1
MOCK_002519,best purchase i have made in a long time truly impressive a solid choice,4,1
MOCK_002520,terrible product broke after just one week of use highly recommended,1,0
MOCK_002521,complete waste of money nothing like the description would buy again,2,0
MOCK_002522,works perfectly highly recommend to everyone very pleased overall,4,1
MOCK_002523,exceeded my expectations will definitely buy again not worth the price,5,1
MOCK_002524,awful experience arrived damaged and customer support ignored me very disappointing,2,0
MOCK_002525,cheap materials and poorly made would not recommend a solid choice,1,0
MOCK_002526,love this item it has made my life so much easier highly recommended,5,1
MOCK_002527,returned it immediately total garbage would buy again,2,0
MOCK_002528,incredible product customer service was excellent too very pleased overall,5,1
MOCK_002529,misleading product photos looks nothing like what arrived not worth the price,2,0
MOCK_002530,this product is absolutely amazing exactly what i needed very disappointing,5,1
MOCK_002531,great quality and fast shipping very happy with this purchase a solid choice,5,1
MOCK_002532,works perfectly highly recommend to everyone highly recommended,5,1
MOCK_002533,exceeded my expectations will definitely buy again would buy again,4,1
MOCK_002534,awful experience arrived damaged and customer support ignored me very pleased overall,2,0
MOCK_002535,fantastic build quality and great value for money not worth the price,5,1
MOCK_002536,this product is a scam nothing works as advertised very disappointing,2,0
MOCK_002537,returned it immediately total garbage a solid choice,1,0
MOCK_002538,worst purchase ever falls apart after minimal use highly recommended,1,0
MOCK_002539,best purchase i have made in a long time truly impressive would buy again,5,1
MOCK_002540,terrible product broke after just one week of use very pleased overall,2,0
MOCK_002541,complete waste of money nothing like the description not worth the price,1,0
MOCK_002542,works perfectly highly recommend to everyone very disappointing,4,1
MOCK_002543,exceeded my expectations will definitely buy again a solid choice,4,1
MOCK_002544,awful experience arrived damaged and customer support ignored me highly recommended,2,0
MOCK_002545,fantastic build quality and great value for money would buy again,4,1
MOCK_002546,this product is a scam nothing works as advertised very pleased overall,2,0
MOCK_002547,returned it immediately total garbage not worth the price,1,0
MOCK_002548,incredible product customer service was excellent too very disappointing,4,1
MOCK_002549,best purchase i have made in a long time truly impressive a solid choice,4,1
MOCK_002550,this product is absolutely amazing exactly what i needed highly recommended,5,1
MOCK_002551,complete waste of money nothing like the description would buy again,1,0
MOCK_002552,very disappointed the quality is extremely poor very pleased overall,2,0
MOCK_002553,exceeded my expectations will definitely buy again not worth the price,5,1
MOCK_002554,awful experience arrived damaged and customer support ignored me very disappointing,1,0
MOCK_002555,fantastic build quality and great value for money a solid choice,5,1
MOCK_002556,love this item it has made my life so much easier highly recommended,4,1
MOCK_002557,returned it immediately total garbage would buy again,1,0
MOCK_002558,worst purchase ever falls apart after minimal use very pleased overall,1,0
MOCK_002559,best purchase i have made in a long time truly impressive not worth the price,4,1
MOCK_002560,this product is absolutely amazing exactly what i needed very disappointing,5,1
MOCK_002561,great quality and fast shipping very happy with this purchase a solid choice,5,1
MOCK_002562,very disappointed the quality is extremely poor highly recommended,2,0
MOCK_002563,do not buy this it stopped working immediately would buy again,2,0
MOCK_002564,outstanding product five stars without hesitation very pleased overall,5,1
MOCK_002565,cheap materials and poorly made would not recommend not worth the price,1,0
MOCK_002566,this product is a scam nothing works as advertised very disappointing,1,0
MOCK_002567,perfect fit and exactly as described very satisfied a solid choice,4,1
MOCK_002568,worst purchase ever falls apart after minimal use highly recommended,2,0
MOCK_002569,misleading product photos looks nothing like what arrived would buy again,2,0
MOCK_002570,terrible product broke after just one week of use very pleased overall,1,0
MOCK_002571,great quality and fast shipping very happy with this purchase not worth the price,5,1
MOCK_002572,works perfectly highly recommend to everyone very disappointing,5,1
MOCK_002573,do not buy this it stopped working immediately a solid choice,2,0
MOCK_002574,awful experience arrived damaged and customer support ignored me highly recommended,2,0
MOCK_002575,cheap materials and poorly made would not recommend would buy again,2,0
MOCK_002576,this product is a scam nothing works as advertised very pleased overall,2,0
MOCK_002577,perfect fit and exactly as described very satisfied not worth the price,5,1
MOCK_002578,incredible product customer service was excellent too very disappointing,4,1
MOCK_002579,misleading product photos looks nothing like what arrived a solid choice,2,0
MOCK_002580,terrible product broke after just one week of use highly recommended,1,0
MOCK_002581,complete waste of money nothing like the description would buy again,2,0
MOCK_002582,very disappointed the quality is extremely poor very pleased overall,1,0
MOCK_002583,exceeded my expectations will definitely buy again not worth the price,4,1
MOCK_002584,awful experience arrived damaged and customer support ignored me very disappointing,1,0
MOCK_002585,fantastic build quality and great value for money a solid choice,4,1
MOCK_002586,love this item it has made my life so much easier highly recommended,4,1
MOCK_002587,returned it immediately total garbage would buy again,1,0
MOCK_002588,worst purchase ever falls apart after minimal use very pleased overall,1,0
MOCK_002589,misleading product photos looks nothing like what arrived not worth the price,1,0
MOCK_002590,this product is absolutely amazing exactly what i needed very disappointing,5,1
MOCK_002591,great quality and fast shipping very happy with this purchase a solid choice,5,1
MOCK_002592,works perfectly highly recommend to everyone highly recommended,5,1
MOCK_002593,exceeded my expectations will definitely buy again would buy again,4,1
MOCK_002594,outstanding product five stars without hesitation very pleased overall,4,1
MOCK_002595,fantastic build quality and great value for money not worth the price,5,1
MOCK_002596,this product is a scam nothing works as advertised very disappointing,1,0
MOCK_002597,returned it immediately total garbage a solid choice,1,0
MOCK_002598,incredible product customer service was excellent too highly recommended,5,1
MOCK_002599,best purchase i have made in a long time truly impressive would buy again,5,1
MOCK_002600,terrible product broke after just one week of use very pleased overall,1,0
MOCK_002601,great quality and fast shipping very happy with this purchase not worth the price,5,1
MOCK_002602,works perfectly highly recommend to everyone very disappointing,4,1
MOCK_002603,exceeded my expectations will definitely buy again a solid choice,5,1
MOCK_002604,awful experience arrived damaged and customer support ignored me highly recommended,1,0
MOCK_002605,cheap materials and poorly made would not recommend would buy again,1,0
MOCK_002606,this product is a scam nothing works as advertised very pleased overall,2,0
MOCK_002607,perfect fit and exactly as described very satisfied not worth the price,4,1
MOCK_002608,incredible product customer service was excellent too very disappointing,5,1
MOCK_002609,misleading product photos looks nothing like what arrived a solid choice,1,0
MOCK_002610,terrible product broke after just one week of use highly recommended,2,0
MOCK_002611,great quality and fast shipping very happy with this purchase would buy again,5,1
MOCK_002612,works perfectly highly recommend to everyone very pleased overall,4,1
MOCK_002613,do not buy this it stopped working immediately not worth the price,2,0
MOCK_002614,awful experience arrived damaged and customer support ignored me very disappointing,1,0
MOCK_002615,cheap materials and poorly made would not recommend a solid choice,1,0
MOCK_002616,this product is a scam nothing works as advertised highly recommended,1,0
MOCK_002617,returned it immediately total garbage would buy again,2,0
MOCK_002618,incredible product customer service was excellent too very pleased overall,5,1
MOCK_002619,best purchase i have made in a long time truly impressive not worth the price,5,1
MOCK_002620,terrible product broke after just one week of use very disappointing,2,0
MOCK_002621,great quality and fast shipping very happy with this purchase a solid choice,5,1
MOCK_002622,very disappointed the quality is extremely poor highly recommended,1,0
MOCK_002623,exceeded my expectations will definitely buy again would buy again,5,1
MOCK_002624,outstanding product five stars without hesitation very pleased overall,5,1
MOCK_002625,cheap materials and poorly made would not recommend not worth the price,1,0
MOCK_002626,love this item it has made my life so much easier very disappointing,5,1
MOCK_002627,returned it immediately total garbage a solid choice,1,0
MOCK_002628,worst purchase ever falls apart after minimal use highly recommended,1,0
MOCK_002629,best purchase i have made in a long time truly impressive would buy again,4,1
MOCK_002630,this product is absolutely amazing exactly what i needed very pleased overall,4,1
MOCK_002631,great quality and fast shipping very happy with this purchase not worth the price,4,1
MOCK_002632,works perfectly highly recommend to everyone very disappointing,5,1
MOCK_002633,exceeded my expectations will definitely buy again a solid choice,5,1
MOCK_002634,outstanding product five stars without hesitation highly recommended,5,1
MOCK_002635,cheap materials and poorly made would not recommend would buy again,1,0
MOCK_002636,this product is a scam nothing works as advertised very pleased overall,1,0
MOCK_002637,perfect fit and exactly as described very satisfied not worth the price,4,1
MOCK_002638,worst purchase ever falls apart after minimal use very disappointing,2,0
MOCK_002639,misleading product photos looks nothing like what arrived a solid choice,1,0
MOCK_002640,this product is absolutely amazing exactly what i needed highly recommended,5,1
MOCK_002641,great quality and fast shipping very happy with this purchase would buy again,5,1
MOCK_002642,works perfectly highly recommend to everyone very pleased overall,5,1
MOCK_002643,do not buy this it stopped working immediately not worth the price,2,0
MOCK_002644,awful experience arrived damaged and customer support ignored me very disappointing,1,0
MOCK_002645,fantastic build quality and great value for money a solid choice,5,1
MOCK_002646,this product is a scam nothing works as advertised highly recommended,2,0
MOCK_002647,perfect fit and exactly as described very satisfied would buy again,5,1
MOCK_002648,worst purchase ever falls apart after minimal use very pleased overall,2,0
MOCK_002649,misleading product photos looks nothing like what arrived not worth the price,2,0
MOCK_002650,terrible product broke after just one week of use very disappointing,2,0
MOCK_002651,complete waste of money nothing like the description a solid choice,1,0
MOCK_002652,very disappointed the quality is extremely poor highly recommended,2,0
MOCK_002653,do not buy this it stopped working immediately would buy again,2,0
MOCK_002654,awful experience arrived damaged and customer support ignored me very pleased overall,1,0
MOCK_002655,fantastic build quality and great value for money not worth the price,5,1
MOCK_002656,this product is a scam nothing works as advertised very disappointing,1,0
MOCK_002657,returned it immediately total garbage a solid choice,2,0
MOCK_002658,incredible product customer service was excellent too highly recommended,4,1
MOCK_002659,best purchase i have made in a long time truly impressive would buy again,4,1
MOCK_002660,terrible product broke after just one week of use very pleased overall,2,0
MOCK_002661,great quality and fast shipping very happy with this purchase not worth the price,4,1
MOCK_002662,works perfectly highly recommend to everyone very disappointing,4,1
MOCK_002663,exceeded my expectations will definitely buy again a solid choice,4,1
MOCK_002664,awful experience arrived damaged and customer support ignored me highly recommended,1,0
MOCK_002665,fantastic build quality and great value for money would buy again,5,1
MOCK_002666,this product is a scam nothing works as advertised very pleased overall,2,0
MOCK_002667,perfect fit and exactly as described very satisfied not worth the price,4,1
MOCK_002668,incredible product customer service was excellent too very disappointing,5,1
MOCK_002669,misleading product photos looks nothing like what arrived a solid choice,1,0
MOCK_002670,terrible product broke after just one week of use highly recommended,2,0
MOCK_002671,great quality and fast shipping very happy with this purchase would buy again,4,1
MOCK_002672,very disappointed the quality is extremely poor very pleased overall,1,0
MOCK_002673,do not buy this it stopped working immediately not worth the price,1,0
MOCK_002674,awful experience arrived damaged and customer support ignored me very disappointing,2,0
MOCK_002675,cheap materials and poorly made would not recommend a solid choice,2,0
MOCK_002676,this product is a scam nothing works as advertised highly recommended,1,0
MOCK_002677,perfect fit and exactly as described very satisfied would buy again,5,1
MOCK_002678,incredible product customer service was excellent too very pleased overall,5,1
MOCK_002679,misleading product photos looks nothing like what arrived not worth the price,1,0
MOCK_002680,this product is absolutely amazing exactly what i needed very disappointing,5,1
MOCK_002681,great quality and fast shipping very happy with this purchase a solid choice,5,1
MOCK_002682,very disappointed the quality is extremely poor highly recommended,1,0
MOCK_002683,do not buy this it stopped working immediately would buy again,2,0
MOCK_002684,outstanding product five stars without hesitation very pleased overall,4,1
MOCK_002685,fantastic build quality and great value for money not worth the price,5,1
MOCK_002686,this product is a scam nothing works as advertised very disappointing,1,0
MOCK_002687,perfect fit and exactly as described very satisfied a solid choice,5,1
MOCK_002688,worst purchase ever falls apart after minimal use highly recommended,1,0
MOCK_002689,misleading product photos looks nothing like what arrived would buy again,2,0
MOCK_002690,terrible product broke after just one week of use very pleased overall,2,0
MOCK_002691,complete waste of money nothing like the description not worth the price,1,0
MOCK_002692,very disappointed the quality is extremely poor very disappointing,2,0
MOCK_002693,do not buy this it stopped working immediately a solid choice,2,0
MOCK_002694,awful experience arrived damaged and customer support ignored me highly recommended,2,0
MOCK_002695,cheap materials and poorly made would not recommend would buy again,1,0
MOCK_002696,love this item it has made my life so much easier very pleased overall,5,1
MOCK_002697,perfect fit and exactly as described very satisfied not worth the price,4,1
MOCK_002698,incredible product customer service was excellent too very disappointing,4,1
MOCK_002699,best purchase i have made in a long time truly impressive a solid choice,5,1
MOCK_002700,this product is absolutely amazing exactly what i needed highly recommended,5,1
MOCK_002701,great quality and fast shipping very happy with this purchase would buy again,5,1
MOCK_002702,very disappointed the quality is extremely poor very pleased overall,1,0
MOCK_002703,exceeded my expectations will definitely buy again not worth the price,5,1
MOCK_002704,outstanding product five stars without hesitation very disappointing,5,1
MOCK_002705,cheap materials and poorly made would not recommend a solid choice,1,0
MOCK_002706,love this item it has made my life so much easier highly recommended,5,1
MOCK_002707,returned it immediately total garbage would buy again,1,0
MOCK_002708,worst purchase ever falls apart after minimal use very pleased overall,1,0
MOCK_002709,best purchase i have made in a long time truly impressive not worth the price,5,1
MOCK_002710,this product is absolutely amazing exactly what i needed very disappointing,5,1
MOCK_002711,complete waste of money nothing like the description a solid choice,1,0
MOCK_002712,very disappointed the quality is extremely poor highly recommended,1,0
MOCK_002713,exceeded my expectations will definitely buy again would buy again,4,1
MOCK_002714,awful experience arrived damaged and customer support ignored me very pleased overall,2,0
MOCK_002715,fantastic build quality and great value for money not worth the price,4,1
MOCK_002716,this product is a scam nothing works as advertised very disappointing,2,0
MOCK_002717,perfect fit and exactly as described very satisfied a solid choice,5,1
MOCK_002718,worst purchase ever falls apart after minimal use highly recommended,1,0
MOCK_002719,misleading product photos looks nothing like what arrived would buy again,2,0
MOCK_002720,this product is absolutely amazing exactly what i needed very pleased overall,5,1
MOCK_002721,great quality and fast shipping very happy with this purchase not worth the price,5,1
MOCK_002722,very disappointed the quality is extremely poor very disappointing,1,0
MOCK_002723,exceeded my expectations will definitely buy again a solid choice,4,1
MOCK_002724,awful experience arrived damaged and customer support ignored me highly recommended,1,0
MOCK_002725,cheap materials and poorly made would not recommend would buy again,2,0
MOCK_002726,love this item it has made my life so much easier very pleased overall,5,1
MOCK_002727,returned it immediately total garbage not worth the price,1,0
MOCK_002728,worst purchase ever falls apart after minimal use very disappointing,1,0
MOCK_002729,best purchase i have made in a long time truly impressive a solid choice,5,1
MOCK_002730,this product is absolutely amazing exactly what i needed highly recommended,4,1
MOCK_002731,great quality and fast shipping very happy with this purchase would buy again,4,1
MOCK_002732,very disappointed the quality is extremely poor very pleased overall,2,0
MOCK_002733,do not buy this it stopped working immediately not worth the price,1,0
MOCK_002734,outstanding product five stars without hesitation very disappointing,4,1
MOCK_002735,fantastic build quality and great value for money a solid choice,4,1
MOCK_002736,love this item it has made my life so much easier highly recommended,4,1
MOCK_002737,returned it immediately total garbage would buy again,2,0
MOCK_002738,worst purchase ever falls apart after minimal use very pleased overall,2,0
MOCK_002739,misleading product photos looks nothing like what arrived not worth the price,2,0
MOCK_002740,this product is absolutely amazing exactly what i needed very disappointing,4,1
MOCK_002741,complete waste of money nothing like the description a solid choice,2,0
MOCK_002742,works perfectly highly recommend to everyone highly recommended,4,1
MOCK_002743,do not buy this it stopped working immediately would buy again,2,0
MOCK_002744,outstanding product five stars without hesitation very pleased overall,4,1
MOCK_002745,cheap materials and poorly made would not recommend not worth the price,2,0
MOCK_002746,this product is a scam nothing works as advertised very disappointing,1,0
MOCK_002747,perfect fit and exactly as described very satisfied a solid choice,4,1
MOCK_002748,incredible product customer service was excellent too highly recommended,4,1
MOCK_002749,best purchase i have made in a long time truly impressive would buy again,4,1
MOCK_002750,this product is absolutely amazing exactly what i needed very pleased overall,4,1
MOCK_002751,complete waste of money nothing like the description not worth the price,2,0
MOCK_002752,works perfectly highly recommend to everyone very disappointing,5,1
MOCK_002753,do not buy this it stopped working immediately a solid choice,1,0
MOCK_002754,outstanding product five stars without hesitation highly recommended,5,1
MOCK_002755,cheap materials and poorly made would not recommend would buy again,2,0
MOCK_002756,love this item it has made my life so much easier very pleased overall,5,1
MOCK_002757,perfect fit and exactly as described very satisfied not worth the price,5,1
MOCK_002758,incredible product customer service was excellent too very disappointing,5,1
MOCK_002759,best purchase i have made in a long time truly impressive a solid choice,5,1
MOCK_002760,terrible product broke after just one week of use highly recommended,2,0
MOCK_002761,great quality and fast shipping very happy with this purchase would buy again,5,1
MOCK_002762,works perfectly highly recommend to everyone very pleased overall,4,1
MOCK_002763,exceeded my expectations will definitely buy again not worth the price,4,1
MOCK_002764,awful experience arrived damaged and customer support ignored me very disappointing,1,0
MOCK_002765,fantastic build quality and great value for money a solid choice,5,1
MOCK_002766,love this item it has made my life so much easier highly recommended,4,1
MOCK_002767,returned it immediately total garbage would buy again,2,0
MOCK_002768,worst purchase ever falls apart after minimal use very pleased overall,2,0
MOCK_002769,best purchase i have made in a long time truly impressive not worth the price,5,1
MOCK_002770,terrible product broke after just one week of use very disappointing,1,0
MOCK_002771,complete waste of money nothing like the description a solid choice,2,0
MOCK_002772,very disappointed the quality is extremely poor highly recommended,2,0
MOCK_002773,do not buy this it stopped working immediately would buy again,1,0
MOCK_002774,awful experience arrived damaged and customer support ignored me very pleased overall,2,0
MOCK_002775,fantastic build quality and great value for money not worth the price,4,1
MOCK_002776,love this item it has made my life so much easier very disappointing,5,1
MOCK_002777,perfect fit and exactly as described very satisfied a solid choice,5,1
MOCK_002778,worst purchase ever falls apart after minimal use highly recommended,1,0
MOCK_002779,best purchase i have made in a long time truly impressive would buy again,4,1
MOCK_002780,terrible product broke after just one week of use very pleased overall,1,0
MOCK_002781,great quality and fast shipping very happy with this purchase not worth the price,4,1
MOCK_002782,very disappointed the quality is extremely poor very disappointing,2,0
MOCK_002783,do not buy this it stopped working immediately a solid choice,1,0
MOCK_002784,awful experience arrived damaged and customer support ignored me highly recommended,1,0
MOCK_002785,fantastic build quality and great value for money would buy again,5,1
MOCK_002786,this product is a scam nothing works as advertised very pleased overall,2,0
MOCK_002787,perfect fit and exactly as described very satisfied not worth the price,5,1
MOCK_002788,incredible product customer service was excellent too very disappointing,5,1
MOCK_002789,misleading product photos looks nothing like what arrived a solid choice,1,0
MOCK_002790,this product is absolutely amazing exactly what i needed highly recommended,5,1
MOCK_002791,great quality and fast shipping very happy with this purchase would buy again,4,1
MOCK_002792,very disappointed the quality is extremely poor very pleased overall,2,0
MOCK_002793,do not buy this it stopped working immediately not worth the price,2,0
MOCK_002794,outstanding product five stars without hesitation very disappointing,5,1
MOCK_002795,cheap materials and poorly made would not recommend a solid choice,2,0
MOCK_002796,love this item it has made my life so much easier highly recommended,5,1
MOCK_002797,perfect fit and exactly as described very satisfied would buy again,4,1
MOCK_002798,incredible product customer service was excellent too very pleased overall,5,1
MOCK_002799,best purchase i have made in a long time truly impressive not worth the price,5,1
MOCK_002800,terrible product broke after just one week of use very disappointing,2,0
MOCK_002801,complete waste of money nothing like the description a solid choice,1,0
MOCK_002802,works perfectly highly recommend to everyone highly recommended,4,1
MOCK_002803,do not buy this it stopped working immediately would buy again,2,0
MOCK_002804,outstanding product five stars without hesitation very pleased overall,4,1
MOCK_002805,cheap materials and poorly made would not recommend not worth the price,1,0
MOCK_002806,love this item it has made my life so much easier very disappointing,4,1
MOCK_002807,perfect fit and exactly as described very satisfied a solid choice,5,1
MOCK_002808,incredible product customer service was excellent too highly recommended,4,1
MOCK_002809,best purchase i have made in a long time truly impressive would buy again,4,1
MOCK_002810,terrible product broke after just one week of use very pleased overall,1,0
MOCK_002811,complete waste of money nothing like the description not worth the price,2,0
MOCK_002812,very disappointed the quality is extremely poor very disappointing,2,0
MOCK_002813,do not buy this it stopped working immediately a solid choice,1,0
MOCK_002814,awful experience arrived damaged and customer support ignored me highly recommended,1,0
MOCK_002815,cheap materials and poorly made would not recommend would buy again,2,0
MOCK_002816,love this item it has made my life so much easier very pleased overall,4,1
MOCK_002817,perfect fit and exactly as described very satisfied not worth the price,5,1
MOCK_002818,worst purchase ever falls apart after minimal use very disappointing,1,0
MOCK_002819,misleading product photos looks nothing like what arrived a solid choice,2,0
MOCK_002820,this product is absolutely amazing exactly what i needed highly recommended,4,1
MOCK_002821,great quality and fast shipping very happy with this purchase would buy again,5,1
MOCK_002822,works perfectly highly recommend to everyone very pleased overall,4,1
MOCK_002823,exceeded my expectations will definitely buy again not worth the price,5,1
MOCK_002824,outstanding product five stars without hesitation very disappointing,5,1
MOCK_002825,fantastic build quality and great value for money a solid choice,5,1
MOCK_002826,this product is a scam nothing works as advertised highly recommended,1,0
MOCK_002827,returned it immediately total garbage would buy again,1,0
MOCK_002828,incredible product customer service was excellent too very pleased overall,5,1
MOCK_002829,best purchase i have made in a long time truly impressive not worth the price,5,1
MOCK_002830,terrible product broke after just one week of use very disappointing,1,0
MOCK_002831,great quality and fast shipping very happy with this purchase a solid choice,4,1
MOCK_002832,works perfectly highly recommend to everyone highly recommended,4,1
MOCK_002833,do not buy this it stopped working immediately would buy again,2,0
MOCK_002834,outstanding product five stars without hesitation very pleased overall,5,1
MOCK_002835,cheap materials and poorly made would not recommend not worth the price,2,0
MOCK_002836,love this item it has made my life so much easier very disappointing,5,1
MOCK_002837,returned it immediately total garbage a solid choice,1,0
MOCK_002838,incredible product customer service was excellent too highly recommended,4,1
MOCK_002839,best purchase i have made in a long time truly impressive would buy again,4,1
MOCK_002840,terrible product broke after just one week of use very pleased overall,2,0
MOCK_002841,complete waste of money nothing like the description not worth the price,1,0
MOCK_002842,works perfectly highly recommend to everyone very disappointing,4,1
MOCK_002843,exceeded my expectations will definitely buy again a solid choice,4,1
MOCK_002844,outstanding product five stars without hesitation highly recommended,4,1
MOCK_002845,cheap materials and poorly made would not recommend would buy again,2,0
MOCK_002846,love this item it has made my life so much easier very pleased overall,4,1
MOCK_002847,perfect fit and exactly as described very satisfied not worth the price,4,1
MOCK_002848,worst purchase ever falls apart after minimal use very disappointing,2,0
MOCK_002849,best purchase i have made in a long time truly impressive a solid choice,4,1
MOCK_002850,this product is absolutely amazing exactly what i needed highly recommended,4,1
MOCK_002851,complete waste of money nothing like the description would buy again,1,0
MOCK_002852,very disappointed the quality is extremely poor very pleased overall,2,0
MOCK_002853,do not buy this it stopped working immediately not worth the price,1,0
MOCK_002854,outstanding product five stars without hesitation very disappointing,5,1
MOCK_002855,cheap materials and poorly made would not recommend a solid choice,2,0
MOCK_002856,this product is a scam nothing works as advertised highly recommended,2,0
MOCK_002857,perfect fit and exactly as described very satisfied would buy again,4,1
MOCK_002858,worst purchase ever falls apart after minimal use very pleased overall,2,0
MOCK_002859,misleading product photos looks nothing like what arrived not worth the price,1,0
MOCK_002860,this product is absolutely amazing exactly what i needed very disappointing,4,1
MOCK_002861,great quality and fast shipping very happy with this purchase a solid choice,5,1
MOCK_002862,very disappointed the quality is extremely poor highly recommended,1,0
MOCK_002863,exceeded my expectations will definitely buy again would buy again,4,1
MOCK_002864,awful experience arrived damaged and customer support ignored me very pleased overall,1,0
MOCK_002865,fantastic build quality and great value for money not worth the price,4,1
MOCK_002866,love this item it has made my life so much easier very disappointing,4,1
MOCK_002867,perfect fit and exactly as described very satisfied a solid choice,5,1
MOCK_002868,worst purchase ever falls apart after minimal use highly recommended,2,0
MOCK_002869,misleading product photos looks nothing like what arrived would buy again,1,0
MOCK_002870,this product is absolutely amazing exactly what i needed very pleased overall,5,1
MOCK_002871,great quality and fast shipping very happy with this purchase not worth the price,4,1
MOCK_002872,very disappointed the quality is extremely poor very disappointing,1,0
MOCK_002873,do not buy this it stopped working immediately a solid choice,1,0
MOCK_002874,outstanding product five stars without hesitation highly recommended,4,1
MOCK_002875,fantastic build quality and great value for money would buy again,4,1
MOCK_002876,this product is a scam nothing works as advertised very pleased overall,1,0
MOCK_002877,returned it immediately total garbage not worth the price,1,0
MOCK_002878,worst purchase ever falls apart after minimal use very disappointing,2,0
MOCK_002879,best purchase i have made in a long time truly impressive a solid choice,4,1
MOCK_002880,terrible product broke after just one week of use highly recommended,1,0
MOCK_002881,complete waste of money nothing like the description would buy again,1,0
MOCK_002882,very disappointed the quality is extremely poor very pleased overall,2,0
MOCK_002883,do not buy this it stopped working immediately not worth the price,1,0
MOCK_002884,awful experience arrived damaged and customer support ignored me very disappointing,2,0
MOCK_002885,cheap materials and poorly made would not recommend a solid choice,1,0
MOCK_002886,this product is a scam nothing works as advertised highly recommended,1,0
MOCK_002887,returned it immediately total garbage would buy again,2,0
MOCK_002888,worst purchase ever falls apart after minimal use very pleased overall,1,0
MOCK_002889,best purchase i have made in a long time truly impressive not worth the price,4,1
MOCK_002890,terrible product broke after just one week of use very disappointing,1,0
MOCK_002891,great quality and fast shipping very happy with this purchase a solid choice,5,1
MOCK_002892,works perfectly highly recommend to everyone highly recommended,5,1
MOCK_002893,exceeded my expectations will definitely buy again would buy again,5,1
MOCK_002894,outstanding product five stars without hesitation very pleased overall,5,1
MOCK_002895,fantastic build quality and great value for money not worth the price,4,1
MOCK_002896,this product is a scam nothing works as advertised very disappointing,2,0
MOCK_002897,returned it immediately total garbage a solid choice,1,0
MOCK_002898,incredible product customer service was excellent too highly recommended,5,1
MOCK_002899,best purchase i have made in a long time truly impressive would buy again,4,1
MOCK_002900,terrible product broke after just one week of use very pleased overall,1,0
MOCK_002901,complete waste of money nothing like the description not worth the price,2,0
MOCK_002902,very disappointed the quality is extremely poor very disappointing,1,0
MOCK_002903,do not buy this it stopped working immediately a solid choice,2,0
MOCK_002904,awful experience arrived damaged and customer support ignored me highly recommended,1,0
MOCK_002905,fantastic build quality and great value for money would buy again,5,1
MOCK_002906,this product is a scam nothing works as advertised very pleased overall,2,0
MOCK_002907,perfect fit and exactly as described very satisfied not worth the price,4,1
MOCK_002908,worst purchase ever falls apart after minimal use very disappointing,2,0
MOCK_002909,misleading product photos looks nothing like what arrived a solid choice,2,0
MOCK_002910,this product is absolutely amazing exactly what i needed highly recommended,5,1
MOCK_002911,great quality and fast shipping very happy with this purchase would buy again,4,1
MOCK_002912,works perfectly highly recommend to everyone very pleased overall,5,1
MOCK_002913,do not buy this it stopped working immediately not worth the price,2,0
MOCK_002914,awful experience arrived damaged and customer support ignored me very disappointing,1,0
MOCK_002915,cheap materials and poorly made would not recommend a solid choice,1,0
MOCK_002916,love this item it has made my life so much easier highly recommended,4,1
MOCK_002917,returned it immediately total garbage would buy again,2,0
MOCK_002918,incredible product customer service was excellent too very pleased overall,4,1
MOCK_002919,misleading product photos looks nothing like what arrived not worth the price,2,0
MOCK_002920,this product is absolutely amazing exactly what i needed very disappointing,5,1
MOCK_002921,great quality and fast shipping very happy with this purchase a solid choice,4,1
MOCK_002922,works perfectly highly recommend to everyone highly recommended,4,1
MOCK_002923,do not buy this it stopped working immediately would buy again,2,0
MOCK_002924,outstanding product five stars without hesitation very pleased overall,4,1
MOCK_002925,cheap materials and poorly made would not recommend not worth the price,2,0
MOCK_002926,this product is a scam nothing works as advertised very disappointing,2,0
MOCK_002927,returned it immediately total garbage a solid choice,2,0
MOCK_002928,worst purchase ever falls apart after minimal use highly recommended,1,0
MOCK_002929,misleading product photos looks nothing like what arrived would buy again,2,0
MOCK_002930,this product is absolutely amazing exactly what i needed very pleased overall,5,1
MOCK_002931,great quality and fast shipping very happy with this purchase not worth the price,4,1
MOCK_002932,works perfectly highly recommend to everyone very disappointing,5,1
MOCK_002933,exceeded my expectations will definitely buy again a solid choice,5,1
MOCK_002934,outstanding product five stars without hesitation highly recommended,5,1
MOCK_002935,fantastic build quality and great value for money would buy again,4,1
MOCK_002936,love this item it has made my life so much easier very pleased overall,4,1
MOCK_002937,perfect fit and exactly as described very satisfied not worth the price,4,1
MOCK_002938,incredible product customer service was excellent too very disappointing,4,1
MOCK_002939,best purchase i have made in a long time truly impressive a solid choice,4,1
MOCK_002940,terrible product broke after just one week of use highly recommended,2,0
MOCK_002941,great quality and fast shipping very happy with this purchase would buy again,4,1
MOCK_002942,very disappointed the quality is extremely poor very pleased overall,2,0
MOCK_002943,exceeded my expectations will definitely buy again not worth the price,4,1
MOCK_002944,outstanding product five stars without hesitation very disappointing,4,1
MOCK_002945,fantastic build quality and great value for money a solid choice,4,1
MOCK_002946,this product is a scam nothing works as advertised highly recommended,1,0
MOCK_002947,perfect fit and exactly as described very satisfied would buy again,5,1
MOCK_002948,worst purchase ever falls apart after minimal use very pleased overall,2,0
MOCK_002949,best purchase i have made in a long time truly impressive not worth the price,5,1
MOCK_002950,this product is absolutely amazing exactly what i needed very disappointing,4,1
MOCK_002951,complete waste of money nothing like the description a solid choice,2,0
MOCK_002952,very disappointed the quality is extremely poor highly recommended,1,0
MOCK_002953,do not buy this it stopped working immediately would buy again,2,0
MOCK_002954,outstanding product five stars without hesitation very pleased overall,5,1
MOCK_002955,cheap materials and poorly made would not recommend not worth the price,1,0
MOCK_002956,love this item it has made my life so much easier very disappointing,4,1
MOCK_002957,perfect fit and exactly as described very satisfied a solid choice,4,1
MOCK_002958,worst purchase ever falls apart after minimal use highly recommended,1,0
MOCK_002959,best purchase i have made in a long time truly impressive would buy again,5,1
MOCK_002960,terrible product broke after just one week of use very pleased overall,2,0
MOCK_002961,great quality and fast shipping very happy with this purchase not worth the price,5,1
MOCK_002962,works perfectly highly recommend to everyone very disappointing,4,1
MOCK_002963,exceeded my expectations will definitely buy again a solid choice,5,1
MOCK_002964,awful experience arrived damaged and customer support ignored me highly recommended,1,0
MOCK_002965,fantastic build quality and great value for money would buy again,5,1
MOCK_002966,this product is a scam nothing works as advertised very pleased overall,1,0
MOCK_002967,perfect fit and exactly as described very satisfied not worth the price,4,1
MOCK_002968,worst purchase ever falls apart after minimal use very disappointing,2,0
MOCK_002969,best purchase i have made in a long time truly impressive a solid choice,4,1
MOCK_002970,terrible product broke after just one week of use highly recommended,1,0
MOCK_002971,complete waste of money nothing like the description would buy again,2,0
MOCK_002972,very disappointed the quality is extremely poor very pleased overall,1,0
MOCK_002973,do not buy this it stopped working immediately not worth the price,2,0
MOCK_002974,outstanding product five stars without hesitation very disappointing,5,1
MOCK_002975,cheap materials and poorly made would not recommend a solid choice,2,0
MOCK_002976,this product is a scam nothing works as advertised highly recommended,2,0
MOCK_002977,perfect fit and exactly as described very satisfied would buy again,5,1
MOCK_002978,worst purchase ever falls apart after minimal use very pleased overall,2,0
MOCK_002979,best purchase i have made in a long time truly impressive not worth the price,5,1
MOCK_002980,terrible product broke after just one week of use very disappointing,2,0
MOCK_002981,great quality and fast shipping very happy with this purchase a solid choice,4,1
MOCK_002982,works perfectly highly recommend to everyone highly recommended,4,1
MOCK_002983,exceeded my expectations will definitely buy again would buy again,5,1
MOCK_002984,awful experience arrived damaged and customer support ignored me very pleased overall,1,0
MOCK_002985,fantastic build quality and great value for money not worth the price,4,1
MOCK_002986,this product is a scam nothing works as advertised very disappointing,1,0
MOCK_002987,perfect fit and exactly as described very satisfied a solid choice,5,1
MOCK_002988,incredible product customer service was excellent too highly recommended,4,1
MOCK_002989,misleading product photos looks nothing like what arrived would buy again,2,0
MOCK_002990,this product is absolutely amazing exactly what i needed very pleased overall,5,1
MOCK_002991,great quality and fast shipping very happy with this purchase not worth the price,5,1
MOCK_002992,very disappointed the quality is extremely poor very disappointing,1,0
MOCK_002993,exceeded my expectations will definitely buy again a solid choice,5,1
MOCK_002994,outstanding product five stars without hesitation highly recommended,5,1
MOCK_002995,cheap materials and poorly made would not recommend would buy again,1,0
MOCK_002996,love this item it has made my life so much easier very pleased overall,5,1
MOCK_002997,returned it immediately total garbage not worth the price,1,0
MOCK_002998,incredible product customer service was excellent too very disappointing,5,1
MOCK_002999,best purchase i have made in a long time truly impressive a solid choice,4,1
MOCK_003000,this product is absolutely amazing exactly what i needed highly recommended,5,1
MOCK_003001,great quality and fast shipping very happy with this purchase would buy again,5,1
MOCK_003002,very disappointed the quality is extremely poor very pleased overall,1,0
MOCK_003003,do not buy this it stopped working immediately not worth the price,2,0
MOCK_003004,awful experience arrived damaged and customer support ignored me very disappointing,1,0
MOCK_003005,cheap materials and poorly made would not recommend a solid choice,2,0
MOCK_003006,love this item it has made my life so much easier highly recommended,5,1
MOCK_003007,perfect fit and exactly as described very satisfied would buy again,4,1
MOCK_003008,worst purchase ever falls apart after minimal use very pleased overall,1,0
MOCK_003009,best purchase i have made in a long time truly impressive not worth the price,5,1
MOCK_003010,terrible product broke after just one week of use very disappointing,1,0
MOCK_003011,complete waste of money nothing like the description a solid choice,2,0
MOCK_003012,very disappointed the quality is extremely poor highly recommended,2,0
MOCK_003013,do not buy this it stopped working immediately would buy again,2,0
MOCK_003014,outstanding product five stars without hesitation very pleased overall,4,1
MOCK_003015,fantastic build quality and great value for money not worth the price,5,1
MOCK_003016,love this item it has made my life so much easier very disappointing,5,1
MOCK_003017,returned it immediately total garbage a solid choice,1,0
MOCK_003018,incredible product customer service was excellent too highly recommended,4,1
MOCK_003019,misleading product photos looks nothing like what arrived would buy again,1,0
MOCK_003020,terrible product broke after just one week of use very pleased overall,1,0
MOCK_003021,complete waste of money nothing like the description not worth the price,2,0
MOCK_003022,works perfectly highly recommend to everyone very disappointing,4,1
MOCK_003023,do not buy this it stopped working immediately a solid choice,2,0
MOCK_003024,awful experience arrived damaged and customer support ignored me highly recommended,1,0
MOCK_003025,cheap materials and poorly made would not recommend would buy again,1,0
MOCK_003026,this product is a scam nothing works as advertised very pleased overall,1,0
MOCK_003027,perfect fit and exactly as described very satisfied not worth the price,5,1
MOCK_003028,worst purchase ever falls apart after minimal use very disappointing,2,0
MOCK_003029,best purchase i have made in a long time truly impressive a solid choice,4,1
MOCK_003030,terrible product broke after just one week of use highly recommended,2,0
MOCK_003031,complete waste of money nothing like the description would buy again,1,0
MOCK_003032,very disappointed the quality is extremely poor very pleased overall,1,0
MOCK_003033,do not buy this it stopped working immediately not worth the price,1,0
MOCK_003034,awful experience arrived damaged and customer support ignored me very disappointing,2,0
MOCK_003035,cheap materials and poorly made would not recommend a solid choice,2,0
MOCK_003036,love this item it has made my life so much easier highly recommended,5,1
MOCK_003037,perfect fit and exactly as described very satisfied would buy again,4,1
MOCK_003038,worst purchase ever falls apart after minimal use very pleased overall,1,0
MOCK_003039,best purchase i have made in a long time truly impressive not worth the price,5,1
MOCK_003040,this product is absolutely amazing exactly what i needed very disappointing,4,1
MOCK_003041,complete waste of money nothing like the description a solid choice,2,0
MOCK_003042,works perfectly highly recommend to everyone highly recommended,5,1
MOCK_003043,do not buy this it stopped working immediately would buy again,1,0
MOCK_003044,awful experience arrived damaged and customer support ignored me very pleased overall,2,0
MOCK_003045,cheap materials and poorly made would not recommend not worth the price,2,0
MOCK_003046,this product is a scam nothing works as advertised very disappointing,1,0
MOCK_003047,returned it immediately total garbage a solid choice,2,0
MOCK_003048,incredible product customer service was excellent too highly recommended,5,1
MOCK_003049,best purchase i have made in a long time truly impressive would buy again,4,1
MOCK_003050,terrible product broke after just one week of use very pleased overall,2,0
MOCK_003051,complete waste of money nothing like the description not worth the price,1,0
MOCK_003052,works perfectly highly recommend to everyone very disappointing,5,1
MOCK_003053,do not buy this it stopped working immediately a solid choice,2,0
MOCK_003054,outstanding product five stars without hesitation highly recommended,5,1
MOCK_003055,fantastic build quality and great value for money would buy again,4,1
MOCK_003056,this product is a scam nothing works as advertised very pleased overall,2,0
MOCK_003057,returned it immediately total garbage not worth the price,1,0
MOCK_003058,incredible product customer service was excellent too very disappointing,4,1
MOCK_003059,best purchase i have made in a long time truly impressive a solid choice,4,1
MOCK_003060,terrible product broke after just one week of use highly recommended,2,0
MOCK_003061,great quality and fast shipping very happy with this purchase would buy again,4,1
MOCK_003062,very disappointed the quality is extremely poor very pleased overall,1,0
MOCK_003063,do not buy this it stopped working immediately not worth the price,2,0
MOCK_003064,awful experience arrived damaged and customer support ignored me very disappointing,1,0
MOCK_003065,cheap materials and poorly made would not recommend a solid choice,1,0
MOCK_003066,love this item it has made my life so much easier highly recommended,4,1
MOCK_003067,perfect fit and exactly as described very satisfied would buy again,4,1
MOCK_003068,worst purchase ever falls apart after minimal use very pleased overall,2,0
MOCK_003069,misleading product photos looks nothing like what arrived not worth the price,1,0
MOCK_003070,terrible product broke after just one week of use very disappointing,1,0
MOCK_003071,great quality and fast shipping very happy with this purchase a solid choice,5,1
MOCK_003072,very disappointed the quality is extremely poor highly recommended,2,0
MOCK_003073,exceeded my expectations will definitely buy again would buy again,5,1
MOCK_003074,awful experience arrived damaged and customer support ignored me very pleased overall,2,0
MOCK_003075,cheap materials and poorly made would not recommend not worth the price,2,0
MOCK_003076,love this item it has made my life so much easier very disappointing,4,1
MOCK_003077,returned it immediately total garbage a solid choice,2,0
MOCK_003078,worst purchase ever falls apart after minimal use highly recommended,2,0
MOCK_003079,best purchase i have made in a long time truly impressive would buy again,4,1
MOCK_003080,terrible product broke after just one week of use very pleased overall,1,0
MOCK_003081,complete waste of money nothing like the description not worth the price,1,0
MOCK_003082,very disappointed the quality is extremely poor very disappointing,2,0
MOCK_003083,do not buy this it stopped working immediately a solid choice,2,0
MOCK_003084,outstanding product five stars without hesitation highly recommended,5,1
MOCK_003085,fantastic build quality and great value for money would buy again,4,1
MOCK_003086,love this item it has made my life so much easier very pleased overall,4,1
MOCK_003087,returned it immediately total garbage not worth the price,1,0
MOCK_003088,incredible product customer service was excellent too very disappointing,5,1
MOCK_003089,best purchase i have made in a long time truly impressive a solid choice,5,1
MOCK_003090,terrible product broke after just one week of use highly recommended,2,0
MOCK_003091,complete waste of money nothing like the description would buy again,2,0
MOCK_003092,very disappointed the quality is extremely poor very pleased overall,2,0
MOCK_003093,do not buy this it stopped working immediately not worth the price,2,0
MOCK_003094,awful experience arrived damaged and customer support ignored me very disappointing,1,0
MOCK_003095,fantastic build quality and great value for money a solid choice,4,1
MOCK_003096,this product is a scam nothing works as advertised highly recommended,1,0
MOCK_003097,returned it immediately total garbage would buy again,1,0
MOCK_003098,incredible product customer service was excellent too very pleased overall,4,1
MOCK_003099,misleading product photos looks nothing like what arrived not worth the price,1,0
MOCK_003100,this product is absolutely amazing exactly what i needed very disappointing,5,1
MOCK_003101,complete waste of money nothing like the description a solid choice,1,0
MOCK_003102,very disappointed the quality is extremely poor highly recommended,2,0
MOCK_003103,exceeded my expectations will definitely buy again would buy again,5,1
MOCK_003104,awful experience arrived damaged and customer support ignored me very pleased overall,2,0
MOCK_003105,cheap materials and poorly made would not recommend not worth the price,2,0
MOCK_003106,love this item it has made my life so much easier very disappointing,4,1
MOCK_003107,perfect fit and exactly as described very satisfied a solid choice,5,1
MOCK_003108,worst purchase ever falls apart after minimal use highly recommended,1,0
MOCK_003109,misleading product photos looks nothing like what arrived would buy again,2,0
MOCK_003110,terrible product broke after just one week of use very pleased overall,1,0
MOCK_003111,great quality and fast shipping very happy with this purchase not worth the price,4,1
MOCK_003112,very disappointed the quality is extremely poor very disappointing,2,0
MOCK_003113,exceeded my expectations will definitely buy again a solid choice,5,1
MOCK_003114,awful experience arrived damaged and customer support ignored me highly recommended,1,0
MOCK_003115,cheap materials and poorly made would not recommend would buy again,2,0
MOCK_003116,this product is a scam nothing works as advertised very pleased overall,1,0
MOCK_003117,perfect fit and exactly as described very satisfied not worth the price,5,1
MOCK_003118,incredible product customer service was excellent too very disappointing,4,1
MOCK_003119,best purchase i have made in a long time truly impressive a solid choice,4,1
MOCK_003120,this product is absolutely amazing exactly what i needed highly recommended,4,1
MOCK_003121,great quality and fast shipping very happy with this purchase would buy again,4,1
MOCK_003122,works perfectly highly recommend to everyone very pleased overall,4,1
MOCK_003123,exceeded my expectations will definitely buy again not worth the price,4,1
MOCK_003124,awful experience arrived damaged and customer support ignored me very disappointing,1,0
MOCK_003125,fantastic build quality and great value for money a solid choice,4,1
MOCK_003126,this product is a scam nothing works as advertised highly recommended,2,0
MOCK_003127,returned it immediately total garbage would buy again,1,0
MOCK_003128,incredible product customer service was excellent too very pleased overall,5,1
MOCK_003129,best purchase i have made in a long time truly impressive not worth the price,5,1
MOCK_003130,terrible product broke after just one week of use very disappointing,1,0
MOCK_003131,complete waste of money nothing like the description a solid choice,2,0
MOCK_003132,works perfectly highly recommend to everyone highly recommended,4,1
MOCK_003133,exceeded my expectations will definitely buy again would buy again,4,1
MOCK_003134,awful experience arrived damaged and customer support ignored me very pleased overall,2,0
MOCK_003135,fantastic build quality and great value for money not worth the price,5,1
MOCK_003136,love this item it has made my life so much easier very disappointing,5,1
MOCK_003137,perfect fit and exactly as described very satisfied a solid choice,4,1
MOCK_003138,worst purchase ever falls apart after minimal use highly recommended,2,0
MOCK_003139,misleading product photos looks nothing like what arrived would buy again,1,0
MOCK_003140,terrible product broke after just one week of use very pleased overall,1,0
MOCK_003141,great quality and fast shipping very happy with this purchase not worth the price,4,1
MOCK_003142,very disappointed the quality is extremely poor very disappointing,2,0
MOCK_003143,do not buy this it stopped working immediately a solid choice,1,0
MOCK_003144,awful experience arrived damaged and customer support ignored me highly recommended,2,0
MOCK_003145,cheap materials and poorly made would not recommend would buy again,2,0
MOCK_003146,this product is a scam nothing works as advertised very pleased overall,2,0
MOCK_003147,returned it immediately total garbage not worth the price,2,0
MOCK_003148,worst purchase ever falls apart after minimal use very disappointing,2,0
MOCK_003149,misleading product photos looks nothing like what arrived a solid choice,1,0
MOCK_003150,terrible product broke after just one week of use highly recommended,1,0
MOCK_003151,complete waste of money nothing like the description would buy again,2,0
MOCK_003152,very disappointed the quality is extremely poor very pleased overall,1,0
MOCK_003153,exceeded my expectations will definitely buy again not worth the price,4,1
MOCK_003154,awful experience arrived damaged and customer support ignored me very disappointing,1,0
MOCK_003155,cheap materials and poorly made would not recommend a solid choice,1,0
MOCK_003156,this product is a scam nothing works as advertised highly recommended,1,0
MOCK_003157,perfect fit and exactly as described very satisfied would buy again,4,1
MOCK_003158,incredible product customer service was excellent too very pleased overall,5,1
MOCK_003159,misleading product photos looks nothing like what arrived not worth the price,1,0
MOCK_003160,this product is absolutely amazing exactly what i needed very disappointing,5,1
MOCK_003161,complete waste of money nothing like the description a solid choice,2,0
MOCK_003162,works perfectly highly recommend to everyone highly recommended,4,1
MOCK_003163,do not buy this it stopped working immediately would buy again,2,0
MOCK_003164,awful experience arrived damaged and customer support ignored me very pleased overall,2,0
MOCK_003165,cheap materials and poorly made would not recommend not worth the price,2,0
MOCK_003166,this product is a scam nothing works as advertised very disappointing,1,0
MOCK_003167,returned it immediately total garbage a solid choice,1,0
MOCK_003168,incredible product customer service was excellent too highly recommended,4,1
MOCK_003169,best purchase i have made in a long time truly impressive would buy again,5,1
MOCK_003170,terrible product broke after just one week of use very pleased overall,2,0
MOCK_003171,great quality and fast shipping very happy with this purchase not worth the price,5,1
MOCK_003172,very disappointed the quality is extremely poor very disappointing,2,0
MOCK_003173,exceeded my expectations will definitely buy again a solid choice,5,1
MOCK_003174,awful experience arrived damaged and customer support ignored me highly recommended,2,0
MOCK_003175,cheap materials and poorly made would not recommend would buy again,1,0
MOCK_003176,this product is a scam nothing works as advertised very pleased overall,2,0
MOCK_003177,perfect fit and exactly as described very satisfied not worth the price,4,1
MOCK_003178,incredible product customer service was excellent too very disappointing,4,1
MOCK_003179,misleading product photos looks nothing like what arrived a solid choice,2,0
MOCK_003180,this product is absolutely amazing exactly what i needed highly recommended,5,1
MOCK_003181,great quality and fast shipping very happy with this purchase would buy again,4,1
MOCK_003182,works perfectly highly recommend to everyone very pleased overall,4,1
MOCK_003183,exceeded my expectations will definitely buy again not worth the price,4,1
MOCK_003184,awful experience arrived damaged and customer support ignored me very disappointing,1,0
MOCK_003185,fantastic build quality and great value for money a solid choice,4,1
MOCK_003186,love this item it has made my life so much easier highly recommended,5,1
MOCK_003187,returned it immediately total garbage would buy again,2,0
MOCK_003188,worst purchase ever falls apart after minimal use very pleased overall,1,0
MOCK_003189,best purchase i have made in a long time truly impressive not worth the price,4,1
MOCK_003190,terrible product broke after just one week of use very disappointing,1,0
MOCK_003191,great quality and fast shipping very happy with this purchase a solid choice,4,1
MOCK_003192,very disappointed the quality is extremely poor highly recommended,2,0
MOCK_003193,do not buy this it stopped working immediately would buy again,2,0
MOCK_003194,awful experience arrived damaged and customer support ignored me very pleased overall,2,0
MOCK_003195,fantastic build quality and great value for money not worth the price,4,1
MOCK_003196,this product is a scam nothing works as advertised very disappointing,2,0
MOCK_003197,perfect fit and exactly as described very satisfied a solid choice,4,1
MOCK_003198,incredible product customer service was excellent too highly recommended,4,1
MOCK_003199,best purchase i have made in a long time truly impressive would buy again,5,1
MOCK_003200,this product is absolutely amazing exactly what i needed very pleased overall,5,1
MOCK_003201,complete waste of money nothing like the description not worth the price,2,0
MOCK_003202,works perfectly highly recommend to everyone very disappointing,5,1
MOCK_003203,exceeded my expectations will definitely buy again a solid choice,5,1
MOCK_003204,outstanding product five stars without hesitation highly recommended,5,1
MOCK_003205,fantastic build quality and great value for money would buy again,4,1
MOCK_003206,this product is a scam nothing works as advertised very pleased overall,1,0
MOCK_003207,returned it immediately total garbage not worth the price,1,0
MOCK_003208,worst purchase ever falls apart after minimal use very disappointing,1,0
MOCK_003209,best purchase i have made in a long time truly impressive a solid choice,4,1
MOCK_003210,this product is absolutely amazing exactly what i needed highly recommended,4,1
MOCK_003211,complete waste of money nothing like the description would buy again,2,0
MOCK_003212,works perfectly highly recommend to everyone very pleased overall,5,1
MOCK_003213,exceeded my expectations will definitely buy again not worth the price,5,1
MOCK_003214,outstanding product five stars without hesitation very disappointing,4,1
MOCK_003215,fantastic build quality and great value for money a solid choice,5,1
MOCK_003216,this product is a scam nothing works as advertised highly recommended,1,0
MOCK_003217,perfect fit and exactly as described very satisfied would buy again,4,1
MOCK_003218,incredible product customer service was excellent too very pleased overall,4,1
MOCK_003219,misleading product photos looks nothing like what arrived not worth the price,1,0
MOCK_003220,this product is absolutely amazing exactly what i needed very disappointing,4,1
MOCK_003221,great quality and fast shipping very happy with this purchase a solid choice,5,1
MOCK_003222,very disappointed the quality is extremely poor highly recommended,2,0
MOCK_003223,do not buy this it stopped working immediately would buy again,2,0
MOCK_003224,awful experience arrived damaged and customer support ignored me very pleased overall,1,0
MOCK_003225,fantastic build quality and great value for money not worth the price,5,1
MOCK_003226,love this item it has made my life so much easier very disappointing,5,1
MOCK_003227,returned it immediately total garbage a solid choice,1,0
MOCK_003228,worst purchase ever falls apart after minimal use highly recommended,2,0
MOCK_003229,misleading product photos looks nothing like what arrived would buy again,1,0
MOCK_003230,terrible product broke after just one week of use very pleased overall,1,0
MOCK_003231,complete waste of money nothing like the description not worth the price,1,0
MOCK_003232,very disappointed the quality is extremely poor very disappointing,2,0
MOCK_003233,do not buy this it stopped working immediately a solid choice,1,0
MOCK_003234,outstanding product five stars without hesitation highly recommended,4,1
MOCK_003235,cheap materials and poorly made would not recommend would buy again,1,0
MOCK_003236,this product is a scam nothing works as advertised very pleased overall,2,0
MOCK_003237,returned it immediately total garbage not worth the price,1,0
MOCK_003238,worst purchase ever falls apart after minimal use very disappointing,1,0
MOCK_003239,best purchase i have made in a long time truly impressive a solid choice,4,1
MOCK_003240,this product is absolutely amazing exactly what i needed highly recommended,5,1
MOCK_003241,great quality and fast shipping very happy with this purchase would buy again,5,1
MOCK_003242,works perfectly highly recommend to everyone very pleased overall,5,1
MOCK_003243,exceeded my expectations will definitely buy again not worth the price,4,1
MOCK_003244,awful experience arrived damaged and customer support ignored me very disappointing,1,0
MOCK_003245,fantastic build quality and great value for money a solid choice,5,1
MOCK_003246,this product is a scam nothing works as advertised highly recommended,1,0
MOCK_003247,returned it immediately total garbage would buy again,2,0
MOCK_003248,incredible product customer service was excellent too very pleased overall,5,1
MOCK_003249,misleading product photos looks nothing like what arrived not worth the price,1,0
MOCK_003250,terrible product broke after just one week of use very disappointing,2,0
MOCK_003251,great quality and fast shipping very happy with this purchase a solid choice,5,1
MOCK_003252,very disappointed the quality is extremely poor highly recommended,1,0
MOCK_003253,exceeded my expectations will definitely buy again would buy again,4,1
MOCK_003254,outstanding product five stars without hesitation very pleased overall,4,1
MOCK_003255,cheap materials and poorly made would not recommend not worth the price,2,0
MOCK_003256,this product is a scam nothing works as advertised very disappointing,1,0
MOCK_003257,perfect fit and exactly as described very satisfied a solid choice,4,1
MOCK_003258,worst purchase ever falls apart after minimal use highly recommended,2,0
MOCK_003259,misleading product photos looks nothing like what arrived would buy again,1,0
MOCK_003260,terrible product broke after just one week of use very pleased overall,1,0
MOCK_003261,complete waste of money nothing like the description not worth the price,2,0
MOCK_003262,very disappointed the quality is extremely poor very disappointing,1,0
MOCK_003263,do not buy this it stopped working immediately a solid choice,1,0
MOCK_003264,outstanding product five stars without hesitation highly recommended,4,1
MOCK_003265,cheap materials and poorly made would not recommend would buy again,1,0
MOCK_003266,this product is a scam nothing works as advertised very pleased overall,1,0
MOCK_003267,perfect fit and exactly as described very satisfied not worth the price,5,1
MOCK_003268,worst purchase ever falls apart after minimal use very disappointing,2,0
MOCK_003269,misleading product photos looks nothing like what arrived a solid choice,1,0
MOCK_003270,this product is absolutely amazing exactly what i needed highly recommended,5,1
MOCK_003271,complete waste of money nothing like the description would buy again,2,0
MOCK_003272,very disappointed the quality is extremely poor very pleased overall,2,0
MOCK_003273,exceeded my expectations will definitely buy again not worth the price,5,1
MOCK_003274,outstanding product five stars without hesitation very disappointing,5,1
MOCK_003275,fantastic build quality and great value for money a solid choice,5,1
MOCK_003276,this product is a scam nothing works as advertised highly recommended,1,0
MOCK_003277,returned it immediately total garbage would buy again,2,0
MOCK_003278,worst purchase ever falls apart after minimal use very pleased overall,1,0
MOCK_003279,best purchase i have made in a long time truly impressive not worth the price,4,1
MOCK_003280,this product is absolutely amazing exactly what i needed very disappointing,5,1
MOCK_003281,complete waste of money nothing like the description a solid choice,1,0
MOCK_003282,very disappointed the quality is extremely poor highly recommended,1,0
MOCK_003283,do not buy this it stopped working immediately would buy again,1,0
MOCK_003284,awful experience arrived damaged and customer support ignored me very pleased overall,1,0
MOCK_003285,fantastic build quality and great value for money not worth the price,5,1
MOCK_003286,this product is a scam nothing works as advertised very disappointing,2,0
MOCK_003287,returned it immediately total garbage a solid choice,1,0
MOCK_003288,worst purchase ever falls apart after minimal use highly recommended,1,0
MOCK_003289,misleading product photos looks nothing like what arrived would buy again,1,0
MOCK_003290,terrible product broke after just one week of use very pleased overall,1,0
MOCK_003291,great quality and fast shipping very happy with this purchase not worth the price,5,1
MOCK_003292,works perfectly highly recommend to everyone very disappointing,5,1
MOCK_003293,exceeded my expectations will definitely buy again a solid choice,4,1
MOCK_003294,awful experience arrived damaged and customer support ignored me highly recommended,1,0
MOCK_003295,cheap materials and poorly made would not recommend would buy again,2,0
MOCK_003296,this product is a scam nothing works as advertised very pleased overall,2,0
MOCK_003297,perfect fit and exactly as described very satisfied not worth the price,4,1
MOCK_003298,incredible product customer service was excellent too very disappointing,4,1
MOCK_003299,misleading product photos looks nothing like what arrived a solid choice,1,0
MOCK_003300,terrible product broke after just one week of use highly recommended,2,0
MOCK_003301,complete waste of money nothing like the description would buy again,1,0
MOCK_003302,very disappointed the quality is extremely poor very pleased overall,1,0
MOCK_003303,exceeded my expectations will definitely buy again not worth the price,5,1
MOCK_003304,awful experience arrived damaged and customer support ignored me very disappointing,2,0
MOCK_003305,cheap materials and poorly made would not recommend a solid choice,1,0
MOCK_003306,love this item it has made my life so much easier highly recommended,4,1
MOCK_003307,returned it immediately total garbage would buy again,1,0
MOCK_003308,worst purchase ever falls apart after minimal use very pleased overall,2,0
MOCK_003309,misleading product photos looks nothing like what arrived not worth the price,1,0
MOCK_003310,terrible product broke after just one week of use very disappointing,2,0
MOCK_003311,great quality and fast shipping very happy with this purchase a solid choice,5,1
MOCK_003312,works perfectly highly recommend to everyone highly recommended,5,1
MOCK_003313,exceeded my expectations will definitely buy again would buy again,5,1
MOCK_003314,awful experience arrived damaged and customer support ignored me very pleased overall,1,0
MOCK_003315,cheap materials and poorly made would not recommend not worth the price,1,0
MOCK_003316,this product is a scam nothing works as advertised very disappointing,2,0
MOCK_003317,perfect fit and exactly as described very satisfied a solid choice,4,1
MOCK_003318,worst purchase ever falls apart after minimal use highly recommended,1,0
MOCK_003319,best purchase i have made in a long time truly impressive would buy again,4,1
MOCK_003320,terrible product broke after just one week of use very pleased overall,1,0
MOCK_003321,great quality and fast shipping very happy with this purchase not worth the price,4,1
MOCK_003322,works perfectly highly recommend to everyone very disappointing,5,1
MOCK_003323,do not buy this it stopped working immediately a solid choice,2,0
MOCK_003324,outstanding product five stars without hesitation highly recommended,5,1
MOCK_003325,cheap materials and poorly made would not recommend would buy again,2,0
MOCK_003326,love this item it has made my life so much easier very pleased overall,4,1
MOCK_003327,returned it immediately total garbage not worth the price,2,0
MOCK_003328,incredible product customer service was excellent too very disappointing,5,1
MOCK_003329,best purchase i have made in a long time truly impressive a solid choice,4,1
MOCK_003330,terrible product broke after just one week of use highly recommended,2,0
MOCK_003331,complete waste of money nothing like the description would buy again,1,0
MOCK_003332,works perfectly highly recommend to everyone very pleased overall,4,1
MOCK_003333,do not buy this it stopped working immediately not worth the price,1,0
MOCK_003334,awful experience arrived damaged and customer support ignored me very disappointing,1,0
MOCK_003335,cheap materials and poorly made would not recommend a solid choice,1,0
MOCK_003336,this product is a scam nothing works as advertised highly recommended,2,0
MOCK_003337,perfect fit and exactly as described very satisfied would buy again,5,1
MOCK_003338,incredible product customer service was excellent too very pleased overall,4,1
MOCK_003339,best purchase i have made in a long time truly impressive not worth the price,5,1
MOCK_003340,terrible product broke after just one week of use very disappointing,1,0
MOCK_003341,great quality and fast shipping very happy with this purchase a solid choice,5,1
MOCK_003342,very disappointed the quality is extremely poor highly recommended,1,0
MOCK_003343,do not buy this it stopped working immediately would buy again,1,0
MOCK_003344,outstanding product five stars without hesitation very pleased overall,5,1
MOCK_003345,cheap materials and poorly made would not recommend not worth the price,2,0
MOCK_003346,love this item it has made my life so much easier very disappointing,5,1
MOCK_003347,returned it immediately total garbage a solid choice,2,0
MOCK_003348,incredible product customer service was excellent too highly recommended,5,1
MOCK_003349,misleading product photos looks nothing like what arrived would buy again,1,0
MOCK_003350,this product is absolutely amazing exactly what i needed very pleased overall,4,1
MOCK_003351,great quality and fast shipping very happy with this purchase not worth the price,4,1
MOCK_003352,works perfectly highly recommend to everyone very disappointing,4,1
MOCK_003353,do not buy this it stopped working immediately a solid choice,1,0
MOCK_003354,awful experience arrived damaged and customer support ignored me highly recommended,1,0
MOCK_003355,cheap materials and poorly made would not recommend would buy again,1,0
MOCK_003356,love this item it has made my life so much easier very pleased overall,5,1
MOCK_003357,perfect fit and exactly as described very satisfied not worth the price,4,1
MOCK_003358,incredible product customer service was excellent too very disappointing,5,1
MOCK_003359,misleading product photos looks nothing like what arrived a solid choice,2,0
MOCK_003360,this product is absolutely amazing exactly what i needed highly recommended,4,1
MOCK_003361,complete waste of money nothing like the description would buy again,1,0
MOCK_003362,very disappointed the quality is extremely poor very pleased overall,2,0
MOCK_003363,exceeded my expectations will definitely buy again not worth the price,5,1
MOCK_003364,awful experience arrived damaged and customer support ignored me very disappointing,1,0
MOCK_003365,fantastic build quality and great value for money a solid choice,4,1
MOCK_003366,love this item it has made my life so much easier highly recommended,5,1
MOCK_003367,returned it immediately total garbage would buy again,2,0
MOCK_003368,worst purchase ever falls apart after minimal use very pleased overall,1,0
MOCK_003369,misleading product photos looks nothing like what arrived not worth the price,1,0
MOCK_003370,terrible product broke after just one week of use very disappointing,2,0
MOCK_003371,great quality and fast shipping very happy with this purchase a solid choice,4,1
MOCK_003372,works perfectly highly recommend to everyone highly recommended,5,1
MOCK_003373,do not buy this it stopped working immediately would buy again,1,0
MOCK_003374,awful experience arrived damaged and customer support ignored me very pleased overall,2,0
MOCK_003375,fantastic build quality and great value for money not worth the price,4,1
MOCK_003376,love this item it has made my life so much easier very disappointing,4,1
MOCK_003377,perfect fit and exactly as described very satisfied a solid choice,5,1
MOCK_003378,incredible product customer service was excellent too highly recommended,4,1
MOCK_003379,misleading product photos looks nothing like what arrived would buy again,2,0
MOCK_003380,terrible product broke after just one week of use very pleased overall,1,0
MOCK_003381,complete waste of money nothing like the description not worth the price,2,0
MOCK_003382,very disappointed the quality is extremely poor very disappointing,2,0
MOCK_003383,exceeded my expectations will definitely buy again a solid choice,5,1
MOCK_003384,outstanding product five stars without hesitation highly recommended,4,1
MOCK_003385,fantastic build quality and great value for money would buy again,5,1
MOCK_003386,love this item it has made my life so much easier very pleased overall,5,1
MOCK_003387,perfect fit and exactly as described very satisfied not worth the price,5,1
MOCK_003388,incredible product customer service was excellent too very disappointing,4,1
MOCK_003389,misleading product photos looks nothing like what arrived a solid choice,1,0
MOCK_003390,this product is absolutely amazing exactly what i needed highly recommended,4,1
MOCK_003391,complete waste of money nothing like the description would buy again,2,0
MOCK_003392,very disappointed the quality is extremely poor very pleased overall,2,0
MOCK_003393,exceeded my expectations will definitely buy again not worth the price,4,1
MOCK_003394,awful experience arrived damaged and customer support ignored me very disappointing,2,0
MOCK_003395,fantastic build quality and great value for money a solid choice,5,1
MOCK_003396,love this item it has made my life so much easier highly recommended,4,1
MOCK_003397,perfect fit and exactly as described very satisfied would buy again,4,1
MOCK_003398,worst purchase ever falls apart after minimal use very pleased overall,2,0
MOCK_003399,misleading product photos looks nothing like what arrived not worth the price,2,0
MOCK_003400,this product is absolutely amazing exactly what i needed very disappointing,4,1
MOCK_003401,great quality and fast shipping very happy with this purchase a solid choice,5,1
MOCK_003402,very disappointed the quality is extremely poor highly recommended,2,0
MOCK_003403,do not buy this it stopped working immediately would buy again,2,0
MOCK_003404,awful experience arrived damaged and customer support ignored me very pleased overall,2,0
MOCK_003405,fantastic build quality and great value for money not worth the price,5,1
MOCK_003406,this product is a scam nothing works as advertised very disappointing,2,0
MOCK_003407,returned it immediately total garbage a solid choice,1,0
MOCK_003408,incredible product customer service was excellent too highly recommended,5,1
MOCK_003409,best purchase i have made in a long time truly impressive would buy again,4,1
MOCK_003410,this product is absolutely amazing exactly what i needed very pleased overall,5,1
MOCK_003411,great quality and fast shipping very happy with this purchase not worth the price,4,1
MOCK_003412,works perfectly highly recommend to everyone very disappointing,5,1
MOCK_003413,exceeded my expectations will definitely buy again a solid choice,4,1
MOCK_003414,awful experience arrived damaged and customer support ignored me highly recommended,1,0
MOCK_003415,fantastic build quality and great value for money would buy again,4,1
MOCK_003416,this product is a scam nothing works as advertised very pleased overall,2,0
MOCK_003417,returned it immediately total garbage not worth the price,2,0
MOCK_003418,incredible product customer service was excellent too very disappointing,4,1
MOCK_003419,misleading product photos looks nothing like what arrived a solid choice,2,0
MOCK_003420,terrible product broke after just one week of use highly recommended,2,0
MOCK_003421,complete waste of money nothing like the description would buy again,1,0
MOCK_003422,very disappointed the quality is extremely poor very pleased overall,2,0
MOCK_003423,do not buy this it stopped working immediately not worth the price,1,0
MOCK_003424,awful experience arrived damaged and customer support ignored me very disappointing,1,0
MOCK_003425,cheap materials and poorly made would not recommend a solid choice,2,0
MOCK_003426,love this item it has made my life so much easier highly recommended,4,1
MOCK_003427,perfect fit and exactly as described very satisfied would buy again,5,1
MOCK_003428,incredible product customer service was excellent too very pleased overall,5,1
MOCK_003429,misleading product photos looks nothing like what arrived not worth the price,2,0
MOCK_003430,this product is absolutely amazing exactly what i needed very disappointing,5,1
MOCK_003431,complete waste of money nothing like the description a solid choice,2,0
MOCK_003432,works perfectly highly recommend to everyone highly recommended,5,1
MOCK_003433,do not buy this it stopped working immediately would buy again,1,0
MOCK_003434,outstanding product five stars without hesitation very pleased overall,4,1
MOCK_003435,cheap materials and poorly made would not recommend not worth the price,2,0
MOCK_003436,love this item it has made my life so much easier very disappointing,4,1
MOCK_003437,returned it immediately total garbage a solid choice,1,0
MOCK_003438,worst purchase ever falls apart after minimal use highly recommended,1,0
MOCK_003439,best purchase i have made in a long time truly impressive would buy again,5,1
MOCK_003440,terrible product broke after just one week of use very pleased overall,1,0
MOCK_003441,great quality and fast shipping very happy with this purchase not worth the price,4,1
MOCK_003442,very disappointed the quality is extremely poor very disappointing,1,0
MOCK_003443,exceeded my expectations will definitely buy again a solid choice,4,1
MOCK_003444,awful experience arrived damaged and customer support ignored me highly recommended,2,0
MOCK_003445,cheap materials and poorly made would not recommend would buy again,1,0
MOCK_003446,this product is a scam nothing works as advertised very pleased overall,2,0
MOCK_003447,perfect fit and exactly as described very satisfied not worth the price,5,1
MOCK_003448,worst purchase ever falls apart after minimal use very disappointing,1,0
MOCK_003449,best purchase i have made in a long time truly impressive a solid choice,5,1
MOCK_003450,terrible product broke after just one week of use highly recommended,2,0
MOCK_003451,great quality and fast shipping very happy with this purchase would buy again,5,1
MOCK_003452,works perfectly highly recommend to everyone very pleased overall,4,1
MOCK_003453,do not buy this it stopped working immediately not worth the price,1,0
MOCK_003454,awful experience arrived damaged and customer support ignored me very disappointing,2,0
MOCK_003455,fantastic build quality and great value for money a solid choice,5,1
MOCK_003456,this product is a scam nothing works as advertised highly recommended,2,0
MOCK_003457,returned it immediately total garbage would buy again,2,0
MOCK_003458,worst purchase ever falls apart after minimal use very pleased overall,1,0
MOCK_003459,misleading product photos looks nothing like what arrived not worth the price,2,0
MOCK_003460,terrible product broke after just one week of use very disappointing,1,0
MOCK_003461,complete waste of money nothing like the description a solid choice,2,0
MOCK_003462,very disappointed the quality is extremely poor highly recommended,1,0
MOCK_003463,do not buy this it stopped working immediately would buy again,1,0
MOCK_003464,outstanding product five stars without hesitation very pleased overall,5,1
MOCK_003465,cheap materials and poorly made would not recommend not worth the price,2,0
MOCK_003466,this product is a scam nothing works as advertised very disappointing,2,0
MOCK_003467,returned it immediately total garbage a solid choice,1,0
MOCK_003468,worst purchase ever falls apart after minimal use highly recommended,1,0
MOCK_003469,best purchase i have made in a long time truly impressive would buy again,5,1
MOCK_003470,this product is absolutely amazing exactly what i needed very pleased overall,4,1
MOCK_003471,great quality and fast shipping very happy with this purchase not worth the price,4,1
MOCK_003472,works perfectly highly recommend to everyone very disappointing,5,1
MOCK_003473,do not buy this it stopped working immediately a solid choice,1,0
MOCK_003474,awful experience arrived damaged and customer support ignored me highly recommended,2,0
MOCK_003475,fantastic build quality and great value for money would buy again,4,1
MOCK_003476,love this item it has made my life so much easier very pleased overall,5,1
MOCK_003477,returned it immediately total garbage not worth the price,2,0
MOCK_003478,worst purchase ever falls apart after minimal use very disappointing,2,0
MOCK_003479,misleading product photos looks nothing like what arrived a solid choice,2,0
MOCK_003480,terrible product broke after just one week of use highly recommended,1,0
MOCK_003481,complete waste of money nothing like the description would buy again,2,0
MOCK_003482,very disappointed the quality is extremely poor very pleased overall,2,0
MOCK_003483,exceeded my expectations will definitely buy again not worth the price,5,1
MOCK_003484,outstanding product five stars without hesitation very disappointing,5,1
MOCK_003485,cheap materials and poorly made would not recommend a solid choice,2,0
MOCK_003486,this product is a scam nothing works as advertised highly recommended,2,0
MOCK_003487,returned it immediately total garbage would buy again,2,0
MOCK_003488,incredible product customer service was excellent too very pleased overall,4,1
MOCK_003489,best purchase i have made in a long time truly impressive not worth the price,4,1
MOCK_003490,terrible product broke after just one week of use very disappointing,2,0
MOCK_003491,great quality and fast shipping very happy with this purchase a solid choice,4,1
MOCK_003492,works perfectly highly recommend to everyone highly recommended,5,1
MOCK_003493,exceeded my expectations will definitely buy again would buy again,5,1
MOCK_003494,awful experience arrived damaged and customer support ignored me very pleased overall,1,0
MOCK_003495,fantastic build quality and great value for money not worth the price,5,1
MOCK_003496,this product is a scam nothing works as advertised very disappointing,2,0
MOCK_003497,perfect fit and exactly as described very satisfied a solid choice,5,1
MOCK_003498,worst purchase ever falls apart after minimal use highly recommended,1,0
MOCK_003499,misleading product photos looks nothing like what arrived would buy again,2,0
MOCK_003500,this product is absolutely amazing exactly what i needed very pleased overall,4,1
MOCK_003501,great quality and fast shipping very happy with this purchase not worth the price,5,1
MOCK_003502,very disappointed the quality is extremely poor very disappointing,1,0
MOCK_003503,exceeded my expectations will definitely buy again a solid choice,5,1
MOCK_003504,outstanding product five stars without hesitation highly recommended,5,1
MOCK_003505,cheap materials and poorly made would not recommend would buy again,2,0
MOCK_003506,love this item it has made my life so much easier very pleased overall,4,1
MOCK_003507,returned it immediately total garbage not worth the price,2,0
MOCK_003508,incredible product customer service was excellent too very disappointing,5,1
MOCK_003509,misleading product photos looks nothing like what arrived a solid choice,1,0
MOCK_003510,this product is absolutely amazing exactly what i needed highly recommended,5,1
MOCK_003511,great quality and fast shipping very happy with this purchase would buy again,5,1
MOCK_003512,very disappointed the quality is extremely poor very pleased overall,2,0
MOCK_003513,do not buy this it stopped working immediately not worth the price,2,0
MOCK_003514,awful experience arrived damaged and customer support ignored me very disappointing,2,0
MOCK_003515,fantastic build quality and great value for money a solid choice,5,1
MOCK_003516,love this item it has made my life so much easier highly recommended,5,1
MOCK_003517,perfect fit and exactly as described very satisfied would buy again,4,1
MOCK_003518,worst purchase ever falls apart after minimal use very pleased overall,2,0
MOCK_003519,best purchase i have made in a long time truly impressive not worth the price,5,1
MOCK_003520,this product is absolutely amazing exactly what i needed very disappointing,5,1
MOCK_003521,great quality and fast shipping very happy with this purchase a solid choice,5,1
MOCK_003522,works perfectly highly recommend to everyone highly recommended,4,1
MOCK_003523,exceeded my expectations will definitely buy again would buy again,4,1
MOCK_003524,outstanding product five stars without hesitation very pleased overall,5,1
MOCK_003525,fantastic build quality and great value for money not worth the price,4,1
MOCK_003526,love this item it has made my life so much easier very disappointing,4,1
MOCK_003527,perfect fit and exactly as described very satisfied a solid choice,4,1
MOCK_003528,worst purchase ever falls apart after minimal use highly recommended,2,0
MOCK_003529,best purchase i have made in a long time truly impressive would buy again,4,1
MOCK_003530,terrible product broke after just one week of use very pleased overall,1,0
MOCK_003531,great quality and fast shipping very happy with this purchase not worth the price,4,1
MOCK_003532,very disappointed the quality is extremely poor very disappointing,1,0
MOCK_003533,do not buy this it stopped working immediately a solid choice,1,0
MOCK_003534,outstanding product five stars without hesitation highly recommended,5,1
MOCK_003535,cheap materials and poorly made would not recommend would buy again,2,0
MOCK_003536,love this item it has made my life so much easier very pleased overall,4,1
MOCK_003537,perfect fit and exactly as described very satisfied not worth the price,5,1
MOCK_003538,incredible product customer service was excellent too very disappointing,4,1
MOCK_003539,misleading product photos looks nothing like what arrived a solid choice,1,0
MOCK_003540,terrible product broke after just one week of use highly recommended,2,0
MOCK_003541,great quality and fast shipping very happy with this purchase would buy again,5,1
MOCK_003542,works perfectly highly recommend to everyone very pleased overall,5,1
MOCK_003543,do not buy this it stopped working immediately not worth the price,1,0
MOCK_003544,awful experience arrived damaged and customer support ignored me very disappointing,1,0
MOCK_003545,fantastic build quality and great value for money a solid choice,4,1
MOCK_003546,this product is a scam nothing works as advertised highly recommended,1,0
MOCK_003547,perfect fit and exactly as described very satisfied would buy again,5,1
MOCK_003548,worst purchase ever falls apart after minimal use very pleased overall,1,0
MOCK_003549,misleading product photos looks nothing like what arrived not worth the price,2,0
MOCK_003550,terrible product broke after just one week of use very disappointing,2,0
MOCK_003551,great quality and fast shipping very happy with this purchase a solid choice,5,1
MOCK_003552,very disappointed the quality is extremely poor highly recommended,1,0
MOCK_003553,do not buy this it stopped working immediately would buy again,2,0
MOCK_003554,awful experience arrived damaged and customer support ignored me very pleased overall,1,0
MOCK_003555,cheap materials and poorly made would not recommend not worth the price,2,0
MOCK_003556,love this item it has made my life so much easier very disappointing,4,1
MOCK_003557,perfect fit and exactly as described very satisfied a solid choice,5,1
MOCK_003558,incredible product customer service was excellent too highly recommended,5,1
MOCK_003559,misleading product photos looks nothing like what arrived would buy again,2,0
MOCK_003560,this product is absolutely amazing exactly what i needed very pleased overall,5,1
MOCK_003561,great quality and fast shipping very happy with this purchase not worth the price,5,1
MOCK_003562,very disappointed the quality is extremely poor very disappointing,2,0
MOCK_003563,exceeded my expectations will definitely buy again a solid choice,4,1
MOCK_003564,awful experience arrived damaged and customer support ignored me highly recommended,2,0
MOCK_003565,cheap materials and poorly made would not recommend would buy again,2,0
MOCK_003566,love this item it has made my life so much easier very pleased overall,5,1
MOCK_003567,returned it immediately total garbage not worth the price,1,0
MOCK_003568,incredible product customer service was excellent too very disappointing,5,1
MOCK_003569,misleading product photos looks nothing like what arrived a solid choice,1,0
MOCK_003570,terrible product broke after just one week of use highly recommended,2,0
MOCK_003571,great quality and fast shipping very happy with this purchase would buy again,4,1
MOCK_003572,very disappointed the quality is extremely poor very pleased overall,1,0
MOCK_003573,exceeded my expectations will definitely buy again not worth the price,4,1
MOCK_003574,awful experience arrived damaged and customer support ignored me very disappointing,1,0
MOCK_003575,fantastic build quality and great value for money a solid choice,4,1
MOCK_003576,this product is a scam nothing works as advertised highly recommended,2,0
MOCK_003577,returned it immediately total garbage would buy again,1,0
MOCK_003578,incredible product customer service was excellent too very pleased overall,5,1
MOCK_003579,misleading product photos looks nothing like what arrived not worth the price,1,0
MOCK_003580,terrible product broke after just one week of use very disappointing,2,0
MOCK_003581,great quality and fast shipping very happy with this purchase a solid choice,5,1
MOCK_003582,works perfectly highly recommend to everyone highly recommended,4,1
MOCK_003583,exceeded my expectations will definitely buy again would buy again,5,1
MOCK_003584,awful experience arrived damaged and customer support ignored me very pleased overall,2,0
MOCK_003585,fantastic build quality and great value for money not worth the price,5,1
MOCK_003586,love this item it has made my life so much easier very disappointing,4,1
MOCK_003587,returned it immediately total garbage a solid choice,1,0
MOCK_003588,incredible product customer service was excellent too highly recommended,5,1
MOCK_003589,misleading product photos looks nothing like what arrived would buy again,1,0
MOCK_003590,terrible product broke after just one week of use very pleased overall,2,0
MOCK_003591,complete waste of money nothing like the description not worth the price,1,0
MOCK_003592,very disappointed the quality is extremely poor very disappointing,2,0
MOCK_003593,do not buy this it stopped working immediately a solid choice,1,0
MOCK_003594,awful experience arrived damaged and customer support ignored me highly recommended,1,0
MOCK_003595,cheap materials and poorly made would not recommend would buy again,2,0
MOCK_003596,love this item it has made my life so much easier very pleased overall,5,1
MOCK_003597,perfect fit and exactly as described very satisfied not worth the price,5,1
MOCK_003598,worst purchase ever falls apart after minimal use very disappointing,2,0
MOCK_003599,misleading product photos looks nothing like what arrived a solid choice,1,0
MOCK_003600,this product is absolutely amazing exactly what i needed highly recommended,4,1
MOCK_003601,complete waste of money nothing like the description would buy again,1,0
MOCK_003602,very disappointed the quality is extremely poor very pleased overall,2,0
MOCK_003603,exceeded my expectations will definitely buy again not worth the price,4,1
MOCK_003604,awful experience arrived damaged and customer support ignored me very disappointing,2,0
MOCK_003605,fantastic build quality and great value for money a solid choice,4,1
MOCK_003606,love this item it has made my life so much easier highly recommended,4,1
MOCK_003607,returned it immediately total garbage would buy again,1,0
MOCK_003608,incredible product customer service was excellent too very pleased overall,4,1
MOCK_003609,misleading product photos looks nothing like what arrived not worth the price,1,0
MOCK_003610,terrible product broke after just one week of use very disappointing,2,0
MOCK_003611,complete waste of money nothing like the description a solid choice,1,0
MOCK_003612,works perfectly highly recommend to everyone highly recommended,5,1
MOCK_003613,do not buy this it stopped working immediately would buy again,2,0
MOCK_003614,outstanding product five stars without hesitation very pleased overall,5,1
MOCK_003615,fantastic build quality and great value for money not worth the price,5,1
MOCK_003616,this product is a scam nothing works as advertised very disappointing,1,0
MOCK_003617,returned it immediately total garbage a solid choice,1,0
MOCK_003618,incredible product customer service was excellent too highly recommended,4,1
MOCK_003619,misleading product photos looks nothing like what arrived would buy again,2,0
MOCK_003620,this product is absolutely amazing exactly what i needed very pleased overall,5,1
MOCK_003621,complete waste of money nothing like the description not worth the price,1,0
MOCK_003622,works perfectly highly recommend to everyone very disappointing,4,1
MOCK_003623,do not buy this it stopped working immediately a solid choice,2,0
MOCK_003624,awful experience arrived damaged and customer support ignored me highly recommended,2,0
MOCK_003625,cheap materials and poorly made would not recommend would buy again,2,0
MOCK_003626,love this item it has made my life so much easier very pleased overall,5,1
MOCK_003627,returned it immediately total garbage not worth the price,2,0
MOCK_003628,incredible product customer service was excellent too very disappointing,5,1
MOCK_003629,misleading product photos looks nothing like what arrived a solid choice,1,0
MOCK_003630,terrible product broke after just one week of use highly recommended,1,0
MOCK_003631,great quality and fast shipping very happy with this purchase would buy again,5,1
MOCK_003632,works perfectly highly recommend to everyone very pleased overall,5,1
MOCK_003633,exceeded my expectations will definitely buy again not worth the price,4,1
MOCK_003634,awful experience arrived damaged and customer support ignored me very disappointing,2,0
MOCK_003635,cheap materials and poorly made would not recommend a solid choice,1,0
MOCK_003636,love this item it has made my life so much easier highly recommended,5,1
MOCK_003637,returned it immediately total garbage would buy again,1,0
MOCK_003638,worst purchase ever falls apart after minimal use very pleased overall,2,0
MOCK_003639,best purchase i have made in a long time truly impressive not worth the price,5,1
MOCK_003640,this product is absolutely amazing exactly what i needed very disappointing,4,1
MOCK_003641,great quality and fast shipping very happy with this purchase a solid choice,4,1
MOCK_003642,very disappointed the quality is extremely poor highly recommended,2,0
MOCK_003643,exceeded my expectations will definitely buy again would buy again,4,1
MOCK_003644,awful experience arrived damaged and customer support ignored me very pleased overall,1,0
MOCK_003645,fantastic build quality and great value for money not worth the price,5,1
MOCK_003646,this product is a scam nothing works as advertised very disappointing,1,0
MOCK_003647,returned it immediately total garbage a solid choice,1,0
MOCK_003648,worst purchase ever falls apart after minimal use highly recommended,1,0
MOCK_003649,misleading product photos looks nothing like what arrived would buy again,2,0
MOCK_003650,this product is absolutely amazing exactly what i needed very pleased overall,4,1
MOCK_003651,great quality and fast shipping very happy with this purchase not worth the price,4,1
MOCK_003652,works perfectly highly recommend to everyone very disappointing,4,1
MOCK_003653,exceeded my expectations will definitely buy again a solid choice,4,1
MOCK_003654,outstanding product five stars without hesitation highly recommended,4,1
MOCK_003655,fantastic build quality and great value for money would buy again,4,1
MOCK_003656,love this item it has made my life so much easier very pleased overall,4,1
MOCK_003657,perfect fit and exactly as described very satisfied not worth the price,4,1
MOCK_003658,incredible product customer service was excellent too very disappointing,5,1
MOCK_003659,best purchase i have made in a long time truly impressive a solid choice,4,1
MOCK_003660,terrible product broke after just one week of use highly recommended,1,0
MOCK_003661,great quality and fast shipping very happy with this purchase would buy again,5,1
MOCK_003662,very disappointed the quality is extremely poor very pleased overall,2,0
MOCK_003663,do not buy this it stopped working immediately not worth the price,2,0
MOCK_003664,awful experience arrived damaged and customer support ignored me very disappointing,1,0
MOCK_003665,cheap materials and poorly made would not recommend a solid choice,1,0
MOCK_003666,this product is a scam nothing works as advertised highly recommended,1,0
MOCK_003667,returned it immediately total garbage would buy again,1,0
MOCK_003668,incredible product customer service was excellent too very pleased overall,4,1
MOCK_003669,misleading product photos looks nothing like what arrived not worth the price,2,0
MOCK_003670,this product is absolutely amazing exactly what i needed very disappointing,4,1
MOCK_003671,great quality and fast shipping very happy with this purchase a solid choice,5,1
MOCK_003672,works perfectly highly recommend to everyone highly recommended,4,1
MOCK_003673,do not buy this it stopped working immediately would buy again,1,0
MOCK_003674,outstanding product five stars without hesitation very pleased overall,5,1
MOCK_003675,fantastic build quality and great value for money not worth the price,5,1
MOCK_003676,this product is a scam nothing works as advertised very disappointing,1,0
MOCK_003677,perfect fit and exactly as described very satisfied a solid choice,5,1
MOCK_003678,worst purchase ever falls apart after minimal use highly recommended,1,0
MOCK_003679,best purchase i have made in a long time truly impressive would buy again,4,1
MOCK_003680,terrible product broke after just one week of use very pleased overall,2,0
MOCK_003681,complete waste of money nothing like the description not worth the price,1,0
MOCK_003682,works perfectly highly recommend to everyone very disappointing,4,1
MOCK_003683,exceeded my expectations will definitely buy again a solid choice,4,1
MOCK_003684,awful experience arrived damaged and customer support ignored me highly recommended,1,0
MOCK_003685,fantastic build quality and great value for money would buy again,4,1
MOCK_003686,love this item it has made my life so much easier very pleased overall,4,1
MOCK_003687,returned it immediately total garbage not worth the price,2,0
MOCK_003688,incredible product customer service was excellent too very disappointing,5,1
MOCK_003689,misleading product photos looks nothing like what arrived a solid choice,1,0
MOCK_003690,this product is absolutely amazing exactly what i needed highly recommended,4,1
MOCK_003691,complete waste of money nothing like the description would buy again,2,0
MOCK_003692,works perfectly highly recommend to everyone very pleased overall,4,1
MOCK_003693,exceeded my expectations will definitely buy again not worth the price,5,1
MOCK_003694,awful experience arrived damaged and customer support ignored me very disappointing,2,0
MOCK_003695,fantastic build quality and great value for money a solid choice,4,1
MOCK_003696,this product is a scam nothing works as advertised highly recommended,1,0
MOCK_003697,perfect fit and exactly as described very satisfied would buy again,4,1
MOCK_003698,worst purchase ever falls apart after minimal use very pleased overall,1,0
MOCK_003699,misleading product photos looks nothing like what arrived not worth the price,1,0
MOCK_003700,this product is absolutely amazing exactly what i needed very disappointing,5,1
MOCK_003701,complete waste of money nothing like the description a solid choice,1,0
MOCK_003702,very disappointed the quality is extremely poor highly recommended,2,0
MOCK_003703,exceeded my expectations will definitely buy again would buy again,5,1
MOCK_003704,outstanding product five stars without hesitation very pleased overall,4,1
MOCK_003705,cheap materials and poorly made would not recommend not worth the price,1,0
MOCK_003706,love this item it has made my life so much easier very disappointing,4,1
MOCK_003707,returned it immediately total garbage a solid choice,2,0
MOCK_003708,incredible product customer service was excellent too highly recommended,4,1
MOCK_003709,best purchase i have made in a long time truly impressive would buy again,5,1
MOCK_003710,this product is absolutely amazing exactly what i needed very pleased overall,5,1
MOCK_003711,complete waste of money nothing like the description not worth the price,2,0
MOCK_003712,works perfectly highly recommend to everyone very disappointing,5,1
MOCK_003713,exceeded my expectations will definitely buy again a solid choice,5,1
MOCK_003714,outstanding product five stars without hesitation highly recommended,5,1
MOCK_003715,fantastic build quality and great value for money would buy again,5,1
MOCK_003716,this product is a scam nothing works as advertised very pleased overall,2,0
MOCK_003717,returned it immediately total garbage not worth the price,2,0
MOCK_003718,incredible product customer service was excellent too very disappointing,5,1
MOCK_003719,best purchase i have made in a long time truly impressive a solid choice,4,1
MOCK_003720,terrible product broke after just one week of use highly recommended,2,0
MOCK_003721,great quality and fast shipping very happy with this purchase would buy again,5,1
MOCK_003722,works perfectly highly recommend to everyone very pleased overall,5,1
MOCK_003723,do not buy this it stopped working immediately not worth the price,1,0
MOCK_003724,outstanding product five stars without hesitation very disappointing,5,1
MOCK_003725,fantastic build quality and great value for money a solid choice,5,1
MOCK_003726,love this item it has made my life so much easier highly recommended,5,1
MOCK_003727,perfect fit and exactly as described very satisfied would buy again,4,1
MOCK_003728,incredible product customer service was excellent too very pleased overall,5,1
MOCK_003729,misleading product photos looks nothing like what arrived not worth the price,2,0
MOCK_003730,this product is absolutely amazing exactly what i needed very disappointing,5,1
MOCK_003731,complete waste of money nothing like the description a solid choice,2,0
MOCK_003732,very disappointed the quality is extremely poor highly recommended,2,0
MOCK_003733,exceeded my expectations will definitely buy again would buy again,5,1
MOCK_003734,outstanding product five stars without hesitation very pleased overall,4,1
MOCK_003735,fantastic build quality and great value for money not worth the price,5,1
MOCK_003736,this product is a scam nothing works as advertised very disappointing,1,0
MOCK_003737,returned it immediately total garbage a solid choice,2,0
MOCK_003738,incredible product customer service was excellent too highly recommended,5,1
MOCK_003739,best purchase i have made in a long time truly impressive would buy again,4,1
MOCK_003740,this product is absolutely amazing exactly what i needed very pleased overall,4,1
MOCK_003741,complete waste of money nothing like the description not worth the price,1,0
MOCK_003742,very disappointed the quality is extremely poor very disappointing,2,0
MOCK_003743,exceeded my expectations will definitely buy again a solid choice,5,1
MOCK_003744,awful experience arrived damaged and customer support ignored me highly recommended,1,0
MOCK_003745,cheap materials and poorly made would not recommend would buy again,2,0
MOCK_003746,this product is a scam nothing works as advertised very pleased overall,1,0
MOCK_003747,perfect fit and exactly as described very satisfied not worth the price,5,1
MOCK_003748,incredible product customer service was excellent too very disappointing,4,1
MOCK_003749,best purchase i have made in a long time truly impressive a solid choice,4,1
MOCK_003750,this product is absolutely amazing exactly what i needed highly recommended,4,1
MOCK_003751,great quality and fast shipping very happy with this purchase would buy again,5,1
MOCK_003752,works perfectly highly recommend to everyone very pleased overall,4,1
MOCK_003753,do not buy this it stopped working immediately not worth the price,2,0
MOCK_003754,outstanding product five stars without hesitation very disappointing,4,1
MOCK_003755,cheap materials and poorly made would not recommend a solid choice,1,0
MOCK_003756,this product is a scam nothing works as advertised highly recommended,1,0
MOCK_003757,returned it immediately total garbage would buy again,1,0
MOCK_003758,worst purchase ever falls apart after minimal use very pleased overall,2,0
MOCK_003759,misleading product photos looks nothing like what arrived not worth the price,1,0
MOCK_003760,terrible product broke after just one week of use very disappointing,2,0
MOCK_003761,complete waste of money nothing like the description a solid choice,1,0
MOCK_003762,very disappointed the quality is extremely poor highly recommended,1,0
MOCK_003763,do not buy this it stopped working immediately would buy again,1,0
MOCK_003764,outstanding product five stars without hesitation very pleased overall,4,1
MOCK_003765,cheap materials and poorly made would not recommend not worth the price,2,0
MOCK_003766,love this item it has made my life so much easier very disappointing,5,1
MOCK_003767,returned it immediately total garbage a solid choice,1,0
MOCK_003768,worst purchase ever falls apart after minimal use highly recommended,2,0
MOCK_003769,misleading product photos looks nothing like what arrived would buy again,2,0
MOCK_003770,this product is absolutely amazing exactly what i needed very pleased overall,5,1
MOCK_003771,complete waste of money nothing like the description not worth the price,2,0
MOCK_003772,very disappointed the quality is extremely poor very disappointing,2,0
MOCK_003773,exceeded my expectations will definitely buy again a solid choice,5,1
MOCK_003774,awful experience arrived damaged and customer support ignored me highly recommended,2,0
MOCK_003775,cheap materials and poorly made would not recommend would buy again,1,0
MOCK_003776,this product is a scam nothing works as advertised very pleased overall,2,0
MOCK_003777,perfect fit and exactly as described very satisfied not worth the price,4,1
MOCK_003778,incredible product customer service was excellent too very disappointing,5,1
MOCK_003779,misleading product photos looks nothing like what arrived a solid choice,2,0
MOCK_003780,this product is absolutely amazing exactly what i needed highly recommended,4,1
MOCK_003781,complete waste of money nothing like the description would buy again,2,0
MOCK_003782,very disappointed the quality is extremely poor very pleased overall,2,0
MOCK_003783,do not buy this it stopped working immediately not worth the price,1,0
MOCK_003784,awful experience arrived damaged and customer support ignored me very disappointing,2,0
MOCK_003785,fantastic build quality and great value for money a solid choice,5,1
MOCK_003786,this product is a scam nothing works as advertised highly recommended,2,0
MOCK_003787,perfect fit and exactly as described very satisfied would buy again,4,1
MOCK_003788,incredible product customer service was excellent too very pleased overall,4,1
MOCK_003789,best purchase i have made in a long time truly impressive not worth the price,5,1
MOCK_003790,terrible product broke after just one week of use very disappointing,1,0
MOCK_003791,great quality and fast shipping very happy with this purchase a solid choice,4,1
MOCK_003792,very disappointed the quality is extremely poor highly recommended,1,0
MOCK_003793,exceeded my expectations will definitely buy again would buy again,4,1
MOCK_003794,awful experience arrived damaged and customer support ignored me very pleased overall,2,0
MOCK_003795,cheap materials and poorly made would not recommend not worth the price,2,0
MOCK_003796,love this item it has made my life so much easier very disappointing,5,1
MOCK_003797,returned it immediately total garbage a solid choice,2,0
MOCK_003798,incredible product customer service was excellent too highly recommended,4,1
MOCK_003799,misleading product photos looks nothing like what arrived would buy again,1,0
MOCK_003800,terrible product broke after just one week of use very pleased overall,1,0
MOCK_003801,complete waste of money nothing like the description not worth the price,1,0
MOCK_003802,very disappointed the quality is extremely poor very disappointing,1,0
MOCK_003803,exceeded my expectations will definitely buy again a solid choice,4,1
MOCK_003804,awful experience arrived damaged and customer support ignored me highly recommended,1,0
MOCK_003805,cheap materials and poorly made would not recommend would buy again,1,0
MOCK_003806,this product is a scam nothing works as advertised very pleased overall,2,0
MOCK_003807,perfect fit and exactly as described very satisfied not worth the price,5,1
MOCK_003808,incredible product customer service was excellent too very disappointing,5,1
MOCK_003809,misleading product photos looks nothing like what arrived a solid choice,2,0
MOCK_003810,this product is absolutely amazing exactly what i needed highly recommended,5,1
MOCK_003811,great quality and fast shipping very happy with this purchase would buy again,4,1
MOCK_003812,works perfectly highly recommend to everyone very pleased overall,5,1
MOCK_003813,do not buy this it stopped working immediately not worth the price,1,0
MOCK_003814,outstanding product five stars without hesitation very disappointing,4,1
MOCK_003815,cheap materials and poorly made would not recommend a solid choice,1,0
MOCK_003816,love this item it has made my life so much easier highly recommended,4,1
MOCK_003817,returned it immediately total garbage would buy again,1,0
MOCK_003818,worst purchase ever falls apart after minimal use very pleased overall,2,0
MOCK_003819,best purchase i have made in a long time truly impressive not worth the price,5,1
MOCK_003820,this product is absolutely amazing exactly what i needed very disappointing,5,1
MOCK_003821,complete waste of money nothing like the description a solid choice,2,0
MOCK_003822,very disappointed the quality is extremely poor highly recommended,2,0
MOCK_003823,exceeded my expectations will definitely buy again would buy again,4,1
MOCK_003824,outstanding product five stars without hesitation very pleased overall,5,1
MOCK_003825,cheap materials and poorly made would not recommend not worth the price,2,0
MOCK_003826,this product is a scam nothing works as advertised very disappointing,1,0
MOCK_003827,returned it immediately total garbage a solid choice,1,0
MOCK_003828,incredible product customer service was excellent too highly recommended,5,1
MOCK_003829,best purchase i have made in a long time truly impressive would buy again,5,1
MOCK_003830,this product is absolutely amazing exactly what i needed very pleased overall,4,1
MOCK_003831,complete waste of money nothing like the description not worth the price,2,0
MOCK_003832,works perfectly highly recommend to everyone very disappointing,4,1
MOCK_003833,exceeded my expectations will definitely buy again a solid choice,4,1
MOCK_003834,awful experience arrived damaged and customer support ignored me highly recommended,1,0
MOCK_003835,cheap materials and poorly made would not recommend would buy again,1,0
MOCK_003836,love this item it has made my life so much easier very pleased overall,5,1
MOCK_003837,perfect fit and exactly as described very satisfied not worth the price,4,1
MOCK_003838,incredible product customer service was excellent too very disappointing,5,1
MOCK_003839,misleading product photos looks nothing like what arrived a solid choice,1,0
MOCK_003840,terrible product broke after just one week of use highly recommended,2,0
MOCK_003841,great quality and fast shipping very happy with this purchase would buy again,5,1
MOCK_003842,works perfectly highly recommend to everyone very pleased overall,5,1
MOCK_003843,do not buy this it stopped working immediately not worth the price,2,0
MOCK_003844,awful experience arrived damaged and customer support ignored me very disappointing,2,0
MOCK_003845,fantastic build quality and great value for money a solid choice,5,1
MOCK_003846,this product is a scam nothing works as advertised highly recommended,2,0
MOCK_003847,perfect fit and exactly as described very satisfied would buy again,5,1
MOCK_003848,incredible product customer service was excellent too very pleased overall,4,1
MOCK_003849,misleading product photos looks nothing like what arrived not worth the price,1,0
MOCK_003850,this product is absolutely amazing exactly what i needed very disappointing,4,1
MOCK_003851,great quality and fast shipping very happy with this purchase a solid choice,4,1
MOCK_003852,works perfectly highly recommend to everyone highly recommended,4,1
MOCK_003853,exceeded my expectations will definitely buy again would buy again,4,1
MOCK_003854,awful experience arrived damaged and customer support ignored me very pleased overall,2,0
MOCK_003855,cheap materials and poorly made would not recommend not worth the price,1,0
MOCK_003856,this product is a scam nothing works as advertised very disappointing,2,0
MOCK_003857,returned it immediately total garbage a solid choice,1,0
MOCK_003858,incredible product customer service was excellent too highly recommended,5,1
MOCK_003859,misleading product photos looks nothing like what arrived would buy again,1,0
MOCK_003860,terrible product broke after just one week of use very pleased overall,1,0
MOCK_003861,great quality and fast shipping very happy with this purchase not worth the price,4,1
MOCK_003862,works perfectly highly recommend to everyone very disappointing,5,1
MOCK_003863,do not buy this it stopped working immediately a solid choice,1,0
MOCK_003864,awful experience arrived damaged and customer support ignored me highly recommended,2,0
MOCK_003865,fantastic build quality and great value for money would buy again,4,1
MOCK_003866,this product is a scam nothing works as advertised very pleased overall,2,0
MOCK_003867,returned it immediately total garbage not worth the price,1,0
MOCK_003868,worst purchase ever falls apart after minimal use very disappointing,2,0
MOCK_003869,best purchase i have made in a long time truly impressive a solid choice,4,1
MOCK_003870,terrible product broke after just one week of use highly recommended,1,0
MOCK_003871,great quality and fast shipping very happy with this purchase would buy again,4,1
MOCK_003872,very disappointed the quality is extremely poor very pleased overall,1,0
MOCK_003873,exceeded my expectations will definitely buy again not worth the price,4,1
MOCK_003874,outstanding product five stars without hesitation very disappointing,5,1
MOCK_003875,fantastic build quality and great value for money a solid choice,4,1
MOCK_003876,this product is a scam nothing works as advertised highly recommended,1,0
MOCK_003877,returned it immediately total garbage would buy again,2,0
MOCK_003878,worst purchase ever falls apart after minimal use very pleased overall,1,0
MOCK_003879,best purchase i have made in a long time truly impressive not worth the price,4,1
MOCK_003880,terrible product broke after just one week of use very disappointing,2,0
MOCK_003881,great quality and fast shipping very happy with this purchase a solid choice,5,1
MOCK_003882,very disappointed the quality is extremely poor highly recommended,2,0
MOCK_003883,exceeded my expectations will definitely buy again would buy again,4,1
MOCK_003884,awful experience arrived damaged and customer support ignored me very pleased overall,2,0
MOCK_003885,cheap materials and poorly made would not recommend not worth the price,1,0
MOCK_003886,love this item it has made my life so much easier very disappointing,5,1
MOCK_003887,returned it immediately total garbage a solid choice,2,0
MOCK_003888,incredible product customer service was excellent too highly recommended,5,1
MOCK_003889,misleading product photos looks nothing like what arrived would buy again,1,0
MOCK_003890,this product is absolutely amazing exactly what i needed very pleased overall,4,1
MOCK_003891,great quality and fast shipping very happy with this purchase not worth the price,5,1
MOCK_003892,very disappointed the quality is extremely poor very disappointing,2,0
MOCK_003893,exceeded my expectations will definitely buy again a solid choice,5,1
MOCK_003894,outstanding product five stars without hesitation highly recommended,5,1
MOCK_003895,fantastic build quality and great value for money would buy again,5,1
MOCK_003896,love this item it has made my life so much easier very pleased overall,4,1
MOCK_003897,returned it immediately total garbage not worth the price,1,0
MOCK_003898,incredible product customer service was excellent too very disappointing,4,1
MOCK_003899,best purchase i have made in a long time truly impressive a solid choice,4,1
MOCK_003900,terrible product broke after just one week of use highly recommended,1,0
MOCK_003901,great quality and fast shipping very happy with this purchase would buy again,5,1
MOCK_003902,works perfectly highly recommend to everyone very pleased overall,5,1
MOCK_003903,do not buy this it stopped working immediately not worth the price,2,0
MOCK_003904,awful experience arrived damaged and customer support ignored me very disappointing,1,0
MOCK_003905,fantastic build quality and great value for money a solid choice,5,1
MOCK_003906,this product is a scam nothing works as advertised highly recommended,2,0
MOCK_003907,returned it immediately total garbage would buy again,2,0
MOCK_003908,incredible product customer service was excellent too very pleased overall,5,1
MOCK_003909,best purchase i have made in a long time truly impressive not worth the price,5,1
MOCK_003910,terrible product broke after just one week of use very disappointing,2,0
MOCK_003911,complete waste of money nothing like the description a solid choice,1,0
MOCK_003912,works perfectly highly recommend to everyone highly recommended,5,1
MOCK_003913,do not buy this it stopped working immediately would buy again,1,0
MOCK_003914,outstanding product five stars without hesitation very pleased overall,4,1
MOCK_003915,cheap materials and poorly made would not recommend not worth the price,1,0
MOCK_003916,this product is a scam nothing works as advertised very disappointing,2,0
MOCK_003917,perfect fit and exactly as described very satisfied a solid choice,5,1
MOCK_003918,worst purchase ever falls apart after minimal use highly recommended,2,0
MOCK_003919,best purchase i have made in a long time truly impressive would buy again,4,1
MOCK_003920,terrible product broke after just one week of use very pleased overall,1,0
MOCK_003921,great quality and fast shipping very happy with this purchase not worth the price,5,1
MOCK_003922,very disappointed the quality is extremely poor very disappointing,1,0
MOCK_003923,do not buy this it stopped working immediately a solid choice,2,0
MOCK_003924,awful experience arrived damaged and customer support ignored me highly recommended,1,0
MOCK_003925,cheap materials and poorly made would not recommend would buy again,2,0
MOCK_003926,this product is a scam nothing works as advertised very pleased overall,2,0
MOCK_003927,perfect fit and exactly as described very satisfied not worth the price,5,1
MOCK_003928,worst purchase ever falls apart after minimal use very disappointing,1,0
MOCK_003929,misleading product photos looks nothing like what arrived a solid choice,2,0
MOCK_003930,this product is absolutely amazing exactly what i needed highly recommended,5,1
MOCK_003931,great quality and fast shipping very happy with this purchase would buy again,5,1
MOCK_003932,very disappointed the quality is extremely poor very pleased overall,2,0
MOCK_003933,exceeded my expectations will definitely buy again not worth the price,4,1
MOCK_003934,outstanding product five stars without hesitation very disappointing,4,1
MOCK_003935,cheap materials and poorly made would not recommend a solid choice,1,0
MOCK_003936,this product is a scam nothing works as advertised highly recommended,1,0
MOCK_003937,returned it immediately total garbage would buy again,2,0
MOCK_003938,worst purchase ever falls apart after minimal use very pleased overall,1,0
MOCK_003939,best purchase i have made in a long time truly impressive not worth the price,4,1
MOCK_003940,terrible product broke after just one week of use very disappointing,1,0
MOCK_003941,great quality and fast shipping very happy with this purchase a solid choice,4,1
MOCK_003942,works perfectly highly recommend to everyone highly recommended,4,1
MOCK_003943,do not buy this it stopped working immediately would buy again,2,0
MOCK_003944,outstanding product five stars without hesitation very pleased overall,4,1
MOCK_003945,cheap materials and poorly made would not recommend not worth the price,2,0
MOCK_003946,this product is a scam nothing works as advertised very disappointing,1,0
MOCK_003947,perfect fit and exactly as described very satisfied a solid choice,4,1
MOCK_003948,incredible product customer service was excellent too highly recommended,5,1
MOCK_003949,best purchase i have made in a long time truly impressive would buy again,4,1
MOCK_003950,terrible product broke after just one week of use very pleased overall,1,0
MOCK_003951,complete waste of money nothing like the description not worth the price,2,0
MOCK_003952,works perfectly highly recommend to everyone very disappointing,5,1
MOCK_003953,exceeded my expectations will definitely buy again a solid choice,5,1
MOCK_003954,awful experience arrived damaged and customer support ignored me highly recommended,1,0
MOCK_003955,cheap materials and poorly made would not recommend would buy again,2,0
MOCK_003956,this product is a scam nothing works as advertised very pleased overall,2,0
MOCK_003957,returned it immediately total garbage not worth the price,2,0
MOCK_003958,incredible product customer service was excellent too very disappointing,4,1
MOCK_003959,misleading product photos looks nothing like what arrived a solid choice,1,0
MOCK_003960,terrible product broke after just one week of use highly recommended,1,0
MOCK_003961,great quality and fast shipping very happy with this purchase would buy again,4,1
MOCK_003962,very disappointed the quality is extremely poor very pleased overall,2,0
MOCK_003963,exceeded my expectations will definitely buy again not worth the price,4,1
MOCK_003964,outstanding product five stars without hesitation very disappointing,4,1
MOCK_003965,cheap materials and poorly made would not recommend a solid choice,1,0
MOCK_003966,this product is a scam nothing works as advertised highly recommended,1,0
MOCK_003967,perfect fit and exactly as described very satisfied would buy again,4,1
MOCK_003968,worst purchase ever falls apart after minimal use very pleased overall,1,0
MOCK_003969,misleading product photos looks nothing like what arrived not worth the price,1,0
MOCK_003970,this product is absolutely amazing exactly what i needed very disappointing,5,1
MOCK_003971,great quality and fast shipping very happy with this purchase a solid choice,4,1
MOCK_003972,works perfectly highly recommend to everyone highly recommended,5,1
MOCK_003973,exceeded my expectations will definitely buy again would buy again,4,1
MOCK_003974,outstanding product five stars without hesitation very pleased overall,4,1
MOCK_003975,fantastic build quality and great value for money not worth the price,4,1
MOCK_003976,love this item it has made my life so much easier very disappointing,4,1
MOCK_003977,perfect fit and exactly as described very satisfied a solid choice,4,1
MOCK_003978,incredible product customer service was excellent too highly recommended,4,1
MOCK_003979,best purchase i have made in a long time truly impressive would buy again,5,1
MOCK_003980,terrible product broke after just one week of use very pleased overall,1,0
MOCK_003981,great quality and fast shipping very happy with this purchase not worth the price,4,1
MOCK_003982,very disappointed the quality is extremely poor very disappointing,2,0
MOCK_003983,do not buy this it stopped working immediately a solid choice,1,0
MOCK_003984,awful experience arrived damaged and customer support ignored me highly recommended,1,0
MOCK_003985,cheap materials and poorly made would not recommend would buy again,1,0
MOCK_003986,this product is a scam nothing works as advertised very pleased overall,1,0
MOCK_003987,returned it immediately total garbage not worth the price,1,0
MOCK_003988,worst purchase ever falls apart after minimal use very disappointing,2,0
MOCK_003989,misleading product photos looks nothing like what arrived a solid choice,2,0
MOCK_003990,this product is absolutely amazing exactly what i needed highly recommended,5,1
MOCK_003991,great quality and fast shipping very happy with this purchase would buy again,4,1
MOCK_003992,works perfectly highly recommend to everyone very pleased overall,4,1
MOCK_003993,exceeded my expectations will definitely buy again not worth the price,4,1
MOCK_003994,awful experience arrived damaged and customer support ignored me very disappointing,1,0
MOCK_003995,cheap materials and poorly made would not recommend a solid choice,1,0
MOCK_003996,love this item it has made my life so much easier highly recommended,4,1
MOCK_003997,perfect fit and exactly as described very satisfied would buy again,4,1
MOCK_003998,incredible product customer service was excellent too very pleased overall,4,1
MOCK_003999,misleading product photos looks nothing like what arrived not worth the price,1,0
MOCK_004000,this product is absolutely amazing exactly what i needed very disappointing,5,1
MOCK_004001,complete waste of money nothing like the description a solid choice,1,0
MOCK_004002,works perfectly highly recommend to everyone highly recommended,5,1
MOCK_004003,do not buy this it stopped working immediately would buy again,1,0
MOCK_004004,awful experience arrived damaged and customer support ignored me very pleased overall,2,0
MOCK_004005,fantastic build quality and great value for money not worth the price,4,1
MOCK_004006,this product is a scam nothing works as advertised very disappointing,1,0
MOCK_004007,perfect fit and exactly as described very satisfied a solid choice,4,1
MOCK_004008,worst purchase ever falls apart after minimal use highly recommended,1,0
MOCK_004009,misleading product photos looks nothing like what arrived would buy again,2,0
MOCK_004010,terrible product broke after just one week of use very pleased overall,1,0
MOCK_004011,great quality and fast shipping very happy with this purchase not worth the price,4,1
MOCK_004012,very disappointed the quality is extremely poor very disappointing,2,0
MOCK_004013,exceeded my expectations will definitely buy again a solid choice,4,1
MOCK_004014,awful experience arrived damaged and customer support ignored me highly recommended,2,0
MOCK_004015,cheap materials and poorly made would not recommend would buy again,2,0
MOCK_004016,love this item it has made my life so much easier very pleased overall,4,1
MOCK_004017,perfect fit and exactly as described very satisfied not worth the price,4,1
MOCK_004018,incredible product customer service was excellent too very disappointing,4,1
MOCK_004019,misleading product photos looks nothing like what arrived a solid choice,2,0
MOCK_004020,this product is absolutely amazing exactly what i needed highly recommended,4,1
MOCK_004021,great quality and fast shipping very happy with this purchase would buy again,4,1
MOCK_004022,very disappointed the quality is extremely poor very pleased overall,1,0
MOCK_004023,do not buy this it stopped working immediately not worth the price,2,0
MOCK_004024,outstanding product five stars without hesitation very disappointing,5,1
MOCK_004025,cheap materials and poorly made would not recommend a solid choice,2,0
MOCK_004026,this product is a scam nothing works as advertised highly recommended,2,0
MOCK_004027,perfect fit and exactly as described very satisfied would buy again,5,1
MOCK_004028,incredible product customer service was excellent too very pleased overall,4,1
MOCK_004029,best purchase i have made in a long time truly impressive not worth the price,5,1
MOCK_004030,terrible product broke after just one week of use very disappointing,2,0
MOCK_004031,complete waste of money nothing like the description a solid choice,1,0
MOCK_004032,works perfectly highly recommend to everyone highly recommended,5,1
MOCK_004033,do not buy this it stopped working immediately would buy again,2,0
MOCK_004034,outstanding product five stars without hesitation very pleased overall,4,1
MOCK_004035,cheap materials and poorly made would not recommend not worth the price,1,0
MOCK_004036,love this item it has made my life so much easier very disappointing,4,1
MOCK_004037,perfect fit and exactly as described very satisfied a solid choice,5,1
MOCK_004038,incredible product customer service was excellent too highly recommended,4,1
MOCK_004039,misleading product photos looks nothing like what arrived would buy again,2,0
MOCK_004040,this product is absolutely amazing exactly what i needed very pleased overall,4,1
MOCK_004041,great quality and fast shipping very happy with this purchase not worth the price,5,1
MOCK_004042,works perfectly highly recommend to everyone very disappointing,4,1
MOCK_004043,exceeded my expectations will definitely buy again a solid choice,5,1
MOCK_004044,outstanding product five stars without hesitation highly recommended,4,1
MOCK_004045,fantastic build quality and great value for money would buy again,4,1
MOCK_004046,love this item it has made my life so much easier very pleased overall,4,1
MOCK_004047,returned it immediately total garbage not worth the price,1,0
MOCK_004048,worst purchase ever falls apart after minimal use very disappointing,1,0
MOCK_004049,misleading product photos looks nothing like what arrived a solid choice,2,0
MOCK_004050,terrible product broke after just one week of use highly recommended,2,0
MOCK_004051,complete waste of money nothing like the description would buy again,2,0
MOCK_004052,very disappointed the quality is extremely poor very pleased overall,2,0
MOCK_004053,do not buy this it stopped working immediately not worth the price,1,0
MOCK_004054,outstanding product five stars without hesitation very disappointing,5,1
MOCK_004055,cheap materials and poorly made would not recommend a solid choice,2,0
MOCK_004056,this product is a scam nothing works as advertised highly recommended,1,0
MOCK_004057,returned it immediately total garbage would buy again,2,0
MOCK_004058,worst purchase ever falls apart after minimal use very pleased overall,1,0
MOCK_004059,misleading product photos looks nothing like what arrived not worth the price,2,0
MOCK_004060,terrible product broke after just one week of use very disappointing,2,0
MOCK_004061,great quality and fast shipping very happy with this purchase a solid choice,5,1
MOCK_004062,works perfectly highly recommend to everyone highly recommended,4,1
MOCK_004063,do not buy this it stopped working immediately would buy again,2,0
MOCK_004064,awful experience arrived damaged and customer support ignored me very pleased overall,1,0
MOCK_004065,cheap materials and poorly made would not recommend not worth the price,2,0
MOCK_004066,love this item it has made my life so much easier very disappointing,4,1
MOCK_004067,perfect fit and exactly as described very satisfied a solid choice,5,1
MOCK_004068,incredible product customer service was excellent too highly recommended,5,1
MOCK_004069,best purchase i have made in a long time truly impressive would buy again,4,1
MOCK_004070,this product is absolutely amazing exactly what i needed very pleased overall,4,1
MOCK_004071,complete waste of money nothing like the description not worth the price,2,0
MOCK_004072,works perfectly highly recommend to everyone very disappointing,4,1
MOCK_004073,exceeded my expectations will definitely buy again a solid choice,4,1
MOCK_004074,awful experience arrived damaged and customer support ignored me highly recommended,1,0
MOCK_004075,fantastic build quality and great value for money would buy again,4,1
MOCK_004076,this product is a scam nothing works as advertised very pleased overall,2,0
MOCK_004077,returned it immediately total garbage not worth the price,2,0
MOCK_004078,worst purchase ever falls apart after minimal use very disappointing,1,0
MOCK_004079,best purchase i have made in a long time truly impressive a solid choice,4,1
MOCK_004080,terrible product broke after just one week of use highly recommended,1,0
MOCK_004081,complete waste of money nothing like the description would buy again,1,0
MOCK_004082,very disappointed the quality is extremely poor very pleased overall,2,0
MOCK_004083,do not buy this it stopped working immediately not worth the price,1,0
MOCK_004084,awful experience arrived damaged and customer support ignored me very disappointing,2,0
MOCK_004085,fantastic build quality and great value for money a solid choice,5,1
MOCK_004086,this product is a scam nothing works as advertised highly recommended,2,0
MOCK_004087,returned it immediately total garbage would buy again,2,0
MOCK_004088,worst purchase ever falls apart after minimal use very pleased overall,1,0
MOCK_004089,best purchase i have made in a long time truly impressive not worth the price,4,1
MOCK_004090,terrible product broke after just one week of use very disappointing,1,0
MOCK_004091,great quality and fast shipping very happy with this purchase a solid choice,5,1
MOCK_004092,works perfectly highly recommend to everyone highly recommended,5,1
MOCK_004093,do not buy this it stopped working immediately would buy again,1,0
MOCK_004094,awful experience arrived damaged and customer support ignored me very pleased overall,1,0
MOCK_004095,cheap materials and poorly made would not recommend not worth the price,1,0
MOCK_004096,this product is a scam nothing works as advertised very disappointing,2,0
MOCK_004097,returned it immediately total garbage a solid choice,2,0
MOCK_004098,worst purchase ever falls apart after minimal use highly recommended,2,0
MOCK_004099,best purchase i have made in a long time truly impressive would buy again,5,1
MOCK_004100,terrible product broke after just one week of use very pleased overall,1,0
MOCK_004101,great quality and fast shipping very happy with this purchase not worth the price,5,1
MOCK_004102,very disappointed the quality is extremely poor very disappointing,2,0
MOCK_004103,do not buy this it stopped working immediately a solid choice,1,0
MOCK_004104,awful experience arrived damaged and customer support ignored me highly recommended,2,0
MOCK_004105,fantastic build quality and great value for money would buy again,4,1
MOCK_004106,love this item it has made my life so much easier very pleased overall,5,1
MOCK_004107,returned it immediately total garbage not worth the price,2,0
MOCK_004108,incredible product customer service was excellent too very disappointing,5,1
MOCK_004109,misleading product photos looks nothing like what arrived a solid choice,2,0
MOCK_004110,terrible product broke after just one week of use highly recommended,1,0
MOCK_004111,great quality and fast shipping very happy with this purchase would buy again,5,1
MOCK_004112,works perfectly highly recommend to everyone very pleased overall,5,1
MOCK_004113,exceeded my expectations will definitely buy again not worth the price,5,1
MOCK_004114,awful experience arrived damaged and customer support ignored me very disappointing,2,0
MOCK_004115,cheap materials and poorly made would not recommend a solid choice,1,0
MOCK_004116,love this item it has made my life so much easier highly recommended,5,1
MOCK_004117,returned it immediately total garbage would buy again,2,0
MOCK_004118,incredible product customer service was excellent too very pleased overall,4,1
MOCK_004119,best purchase i have made in a long time truly impressive not worth the price,4,1
MOCK_004120,this product is absolutely amazing exactly what i needed very disappointing,5,1
MOCK_004121,great quality and fast shipping very happy with this purchase a solid choice,5,1
MOCK_004122,works perfectly highly recommend to everyone highly recommended,5,1
MOCK_004123,do not buy this it stopped working immediately would buy again,1,0
MOCK_004124,awful experience arrived damaged and customer support ignored me very pleased overall,2,0
MOCK_004125,fantastic build quality and great value for money not worth the price,4,1
MOCK_004126,this product is a scam nothing works as advertised very disappointing,2,0
MOCK_004127,perfect fit and exactly as described very satisfied a solid choice,4,1
MOCK_004128,incredible product customer service was excellent too highly recommended,5,1
MOCK_004129,best purchase i have made in a long time truly impressive would buy again,5,1
MOCK_004130,this product is absolutely amazing exactly what i needed very pleased overall,5,1
MOCK_004131,great quality and fast shipping very happy with this purchase not worth the price,5,1
MOCK_004132,very disappointed the quality is extremely poor very disappointing,1,0
MOCK_004133,do not buy this it stopped working immediately a solid choice,2,0
MOCK_004134,awful experience arrived damaged and customer support ignored me highly recommended,2,0
MOCK_004135,cheap materials and poorly made would not recommend would buy again,1,0
MOCK_004136,this product is a scam nothing works as advertised very pleased overall,2,0
MOCK_004137,returned it immediately total garbage not worth the price,2,0
MOCK_004138,incredible product customer service was excellent too very disappointing,5,1
MOCK_004139,misleading product photos looks nothing like what arrived a solid choice,2,0
MOCK_004140,this product is absolutely amazing exactly what i needed highly recommended,4,1
MOCK_004141,complete waste of money nothing like the description would buy again,2,0
MOCK_004142,works perfectly highly recommend to everyone very pleased overall,4,1
MOCK_004143,do not buy this it stopped working immediately not worth the price,1,0
MOCK_004144,outstanding product five stars without hesitation very disappointing,4,1
MOCK_004145,cheap materials and poorly made would not recommend a solid choice,1,0
MOCK_004146,this product is a scam nothing works as advertised highly recommended,1,0
MOCK_004147,returned it immediately total garbage would buy again,2,0
MOCK_004148,incredible product customer service was excellent too very pleased overall,4,1
MOCK_004149,misleading product photos looks nothing like what arrived not worth the price,1,0
MOCK_004150,this product is absolutely amazing exactly what i needed very disappointing,4,1
MOCK_004151,complete waste of money nothing like the description a solid choice,2,0
MOCK_004152,very disappointed the quality is extremely poor highly recommended,1,0
MOCK_004153,do not buy this it stopped working immediately would buy again,1,0
MOCK_004154,outstanding product five stars without hesitation very pleased overall,5,1
MOCK_004155,cheap materials and poorly made would not recommend not worth the price,1,0
MOCK_004156,this product is a scam nothing works as advertised very disappointing,2,0
MOCK_004157,returned it immediately total garbage a solid choice,1,0
MOCK_004158,incredible product customer service was excellent too highly recommended,4,1
MOCK_004159,misleading product photos looks nothing like what arrived would buy again,1,0
MOCK_004160,this product is absolutely amazing exactly what i needed very pleased overall,5,1
MOCK_004161,great quality and fast shipping very happy with this purchase not worth the price,4,1
MOCK_004162,works perfectly highly recommend to everyone very disappointing,5,1
MOCK_004163,do not buy this it stopped working immediately a solid choice,1,0
MOCK_004164,awful experience arrived damaged and customer support ignored me highly recommended,2,0
MOCK_004165,cheap materials and poorly made would not recommend would buy again,1,0
MOCK_004166,love this item it has made my life so much easier very pleased overall,4,1
MOCK_004167,perfect fit and exactly as described very satisfied not worth the price,4,1
MOCK_004168,worst purchase ever falls apart after minimal use very disappointing,2,0
MOCK_004169,best purchase i have made in a long time truly impressive a solid choice,4,1
MOCK_004170,this product is absolutely amazing exactly what i needed highly recommended,5,1
MOCK_004171,complete waste of money nothing like the description would buy again,2,0
MOCK_004172,very disappointed the quality is extremely poor very pleased overall,2,0
MOCK_004173,do not buy this it stopped working immediately not worth the price,1,0
MOCK_004174,outstanding product five stars without hesitation very disappointing,5,1
MOCK_004175,cheap materials and poorly made would not recommend a solid choice,2,0
MOCK_004176,this product is a scam nothing works as advertised highly recommended,2,0
MOCK_004177,perfect fit and exactly as described very satisfied would buy again,5,1
MOCK_004178,incredible product customer service was excellent too very pleased overall,5,1
MOCK_004179,best purchase i have made in a long time truly impressive not worth the price,5,1
MOCK_004180,terrible product broke after just one week of use very disappointing,2,0
MOCK_004181,great quality and fast shipping very happy with this purchase a solid choice,4,1
MOCK_004182,works perfectly highly recommend to everyone highly recommended,5,1
MOCK_004183,do not buy this it stopped working immediately would buy again,1,0
MOCK_004184,awful experience arrived damaged and customer support ignored me very pleased overall,2,0
MOCK_004185,fantastic build quality and great value for money not worth the price,5,1
MOCK_004186,love this item it has made my life so much easier very disappointing,4,1
MOCK_004187,perfect fit and exactly as described very satisfied a solid choice,4,1
MOCK_004188,worst purchase ever falls apart after minimal use highly recommended,1,0
MOCK_004189,best purchase i have made in a long time truly impressive would buy again,4,1
MOCK_004190,terrible product broke after just one week of use very pleased overall,1,0
MOCK_004191,complete waste of money nothing like the description not worth the price,2,0
MOCK_004192,works perfectly highly recommend to everyone very disappointing,5,1
MOCK_004193,exceeded my expectations will definitely buy again a solid choice,5,1
MOCK_004194,outstanding product five stars without hesitation highly recommended,4,1
MOCK_004195,fantastic build quality and great value for money would buy again,5,1
MOCK_004196,love this item it has made my life so much easier very pleased overall,4,1
MOCK_004197,returned it immediately total garbage not worth the price,2,0
MOCK_004198,incredible product customer service was excellent too very disappointing,4,1
MOCK_004199,best purchase i have made in a long time truly impressive a solid choice,4,1
MOCK_004200,this product is absolutely amazing exactly what i needed highly recommended,4,1
MOCK_004201,complete waste of money nothing like the description would buy again,2,0
MOCK_004202,works perfectly highly recommend to everyone very pleased overall,4,1
MOCK_004203,do not buy this it stopped working immediately not worth the price,2,0
MOCK_004204,awful experience arrived damaged and customer support ignored me very disappointing,2,0
MOCK_004205,fantastic build quality and great value for money a solid choice,5,1
MOCK_004206,this product is a scam nothing works as advertised highly recommended,1,0
MOCK_004207,perfect fit and exactly as described very satisfied would buy again,4,1
MOCK_004208,incredible product customer service was excellent too very pleased overall,4,1
MOCK_004209,best purchase i have made in a long time truly impressive not worth the price,4,1
MOCK_004210,this product is absolutely amazing exactly what i needed very disappointing,5,1
MOCK_004211,complete waste of money nothing like the description a solid choice,1,0
MOCK_004212,very disappointed the quality is extremely poor highly recommended,1,0
MOCK_004213,do not buy this it stopped working immediately would buy again,1,0
MOCK_004214,outstanding product five stars without hesitation very pleased overall,5,1
MOCK_004215,cheap materials and poorly made would not recommend not worth the price,1,0
MOCK_004216,this product is a scam nothing works as advertised very disappointing,2,0
MOCK_004217,returned it immediately total garbage a solid choice,1,0
MOCK_004218,worst purchase ever falls apart after minimal use highly recommended,2,0
MOCK_004219,misleading product photos looks nothing like what arrived would buy again,2,0
MOCK_004220,terrible product broke after just one week of use very pleased overall,1,0
MOCK_004221,complete waste of money nothing like the description not worth the price,1,0
MOCK_004222,works perfectly highly recommend to everyone very disappointing,4,1
MOCK_004223,do not buy this it stopped working immediately a solid choice,1,0
MOCK_004224,outstanding product five stars without hesitation highly recommended,4,1
MOCK_004225,fantastic build quality and great value for money would buy again,5,1
MOCK_004226,love this item it has made my life so much easier very pleased overall,5,1
MOCK_004227,perfect fit and exactly as described very satisfied not worth the price,4,1
MOCK_004228,incredible product customer service was excellent too very disappointing,5,1
MOCK_004229,misleading product photos looks nothing like what arrived a solid choice,1,0
MOCK_004230,this product is absolutely amazing exactly what i needed highly recommended,5,1
MOCK_004231,great quality and fast shipping very happy with this purchase would buy again,4,1
MOCK_004232,very disappointed the quality is extremely poor very pleased overall,2,0
MOCK_004233,do not buy this it stopped working immediately not worth the price,2,0
MOCK_004234,outstanding product five stars without hesitation very disappointing,4,1
MOCK_004235,fantastic build quality and great value for money a solid choice,4,1
MOCK_004236,this product is a scam nothing works as advertised highly recommended,1,0
MOCK_004237,perfect fit and exactly as described very satisfied would buy again,5,1
MOCK_004238,worst purchase ever falls apart after minimal use very pleased overall,2,0
MOCK_004239,best purchase i have made in a long time truly impressive not worth the price,5,1
MOCK_004240,this product is absolutely amazing exactly what i needed very disappointing,5,1
MOCK_004241,great quality and fast shipping very happy with this purchase a solid choice,5,1
MOCK_004242,very disappointed the quality is extremely poor highly recommended,1,0
MOCK_004243,do not buy this it stopped working immediately would buy again,2,0
MOCK_004244,outstanding product five stars without hesitation very pleased overall,5,1
MOCK_004245,cheap materials and poorly made would not recommend not worth the price,1,0
MOCK_004246,this product is a scam nothing works as advertised very disappointing,2,0
MOCK_004247,returned it immediately total garbage a solid choice,1,0
MOCK_004248,incredible product customer service was excellent too highly recommended,4,1
MOCK_004249,best purchase i have made in a long time truly impressive would buy again,5,1
MOCK_004250,terrible product broke after just one week of use very pleased overall,1,0
MOCK_004251,complete waste of money nothing like the description not worth the price,1,0
MOCK_004252,very disappointed the quality is extremely poor very disappointing,1,0
MOCK_004253,do not buy this it stopped working immediately a solid choice,2,0
MOCK_004254,awful experience arrived damaged and customer support ignored me highly recommended,2,0
MOCK_004255,fantastic build quality and great value for money would buy again,4,1
MOCK_004256,love this item it has made my life so much easier very pleased overall,4,1
MOCK_004257,perfect fit and exactly as described very satisfied not worth the price,4,1
MOCK_004258,incredible product customer service was excellent too very disappointing,5,1
MOCK_004259,best purchase i have made in a long time truly impressive a solid choice,4,1
MOCK_004260,this product is absolutely amazing exactly what i needed highly recommended,5,1
MOCK_004261,great quality and fast shipping very happy with this purchase would buy again,5,1
MOCK_004262,very disappointed the quality is extremely poor very pleased overall,1,0
MOCK_004263,exceeded my expectations will definitely buy again not worth the price,5,1
MOCK_004264,outstanding product five stars without hesitation very disappointing,5,1
MOCK_004265,fantastic build quality and great value for money a solid choice,5,1
MOCK_004266,this product is a scam nothing works as advertised highly recommended,1,0
MOCK_004267,returned it immediately total garbage would buy again,2,0
MOCK_004268,incredible product customer service was excellent too very pleased overall,5,1
MOCK_004269,misleading product photos looks nothing like what arrived not worth the price,2,0
MOCK_004270,this product is absolutely amazing exactly what i needed very disappointing,5,1
MOCK_004271,complete waste of money nothing like the description a solid choice,1,0
MOCK_004272,very disappointed the quality is extremely poor highly recommended,2,0
MOCK_004273,exceeded my expectations will definitely buy again would buy again,5,1
MOCK_004274,awful experience arrived damaged and customer support ignored me very pleased overall,1,0
MOCK_004275,fantastic build quality and great value for money not worth the price,4,1
MOCK_004276,love this item it has made my life so much easier very disappointing,4,1
MOCK_004277,perfect fit and exactly as described very satisfied a solid choice,5,1
MOCK_004278,incredible product customer service was excellent too highly recommended,4,1
MOCK_004279,best purchase i have made in a long time truly impressive would buy again,5,1
MOCK_004280,this product is absolutely amazing exactly what i needed very pleased overall,4,1
MOCK_004281,great quality and fast shipping very happy with this purchase not worth the price,4,1
MOCK_004282,very disappointed the quality is extremely poor very disappointing,2,0
MOCK_004283,exceeded my expectations will definitely buy again a solid choice,4,1
MOCK_004284,awful experience arrived damaged and customer support ignored me highly recommended,2,0
MOCK_004285,fantastic build quality and great value for money would buy again,4,1
MOCK_004286,love this item it has made my life so much easier very pleased overall,5,1
MOCK_004287,perfect fit and exactly as described very satisfied not worth the price,4,1
MOCK_004288,incredible product customer service was excellent too very disappointing,5,1
MOCK_004289,best purchase i have made in a long time truly impressive a solid choice,5,1
MOCK_004290,terrible product broke after just one week of use highly recommended,1,0
MOCK_004291,complete waste of money nothing like the description would buy again,1,0
MOCK_004292,very disappointed the quality is extremely poor very pleased overall,1,0
MOCK_004293,exceeded my expectations will definitely buy again not worth the price,5,1
MOCK_004294,outstanding product five stars without hesitation very disappointing,5,1
MOCK_004295,cheap materials and poorly made would not recommend a solid choice,1,0
MOCK_004296,this product is a scam nothing works as advertised highly recommended,1,0
MOCK_004297,returned it immediately total garbage would buy again,2,0
MOCK_004298,incredible product customer service was excellent too very pleased overall,5,1
MOCK_004299,misleading product photos looks nothing like what arrived not worth the price,2,0
MOCK_004300,this product is absolutely amazing exactly what i needed very disappointing,4,1
MOCK_004301,complete waste of money nothing like the description a solid choice,2,0
MOCK_004302,very disappointed the quality is extremely poor highly recommended,2,0
MOCK_004303,do not buy this it stopped working immediately would buy again,1,0
MOCK_004304,outstanding product five stars without hesitation very pleased overall,4,1
MOCK_004305,cheap materials and poorly made would not recommend not worth the price,1,0
MOCK_004306,this product is a scam nothing works as advertised very disappointing,2,0
MOCK_004307,returned it immediately total garbage a solid choice,1,0
MOCK_004308,incredible product customer service was excellent too highly recommended,5,1
MOCK_004309,misleading product photos looks nothing like what arrived would buy again,2,0
MOCK_004310,terrible product broke after just one week of use very pleased overall,2,0
MOCK_004311,great quality and fast shipping very happy with this purchase not worth the price,5,1
MOCK_004312,very disappointed the quality is extremely poor very disappointing,1,0
MOCK_004313,exceeded my expectations will definitely buy again a solid choice,5,1
MOCK_004314,awful experience arrived damaged and customer support ignored me highly recommended,1,0
MOCK_004315,cheap materials and poorly made would not recommend would buy again,2,0
MOCK_004316,this product is a scam nothing works as advertised very pleased overall,2,0
MOCK_004317,perfect fit and exactly as described very satisfied not worth the price,5,1
MOCK_004318,worst purchase ever falls apart after minimal use very disappointing,2,0
MOCK_004319,best purchase i have made in a long time truly impressive a solid choice,4,1
MOCK_004320,this product is absolutely amazing exactly what i needed highly recommended,5,1
MOCK_004321,great quality and fast shipping very happy with this purchase would buy again,5,1
MOCK_004322,very disappointed the quality is extremely poor very pleased overall,2,0
MOCK_004323,exceeded my expectations will definitely buy again not worth the price,4,1
MOCK_004324,outstanding product five stars without hesitation very disappointing,4,1
MOCK_004325,fantastic build quality and great value for money a solid choice,5,1
MOCK_004326,this product is a scam nothing works as advertised highly recommended,1,0
MOCK_004327,returned it immediately total garbage would buy again,2,0
MOCK_004328,worst purchase ever falls apart after minimal use very pleased overall,2,0
MOCK_004329,misleading product photos looks nothing like what arrived not worth the price,2,0
MOCK_004330,this product is absolutely amazing exactly what i needed very disappointing,4,1
MOCK_004331,great quality and fast shipping very happy with this purchase a solid choice,5,1
MOCK_004332,very disappointed the quality is extremely poor highly recommended,1,0
MOCK_004333,exceeded my expectations will definitely buy again would buy again,4,1
MOCK_004334,awful experience arrived damaged and customer support ignored me very pleased overall,2,0
MOCK_004335,fantastic build quality and great value for money not worth the price,4,1
MOCK_004336,this product is a scam nothing works as advertised very disappointing,1,0
MOCK_004337,perfect fit and exactly as described very satisfied a solid choice,4,1
MOCK_004338,incredible product customer service was excellent too highly recommended,5,1
MOCK_004339,best purchase i have made in a long time truly impressive would buy again,5,1
MOCK_004340,this product is absolutely amazing exactly what i needed very pleased overall,4,1
MOCK_004341,complete waste of money nothing like the description not worth the price,1,0
MOCK_004342,works perfectly highly recommend to everyone very disappointing,5,1
MOCK_004343,do not buy this it stopped working immediately a solid choice,1,0
MOCK_004344,outstanding product five stars without hesitation highly recommended,5,1
MOCK_004345,cheap materials and poorly made would not recommend would buy again,2,0
MOCK_004346,love this item it has made my life so much easier very pleased overall,5,1
MOCK_004347,returned it immediately total garbage not worth the price,2,0
MOCK_004348,incredible product customer service was excellent too very disappointing,5,1
MOCK_004349,misleading product photos looks nothing like what arrived a solid choice,2,0
MOCK_004350,this product is absolutely amazing exactly what i needed highly recommended,4,1
MOCK_004351,great quality and fast shipping very happy with this purchase would buy again,4,1
MOCK_004352,works perfectly highly recommend to everyone very pleased overall,5,1
MOCK_004353,exceeded my expectations will definitely buy again not worth the price,4,1
MOCK_004354,awful experience arrived damaged and customer support ignored me very disappointing,2,0
MOCK_004355,cheap materials and poorly made would not recommend a solid choice,2,0
MOCK_004356,love this item it has made my life so much easier highly recommended,5,1
MOCK_004357,perfect fit and exactly as described very satisfied would buy again,4,1
MOCK_004358,incredible product customer service was excellent too very pleased overall,4,1
MOCK_004359,best purchase i have made in a long time truly impressive not worth the price,5,1
MOCK_004360,this product is absolutely amazing exactly what i needed very disappointing,4,1
MOCK_004361,great quality and fast shipping very happy with this purchase a solid choice,5,1
MOCK_004362,works perfectly highly recommend to everyone highly recommended,5,1
MOCK_004363,exceeded my expectations will definitely buy again would buy again,5,1
MOCK_004364,outstanding product five stars without hesitation very pleased overall,5,1
MOCK_004365,fantastic build quality and great value for money not worth the price,4,1
MOCK_004366,this product is a scam nothing works as advertised very disappointing,1,0
MOCK_004367,perfect fit and exactly as described very satisfied a solid choice,5,1
MOCK_004368,worst purchase ever falls apart after minimal use highly recommended,1,0
MOCK_004369,best purchase i have made in a long time truly impressive would buy again,4,1
MOCK_004370,terrible product broke after just one week of use very pleased overall,1,0
MOCK_004371,great quality and fast shipping very happy with this purchase not worth the price,4,1
MOCK_004372,very disappointed the quality is extremely poor very disappointing,2,0
MOCK_004373,do not buy this it stopped working immediately a solid choice,1,0
MOCK_004374,outstanding product five stars without hesitation highly recommended,5,1
MOCK_004375,cheap materials and poorly made would not recommend would buy again,1,0
MOCK_004376,this product is a scam nothing works as advertised very pleased overall,2,0
MOCK_004377,perfect fit and exactly as described very satisfied not worth the price,4,1
MOCK_004378,incredible product customer service was excellent too very disappointing,5,1
MOCK_004379,misleading product photos looks nothing like what arrived a solid choice,1,0
MOCK_004380,this product is absolutely amazing exactly what i needed highly recommended,5,1
MOCK_004381,great quality and fast shipping very happy with this purchase would buy again,4,1
MOCK_004382,very disappointed the quality is extremely poor very pleased overall,1,0
MOCK_004383,do not buy this it stopped working immediately not worth the price,1,0
MOCK_004384,awful experience arrived damaged and customer support ignored me very disappointing,2,0
MOCK_004385,fantastic build quality and great value for money a solid choice,5,1
MOCK_004386,love this item it has made my life so much easier highly recommended,4,1
MOCK_004387,perfect fit and exactly as described very satisfied would buy again,4,1
MOCK_004388,incredible product customer service was excellent too very pleased overall,5,1
MOCK_004389,misleading product photos looks nothing like what arrived not worth the price,2,0
MOCK_004390,this product is absolutely amazing exactly what i needed very disappointing,4,1
MOCK_004391,complete waste of money nothing like the description a solid choice,2,0
MOCK_004392,very disappointed the quality is extremely poor highly recommended,2,0
MOCK_004393,do not buy this it stopped working immediately would buy again,2,0
MOCK_004394,awful experience arrived damaged and customer support ignored me very pleased overall,1,0
MOCK_004395,fantastic build quality and great value for money not worth the price,4,1
MOCK_004396,love this item it has made my life so much easier very disappointing,4,1
MOCK_004397,returned it immediately total garbage a solid choice,2,0
MOCK_004398,worst purchase ever falls apart after minimal use highly recommended,1,0
MOCK_004399,best purchase i have made in a long time truly impressive would buy again,5,1
MOCK_004400,this product is absolutely amazing exactly what i needed very pleased overall,5,1
MOCK_004401,great quality and fast shipping very happy with this purchase not worth the price,5,1
MOCK_004402,works perfectly highly recommend to everyone very disappointing,4,1
MOCK_004403,exceeded my expectations will definitely buy again a solid choice,4,1
MOCK_004404,outstanding product five stars without hesitation highly recommended,4,1
MOCK_004405,fantastic build quality and great value for money would buy again,5,1
MOCK_004406,love this item it has made my life so much easier very pleased overall,5,1
MOCK_004407,returned it immediately total garbage not worth the price,1,0
MOCK_004408,worst purchase ever falls apart after minimal use very disappointing,2,0
MOCK_004409,best purchase i have made in a long time truly impressive a solid choice,4,1
MOCK_004410,terrible product broke after just one week of use highly recommended,1,0
MOCK_004411,great quality and fast shipping very happy with this purchase would buy again,4,1
MOCK_004412,works perfectly highly recommend to everyone very pleased overall,5,1
MOCK_004413,do not buy this it stopped working immediately not worth the price,1,0
MOCK_004414,outstanding product five stars without hesitation very disappointing,4,1
MOCK_004415,fantastic build quality and great value for money a solid choice,5,1
MOCK_004416,love this item it has made my life so much easier highly recommended,5,1
MOCK_004417,perfect fit and exactly as described very satisfied would buy again,4,1
MOCK_004418,worst purchase ever falls apart after minimal use very pleased overall,1,0
MOCK_004419,best purchase i have made in a long time truly impressive not worth the price,5,1
MOCK_004420,terrible product broke after just one week of use very disappointing,1,0
MOCK_004421,great quality and fast shipping very happy with this purchase a solid choice,4,1
MOCK_004422,works perfectly highly recommend to everyone highly recommended,5,1
MOCK_004423,do not buy this it stopped working immediately would buy again,1,0
MOCK_004424,awful experience arrived damaged and customer support ignored me very pleased overall,2,0
MOCK_004425,cheap materials and poorly made would not recommend not worth the price,1,0
MOCK_004426,love this item it has made my life so much easier very disappointing,4,1
MOCK_004427,perfect fit and exactly as described very satisfied a solid choice,4,1
MOCK_004428,worst purchase ever falls apart after minimal use highly recommended,1,0
MOCK_004429,misleading product photos looks nothing like what arrived would buy again,1,0
MOCK_004430,this product is absolutely amazing exactly what i needed very pleased overall,4,1
MOCK_004431,great quality and fast shipping very happy with this purchase not worth the price,5,1
MOCK_004432,works perfectly highly recommend to everyone very disappointing,5,1
MOCK_004433,do not buy this it stopped working immediately a solid choice,1,0
MOCK_004434,outstanding product five stars without hesitation highly recommended,5,1
MOCK_004435,cheap materials and poorly made would not recommend would buy again,2,0
MOCK_004436,love this item it has made my life so much easier very pleased overall,5,1
MOCK_004437,returned it immediately total garbage not worth the price,1,0
MOCK_004438,worst purchase ever falls apart after minimal use very disappointing,1,0
MOCK_004439,misleading product photos looks nothing like what arrived a solid choice,1,0
MOCK_004440,terrible product broke after just one week of use highly recommended,1,0
MOCK_004441,complete waste of money nothing like the description would buy again,1,0
MOCK_004442,very disappointed the quality is extremely poor very pleased overall,2,0
MOCK_004443,exceeded my expectations will definitely buy again not worth the price,5,1
MOCK_004444,outstanding product five stars without hesitation very disappointing,4,1
MOCK_004445,fantastic build quality and great value for money a solid choice,4,1
MOCK_004446,love this item it has made my life so much easier highly recommended,4,1
MOCK_004447,returned it immediately total garbage would buy again,1,0
MOCK_004448,worst purchase ever falls apart after minimal use very pleased overall,2,0
MOCK_004449,best purchase i have made in a long time truly impressive not worth the price,4,1
MOCK_004450,terrible product broke after just one week of use very disappointing,2,0
MOCK_004451,great quality and fast shipping very happy with this purchase a solid choice,5,1
MOCK_004452,works perfectly highly recommend to everyone highly recommended,5,1
MOCK_004453,exceeded my expectations will definitely buy again would buy again,5,1
MOCK_004454,awful experience arrived damaged and customer support ignored me very pleased overall,2,0
MOCK_004455,cheap materials and poorly made would not recommend not worth the price,1,0
MOCK_004456,love this item it has made my life so much easier very disappointing,4,1
MOCK_004457,perfect fit and exactly as described very satisfied a solid choice,5,1
MOCK_004458,worst purchase ever falls apart after minimal use highly recommended,1,0
MOCK_004459,best purchase i have made in a long time truly impressive would buy again,5,1
MOCK_004460,this product is absolutely amazing exactly what i needed very pleased overall,4,1
MOCK_004461,great quality and fast shipping very happy with this purchase not worth the price,4,1
MOCK_004462,very disappointed the quality is extremely poor very disappointing,1,0
MOCK_004463,do not buy this it stopped working immediately a solid choice,2,0
MOCK_004464,outstanding product five stars without hesitation highly recommended,4,1
MOCK_004465,fantastic build quality and great value for money would buy again,4,1
MOCK_004466,love this item it has made my life so much easier very pleased overall,4,1
MOCK_004467,returned it immediately total garbage not worth the price,2,0
MOCK_004468,incredible product customer service was excellent too very disappointing,5,1
MOCK_004469,best purchase i have made in a long time truly impressive a solid choice,4,1
MOCK_004470,terrible product broke after just one week of use highly recommended,2,0
MOCK_004471,great quality and fast shipping very happy with this purchase would buy again,4,1
MOCK_004472,very disappointed the quality is extremely poor very pleased overall,2,0
MOCK_004473,do not buy this it stopped working immediately not worth the price,1,0
MOCK_004474,outstanding product five stars without hesitation very disappointing,4,1
MOCK_004475,cheap materials and poorly made would not recommend a solid choice,2,0
MOCK_004476,this product is a scam nothing works as advertised highly recommended,2,0
MOCK_004477,perfect fit and exactly as described very satisfied would buy again,4,1
MOCK_004478,incredible product customer service was excellent too very pleased overall,5,1
MOCK_004479,misleading product photos looks nothing like what arrived not worth the price,2,0
MOCK_004480,terrible product broke after just one week of use very disappointing,1,0
MOCK_004481,great quality and fast shipping very happy with this purchase a solid choice,5,1
MOCK_004482,works perfectly highly recommend to everyone highly recommended,5,1
MOCK_004483,exceeded my expectations will definitely buy again would buy again,4,1
MOCK_004484,awful experience arrived damaged and customer support ignored me very pleased overall,2,0
MOCK_004485,fantastic build quality and great value for money not worth the price,4,1
MOCK_004486,this product is a scam nothing works as advertised very disappointing,2,0
MOCK_004487,returned it immediately total garbage a solid choice,1,0
MOCK_004488,incredible product customer service was excellent too highly recommended,4,1
MOCK_004489,best purchase i have made in a long time truly impressive would buy again,5,1
MOCK_004490,this product is absolutely amazing exactly what i needed very pleased overall,5,1
MOCK_004491,great quality and fast shipping very happy with this purchase not worth the price,5,1
MOCK_004492,very disappointed the quality is extremely poor very disappointing,2,0
MOCK_004493,exceeded my expectations will definitely buy again a solid choice,4,1
MOCK_004494,awful experience arrived damaged and customer support ignored me highly recommended,1,0
MOCK_004495,cheap materials and poorly made would not recommend would buy again,1,0
MOCK_004496,love this item it has made my life so much easier very pleased overall,4,1
MOCK_004497,returned it immediately total garbage not worth the price,1,0
MOCK_004498,worst purchase ever falls apart after minimal use very disappointing,2,0
MOCK_004499,misleading product photos looks nothing like what arrived a solid choice,2,0
MOCK_004500,terrible product broke after just one week of use highly recommended,1,0
MOCK_004501,great quality and fast shipping very happy with this purchase would buy again,4,1
MOCK_004502,works perfectly highly recommend to everyone very pleased overall,5,1
MOCK_004503,exceeded my expectations will definitely buy again not worth the price,4,1
MOCK_004504,awful experience arrived damaged and customer support ignored me very disappointing,1,0
MOCK_004505,cheap materials and poorly made would not recommend a solid choice,1,0
MOCK_004506,love this item it has made my life so much easier highly recommended,4,1
MOCK_004507,perfect fit and exactly as described very satisfied would buy again,4,1
MOCK_004508,worst purchase ever falls apart after minimal use very pleased overall,2,0
MOCK_004509,misleading product photos looks nothing like what arrived not worth the price,1,0
MOCK_004510,this product is absolutely amazing exactly what i needed very disappointing,5,1
MOCK_004511,great quality and fast shipping very happy with this purchase a solid choice,5,1
MOCK_004512,works perfectly highly recommend to everyone highly recommended,5,1
MOCK_004513,exceeded my expectations will definitely buy again would buy again,4,1
MOCK_004514,outstanding product five stars without hesitation very pleased overall,4,1
MOCK_004515,cheap materials and poorly made would not recommend not worth the price,1,0
MOCK_004516,love this item it has made my life so much easier very disappointing,4,1
MOCK_004517,perfect fit and exactly as described very satisfied a solid choice,4,1
MOCK_004518,incredible product customer service was excellent too highly recommended,5,1
MOCK_004519,best purchase i have made in a long time truly impressive would buy again,4,1
MOCK_004520,this product is absolutely amazing exactly what i needed very pleased overall,4,1
MOCK_004521,great quality and fast shipping very happy with this purchase not worth the price,4,1
MOCK_004522,works perfectly highly recommend to everyone very disappointing,5,1
MOCK_004523,exceeded my expectations will definitely buy again a solid choice,5,1
MOCK_004524,awful experience arrived damaged and customer support ignored me highly recommended,2,0
MOCK_004525,cheap materials and poorly made would not recommend would buy again,2,0
MOCK_004526,this product is a scam nothing works as advertised very pleased overall,2,0
MOCK_004527,perfect fit and exactly as described very satisfied not worth the price,5,1
MOCK_004528,incredible product customer service was excellent too very disappointing,4,1
MOCK_004529,best purchase i have made in a long time truly impressive a solid choice,5,1
MOCK_004530,this product is absolutely amazing exactly what i needed highly recommended,5,1
MOCK_004531,great quality and fast shipping very happy with this purchase would buy again,4,1
MOCK_004532,works perfectly highly recommend to everyone very pleased overall,5,1
MOCK_004533,exceeded my expectations will definitely buy again not worth the price,4,1
MOCK_004534,outstanding product five stars without hesitation very disappointing,5,1
MOCK_004535,cheap materials and poorly made would not recommend a solid choice,1,0
MOCK_004536,this product is a scam nothing works as advertised highly recommended,2,0
MOCK_004537,returned it immediately total garbage would buy again,2,0
MOCK_004538,incredible product customer service was excellent too very pleased overall,4,1
MOCK_004539,misleading product photos looks nothing like what arrived not worth the price,1,0
MOCK_004540,this product is absolutely amazing exactly what i needed very disappointing,4,1
MOCK_004541,complete waste of money nothing like the description a solid choice,1,0
MOCK_004542,very disappointed the quality is extremely poor highly recommended,2,0
MOCK_004543,exceeded my expectations will definitely buy again would buy again,4,1
MOCK_004544,awful experience arrived damaged and customer support ignored me very pleased overall,1,0
MOCK_004545,fantastic build quality and great value for money not worth the price,4,1
MOCK_004546,love this item it has made my life so much easier very disappointing,5,1
MOCK_004547,returned it immediately total garbage a solid choice,1,0
MOCK_004548,worst purchase ever falls apart after minimal use highly recommended,2,0
MOCK_004549,misleading product photos looks nothing like what arrived would buy again,1,0
MOCK_004550,terrible product broke after just one week of use very pleased overall,1,0
MOCK_004551,complete waste of money nothing like the description not worth the price,2,0
MOCK_004552,very disappointed the quality is extremely poor very disappointing,1,0
MOCK_004553,do not buy this it stopped working immediately a solid choice,2,0
MOCK_004554,awful experience arrived damaged and customer support ignored me highly recommended,1,0
MOCK_004555,cheap materials and poorly made would not recommend would buy again,2,0
MOCK_004556,love this item it has made my life so much easier very pleased overall,5,1
MOCK_004557,perfect fit and exactly as described very satisfied not worth the price,5,1
MOCK_004558,worst purchase ever falls apart after minimal use very disappointing,1,0
MOCK_004559,misleading product photos looks nothing like what arrived a solid choice,2,0
MOCK_004560,this product is absolutely amazing exactly what i needed highly recommended,5,1
MOCK_004561,great quality and fast shipping very happy with this purchase would buy again,4,1
MOCK_004562,very disappointed the quality is extremely poor very pleased overall,1,0
MOCK_004563,exceeded my expectations will definitely buy again not worth the price,5,1
MOCK_004564,awful experience arrived damaged and customer support ignored me very disappointing,1,0
MOCK_004565,fantastic build quality and great value for money a solid choice,5,1
MOCK_004566,love this item it has made my life so much easier highly recommended,5,1
MOCK_004567,returned it immediately total garbage would buy again,1,0
MOCK_004568,incredible product customer service was excellent too very pleased overall,5,1
MOCK_004569,best purchase i have made in a long time truly impressive not worth the price,5,1
MOCK_004570,this product is absolutely amazing exactly what i needed very disappointing,4,1
MOCK_004571,complete waste of money nothing like the description a solid choice,2,0
MOCK_004572,works perfectly highly recommend to everyone highly recommended,4,1
MOCK_004573,exceeded my expectations will definitely buy again would buy again,4,1
MOCK_004574,awful experience arrived damaged and customer support ignored me very pleased overall,2,0
MOCK_004575,fantastic build quality and great value for money not worth the price,4,1
MOCK_004576,this product is a scam nothing works as advertised very disappointing,2,0
MOCK_004577,perfect fit and exactly as described very satisfied a solid choice,4,1
MOCK_004578,incredible product customer service was excellent too highly recommended,4,1
MOCK_004579,best purchase i have made in a long time truly impressive would buy again,4,1
MOCK_004580,this product is absolutely amazing exactly what i needed very pleased overall,5,1
MOCK_004581,great quality and fast shipping very happy with this purchase not worth the price,5,1
MOCK_004582,works perfectly highly recommend to everyone very disappointing,5,1
MOCK_004583,exceeded my expectations will definitely buy again a solid choice,5,1
MOCK_004584,outstanding product five stars without hesitation highly recommended,5,1
MOCK_004585,fantastic build quality and great value for money would buy again,5,1
MOCK_004586,this product is a scam nothing works as advertised very pleased overall,2,0
MOCK_004587,returned it immediately total garbage not worth the price,2,0
MOCK_004588,worst purchase ever falls apart after minimal use very disappointing,2,0
MOCK_004589,misleading product photos looks nothing like what arrived a solid choice,2,0
MOCK_004590,this product is absolutely amazing exactly what i needed highly recommended,4,1
MOCK_004591,great quality and fast shipping very happy with this purchase would buy again,4,1
MOCK_004592,works perfectly highly recommend to everyone very pleased overall,5,1
MOCK_004593,do not buy this it stopped working immediately not worth the price,1,0
MOCK_004594,awful experience arrived damaged and customer support ignored me very disappointing,1,0
MOCK_004595,cheap materials and poorly made would not recommend a solid choice,2,0
MOCK_004596,love this item it has made my life so much easier highly recommended,4,1
MOCK_004597,returned it immediately total garbage would buy again,1,0
MOCK_004598,incredible product customer service was excellent too very pleased overall,4,1
MOCK_004599,misleading product photos looks nothing like what arrived not worth the price,1,0
MOCK_004600,terrible product broke after just one week of use very disappointing,2,0
MOCK_004601,complete waste of money nothing like the description a solid choice,2,0
MOCK_004602,works perfectly highly recommend to everyone highly recommended,5,1
MOCK_004603,do not buy this it stopped working immediately would buy again,2,0
MOCK_004604,awful experience arrived damaged and customer support ignored me very pleased overall,2,0
MOCK_004605,fantastic build quality and great value for money not worth the price,4,1
MOCK_004606,love this item it has made my life so much easier very disappointing,5,1
MOCK_004607,perfect fit and exactly as described very satisfied a solid choice,4,1
MOCK_004608,incredible product customer service was excellent too highly recommended,4,1
MOCK_004609,misleading product photos looks nothing like what arrived would buy again,2,0
MOCK_004610,terrible product broke after just one week of use very pleased overall,2,0
MOCK_004611,complete waste of money nothing like the description not worth the price,1,0
MOCK_004612,very disappointed the quality is extremely poor very disappointing,2,0
MOCK_004613,exceeded my expectations will definitely buy again a solid choice,4,1
MOCK_004614,outstanding product five stars without hesitation highly recommended,4,1
MOCK_004615,fantastic build quality and great value for money would buy again,4,1
MOCK_004616,love this item it has made my life so much easier very pleased overall,4,1
MOCK_004617,returned it immediately total garbage not worth the price,2,0
MOCK_004618,incredible product customer service was excellent too very disappointing,4,1
MOCK_004619,best purchase i have made in a long time truly impressive a solid choice,5,1
MOCK_004620,terrible product broke after just one week of use highly recommended,1,0
MOCK_004621,great quality and fast shipping very happy with this purchase would buy again,5,1
MOCK_004622,works perfectly highly recommend to everyone very pleased overall,5,1
MOCK_004623,exceeded my expectations will definitely buy again not worth the price,5,1
MOCK_004624,outstanding product five stars without hesitation very disappointing,4,1
MOCK_004625,fantastic build quality and great value for money a solid choice,5,1
MOCK_004626,this product is a scam nothing works as advertised highly recommended,2,0
MOCK_004627,perfect fit and exactly as described very satisfied would buy again,4,1
MOCK_004628,worst purchase ever falls apart after minimal use very pleased overall,1,0
MOCK_004629,misleading product photos looks nothing like what arrived not worth the price,1,0
MOCK_004630,terrible product broke after just one week of use very disappointing,1,0
MOCK_004631,complete waste of money nothing like the description a solid choice,1,0
MOCK_004632,works perfectly highly recommend to everyone highly recommended,4,1
MOCK_004633,exceeded my expectations will definitely buy again would buy again,4,1
MOCK_004634,outstanding product five stars without hesitation very pleased overall,5,1
MOCK_004635,fantastic build quality and great value for money not worth the price,4,1
MOCK_004636,love this item it has made my life so much easier very disappointing,4,1
MOCK_004637,returned it immediately total garbage a solid choice,2,0
MOCK_004638,worst purchase ever falls apart after minimal use highly recommended,1,0
MOCK_004639,best purchase i have made in a long time truly impressive would buy again,4,1
MOCK_004640,this product is absolutely amazing exactly what i needed very pleased overall,4,1
MOCK_004641,complete waste of money nothing like the description not worth the price,1,0
MOCK_004642,very disappointed the quality is extremely poor very disappointing,1,0
MOCK_004643,do not buy this it stopped working immediately a solid choice,1,0
MOCK_004644,awful experience arrived damaged and customer support ignored me highly recommended,1,0
MOCK_004645,fantastic build quality and great value for money would buy again,5,1
MOCK_004646,love this item it has made my life so much easier very pleased overall,5,1
MOCK_004647,returned it immediately total garbage not worth the price,1,0
MOCK_004648,incredible product customer service was excellent too very disappointing,4,1
MOCK_004649,best purchase i have made in a long time truly impressive a solid choice,4,1
MOCK_004650,terrible product broke after just one week of use highly recommended,2,0
MOCK_004651,great quality and fast shipping very happy with this purchase would buy again,5,1
MOCK_004652,very disappointed the quality is extremely poor very pleased overall,1,0
MOCK_004653,exceeded my expectations will definitely buy again not worth the price,4,1
MOCK_004654,outstanding product five stars without hesitation very disappointing,4,1
MOCK_004655,fantastic build quality and great value for money a solid choice,5,1
MOCK_004656,this product is a scam nothing works as advertised highly recommended,2,0
MOCK_004657,returned it immediately total garbage would buy again,1,0
MOCK_004658,incredible product customer service was excellent too very pleased overall,5,1
MOCK_004659,misleading product photos looks nothing like what arrived not worth the price,1,0
MOCK_004660,terrible product broke after just one week of use very disappointing,2,0
MOCK_004661,great quality and fast shipping very happy with this purchase a solid choice,5,1
MOCK_004662,very disappointed the quality is extremely poor highly recommended,1,0
MOCK_004663,do not buy this it stopped working immediately would buy again,1,0
MOCK_004664,awful experience arrived damaged and customer support ignored me very pleased overall,2,0
MOCK_004665,cheap materials and poorly made would not recommend not worth the price,1,0
MOCK_004666,love this item it has made my life so much easier very disappointing,5,1
MOCK_004667,perfect fit and exactly as described very satisfied a solid choice,4,1
MOCK_004668,worst purchase ever falls apart after minimal use highly recommended,2,0
MOCK_004669,best purchase i have made in a long time truly impressive would buy again,4,1
MOCK_004670,this product is absolutely amazing exactly what i needed very pleased overall,4,1
MOCK_004671,complete waste of money nothing like the description not worth the price,1,0
MOCK_004672,works perfectly highly recommend to everyone very disappointing,4,1
MOCK_004673,exceeded my expectations will definitely buy again a solid choice,4,1
MOCK_004674,awful experience arrived damaged and customer support ignored me highly recommended,2,0
MOCK_004675,fantastic build quality and great value for money would buy again,4,1
MOCK_004676,this product is a scam nothing works as advertised very pleased overall,1,0
MOCK_004677,returned it immediately total garbage not worth the price,1,0
MOCK_004678,incredible product customer service was excellent too very disappointing,4,1
MOCK_004679,best purchase i have made in a long time truly impressive a solid choice,5,1
MOCK_004680,this product is absolutely amazing exactly what i needed highly recommended,5,1
MOCK_004681,great quality and fast shipping very happy with this purchase would buy again,4,1
MOCK_004682,very disappointed the quality is extremely poor very pleased overall,2,0
MOCK_004683,do not buy this it stopped working immediately not worth the price,2,0
MOCK_004684,outstanding product five stars without hesitation very disappointing,5,1
MOCK_004685,cheap materials and poorly made would not recommend a solid choice,1,0
MOCK_004686,this product is a scam nothing works as advertised highly recommended,1,0
MOCK_004687,returned it immediately total garbage would buy again,1,0
MOCK_004688,worst purchase ever falls apart after minimal use very pleased overall,2,0
MOCK_004689,best purchase i have made in a long time truly impressive not worth the price,5,1
MOCK_004690,terrible product broke after just one week of use very disappointing,1,0
MOCK_004691,great quality and fast shipping very happy with this purchase a solid choice,4,1
MOCK_004692,very disappointed the quality is extremely poor highly recommended,2,0
MOCK_004693,exceeded my expectations will definitely buy again would buy again,5,1
MOCK_004694,awful experience arrived damaged and customer support ignored me very pleased overall,1,0
MOCK_004695,cheap materials and poorly made would not recommend not worth the price,2,0
MOCK_004696,this product is a scam nothing works as advertised very disappointing,1,0
MOCK_004697,returned it immediately total garbage a solid choice,1,0
MOCK_004698,worst purchase ever falls apart after minimal use highly recommended,2,0
MOCK_004699,best purchase i have made in a long time truly impressive would buy again,5,1
MOCK_004700,terrible product broke after just one week of use very pleased overall,2,0
MOCK_004701,great quality and fast shipping very happy with this purchase not worth the price,4,1
MOCK_004702,works perfectly highly recommend to everyone very disappointing,4,1
MOCK_004703,exceeded my expectations will definitely buy again a solid choice,4,1
MOCK_004704,awful experience arrived damaged and customer support ignored me highly recommended,1,0
MOCK_004705,fantastic build quality and great value for money would buy again,4,1
MOCK_004706,love this item it has made my life so much easier very pleased overall,4,1
MOCK_004707,perfect fit and exactly as described very satisfied not worth the price,4,1
MOCK_004708,worst purchase ever falls apart after minimal use very disappointing,1,0
MOCK_004709,misleading product photos looks nothing like what arrived a solid choice,1,0
MOCK_004710,terrible product broke after just one week of use highly recommended,2,0
MOCK_004711,complete waste of money nothing like the description would buy again,1,0
MOCK_004712,very disappointed the quality is extremely poor very pleased overall,2,0
MOCK_004713,do not buy this it stopped working immediately not worth the price,2,0
MOCK_004714,awful experience arrived damaged and customer support ignored me very disappointing,2,0
MOCK_004715,cheap materials and poorly made would not recommend a solid choice,1,0
MOCK_004716,love this item it has made my life so much easier highly recommended,4,1
MOCK_004717,returned it immediately total garbage would buy again,2,0
MOCK_004718,worst purchase ever falls apart after minimal use very pleased overall,2,0
MOCK_004719,misleading product photos looks nothing like what arrived not worth the price,1,0
MOCK_004720,terrible product broke after just one week of use very disappointing,1,0
MOCK_004721,complete waste of money nothing like the description a solid choice,2,0
MOCK_004722,works perfectly highly recommend to everyone highly recommended,4,1
MOCK_004723,exceeded my expectations will definitely buy again would buy again,5,1
MOCK_004724,outstanding product five stars without hesitation very pleased overall,4,1
MOCK_004725,fantastic build quality and great value for money not worth the price,4,1
MOCK_004726,love this item it has made my life so much easier very disappointing,5,1
MOCK_004727,returned it immediately total garbage a solid choice,1,0
MOCK_004728,worst purchase ever falls apart after minimal use highly recommended,2,0
MOCK_004729,best purchase i have made in a long time truly impressive would buy again,4,1
MOCK_004730,terrible product broke after just one week of use very pleased overall,1,0
MOCK_004731,complete waste of money nothing like the description not worth the price,2,0
MOCK_004732,very disappointed the quality is extremely poor very disappointing,1,0
MOCK_004733,exceeded my expectations will definitely buy again a solid choice,4,1
MOCK_004734,outstanding product five stars without hesitation highly recommended,5,1
MOCK_004735,cheap materials and poorly made would not recommend would buy again,2,0
MOCK_004736,love this item it has made my life so much easier very pleased overall,5,1
MOCK_004737,returned it immediately total garbage not worth the price,1,0
MOCK_004738,worst purchase ever falls apart after minimal use very disappointing,1,0
MOCK_004739,misleading product photos looks nothing like what arrived a solid choice,2,0
MOCK_004740,this product is absolutely amazing exactly what i needed highly recommended,4,1
MOCK_004741,complete waste of money nothing like the description would buy again,1,0
MOCK_004742,very disappointed the quality is extremely poor very pleased overall,2,0
MOCK_004743,do not buy this it stopped working immediately not worth the price,1,0
MOCK_004744,outstanding product five stars without hesitation very disappointing,4,1
MOCK_004745,cheap materials and poorly made would not recommend a solid choice,1,0
MOCK_004746,love this item it has made my life so much easier highly recommended,4,1
MOCK_004747,perfect fit and exactly as described very satisfied would buy again,5,1
MOCK_004748,worst purchase ever falls apart after minimal use very pleased overall,2,0
MOCK_004749,best purchase i have made in a long time truly impressive not worth the price,4,1
MOCK_004750,this product is absolutely amazing exactly what i needed very disappointing,4,1
MOCK_004751,complete waste of money nothing like the description a solid choice,2,0
MOCK_004752,very disappointed the quality is extremely poor highly recommended,1,0
MOCK_004753,do not buy this it stopped working immediately would buy again,1,0
MOCK_004754,outstanding product five stars without hesitation very pleased overall,5,1
MOCK_004755,cheap materials and poorly made would not recommend not worth the price,2,0
MOCK_004756,this product is a scam nothing works as advertised very disappointing,1,0
MOCK_004757,perfect fit and exactly as described very satisfied a solid choice,5,1
MOCK_004758,worst purchase ever falls apart after minimal use highly recommended,1,0
MOCK_004759,best purchase i have made in a long time truly impressive would buy again,5,1
MOCK_004760,terrible product broke after just one week of use very pleased overall,2,0
MOCK_004761,great quality and fast shipping very happy with this purchase not worth the price,5,1
MOCK_004762,very disappointed the quality is extremely poor very disappointing,2,0
MOCK_004763,exceeded my expectations will definitely buy again a solid choice,5,1
MOCK_004764,awful experience arrived damaged and customer support ignored me highly recommended,1,0
MOCK_004765,fantastic build quality and great value for money would buy again,4,1
MOCK_004766,love this item it has made my life so much easier very pleased overall,5,1
MOCK_004767,returned it immediately total garbage not worth the price,2,0
MOCK_004768,incredible product customer service was excellent too very disappointing,4,1
MOCK_004769,best purchase i have made in a long time truly impressive a solid choice,5,1
MOCK_004770,terrible product broke after just one week of use highly recommended,2,0
MOCK_004771,complete waste of money nothing like the description would buy again,1,0
MOCK_004772,works perfectly highly recommend to everyone very pleased overall,4,1
MOCK_004773,do not buy this it stopped working immediately not worth the price,1,0
MOCK_004774,outstanding product five stars without hesitation very disappointing,4,1
MOCK_004775,fantastic build quality and great value for money a solid choice,4,1
MOCK_004776,this product is a scam nothing works as advertised highly recommended,1,0
MOCK_004777,returned it immediately total garbage would buy again,1,0
MOCK_004778,incredible product customer service was excellent too very pleased overall,4,1
MOCK_004779,best purchase i have made in a long time truly impressive not worth the price,5,1
MOCK_004780,this product is absolutely amazing exactly what i needed very disappointing,4,1
MOCK_004781,great quality and fast shipping very happy with this purchase a solid choice,5,1
MOCK_004782,works perfectly highly recommend to everyone highly recommended,5,1
MOCK_004783,do not buy this it stopped working immediately would buy again,2,0
MOCK_004784,awful experience arrived damaged and customer support ignored me very pleased overall,2,0
MOCK_004785,fantastic build quality and great value for money not worth the price,5,1
MOCK_004786,this product is a scam nothing works as advertised very disappointing,1,0
MOCK_004787,perfect fit and exactly as described very satisfied a solid choice,5,1
MOCK_004788,worst purchase ever falls apart after minimal use highly recommended,1,0
MOCK_004789,misleading product photos looks nothing like what arrived would buy again,2,0
MOCK_004790,terrible product broke after just one week of use very pleased overall,1,0
MOCK_004791,great quality and fast shipping very happy with this purchase not worth the price,4,1
MOCK_004792,works perfectly highly recommend to everyone very disappointing,4,1
MOCK_004793,exceeded my expectations will definitely buy again a solid choice,5,1
MOCK_004794,outstanding product five stars without hesitation highly recommended,4,1
MOCK_004795,cheap materials and poorly made would not recommend would buy again,1,0
MOCK_004796,love this item it has made my life so much easier very pleased overall,4,1
MOCK_004797,returned it immediately total garbage not worth the price,1,0
MOCK_004798,incredible product customer service was excellent too very disappointing,5,1
MOCK_004799,best purchase i have made in a long time truly impressive a solid choice,5,1
MOCK_004800,this product is absolutely amazing exactly what i needed highly recommended,4,1
MOCK_004801,complete waste of money nothing like the description would buy again,1,0
MOCK_004802,very disappointed the quality is extremely poor very pleased overall,1,0
MOCK_004803,do not buy this it stopped working immediately not worth the price,1,0
MOCK_004804,awful experience arrived damaged and customer support ignored me very disappointing,2,0
MOCK_004805,fantastic build quality and great value for money a solid choice,5,1
MOCK_004806,this product is a scam nothing works as advertised highly recommended,1,0
MOCK_004807,perfect fit and exactly as described very satisfied would buy again,5,1
MOCK_004808,worst purchase ever falls apart after minimal use very pleased overall,1,0
MOCK_004809,misleading product photos looks nothing like what arrived not worth the price,2,0
MOCK_004810,terrible product broke after just one week of use very disappointing,2,0
MOCK_004811,complete waste of money nothing like the description a solid choice,2,0
MOCK_004812,works perfectly highly recommend to everyone highly recommended,5,1
MOCK_004813,do not buy this it stopped working immediately would buy again,2,0
MOCK_004814,outstanding product five stars without hesitation very pleased overall,4,1
MOCK_004815,cheap materials and poorly made would not recommend not worth the price,1,0
MOCK_004816,this product is a scam nothing works as advertised very disappointing,1,0
MOCK_004817,perfect fit and exactly as described very satisfied a solid choice,5,1
MOCK_004818,incredible product customer service was excellent too highly recommended,5,1
MOCK_004819,best purchase i have made in a long time truly impressive would buy again,5,1
MOCK_004820,terrible product broke after just one week of use very pleased overall,2,0
MOCK_004821,complete waste of money nothing like the description not worth the price,1,0
MOCK_004822,very disappointed the quality is extremely poor very disappointing,2,0
MOCK_004823,do not buy this it stopped working immediately a solid choice,2,0
MOCK_004824,outstanding product five stars without hesitation highly recommended,4,1
MOCK_004825,cheap materials and poorly made would not recommend would buy again,1,0
MOCK_004826,love this item it has made my life so much easier very pleased overall,4,1
MOCK_004827,perfect fit and exactly as described very satisfied not worth the price,4,1
MOCK_004828,incredible product customer service was excellent too very disappointing,5,1
MOCK_004829,best purchase i have made in a long time truly impressive a solid choice,5,1
MOCK_004830,terrible product broke after just one week of use highly recommended,2,0
MOCK_004831,complete waste of money nothing like the description would buy again,1,0
MOCK_004832,very disappointed the quality is extremely poor very pleased overall,2,0
MOCK_004833,exceeded my expectations will definitely buy again not worth the price,5,1
MOCK_004834,awful experience arrived damaged and customer support ignored me very disappointing,1,0
MOCK_004835,fantastic build quality and great value for money a solid choice,5,1
MOCK_004836,love this item it has made my life so much easier highly recommended,4,1
MOCK_004837,returned it immediately total garbage would buy again,1,0
MOCK_004838,incredible product customer service was excellent too very pleased overall,4,1
MOCK_004839,best purchase i have made in a long time truly impressive not worth the price,4,1
MOCK_004840,terrible product broke after just one week of use very disappointing,2,0
MOCK_004841,complete waste of money nothing like the description a solid choice,1,0
MOCK_004842,works perfectly highly recommend to everyone highly recommended,4,1
MOCK_004843,exceeded my expectations will definitely buy again would buy again,4,1
MOCK_004844,awful experience arrived damaged and customer support ignored me very pleased overall,1,0
MOCK_004845,cheap materials and poorly made would not recommend not worth the price,1,0
MOCK_004846,love this item it has made my life so much easier very disappointing,4,1
MOCK_004847,returned it immediately total garbage a solid choice,2,0
MOCK_004848,worst purchase ever falls apart after minimal use highly recommended,1,0
MOCK_004849,best purchase i have made in a long time truly impressive would buy again,5,1
MOCK_004850,terrible product broke after just one week of use very pleased overall,1,0
MOCK_004851,complete waste of money nothing like the description not worth the price,2,0
MOCK_004852,very disappointed the quality is extremely poor very disappointing,2,0
MOCK_004853,do not buy this it stopped working immediately a solid choice,1,0
MOCK_004854,outstanding product five stars without hesitation highly recommended,4,1
MOCK_004855,cheap materials and poorly made would not recommend would buy again,2,0
MOCK_004856,love this item it has made my life so much easier very pleased overall,4,1
MOCK_004857,perfect fit and exactly as described very satisfied not worth the price,5,1
MOCK_004858,incredible product customer service was excellent too very disappointing,4,1
MOCK_004859,best purchase i have made in a long time truly impressive a solid choice,4,1
MOCK_004860,this product is absolutely amazing exactly what i needed highly recommended,5,1
MOCK_004861,complete waste of money nothing like the description would buy again,2,0
MOCK_004862,very disappointed the quality is extremely poor very pleased overall,1,0
MOCK_004863,exceeded my expectations will definitely buy again not worth the price,5,1
MOCK_004864,outstanding product five stars without hesitation very disappointing,5,1
MOCK_004865,fantastic build quality and great value for money a solid choice,4,1
MOCK_004866,love this item it has made my life so much easier highly recommended,4,1
MOCK_004867,returned it immediately total garbage would buy again,1,0
MOCK_004868,worst purchase ever falls apart after minimal use very pleased overall,1,0
MOCK_004869,best purchase i have made in a long time truly impressive not worth the price,5,1
MOCK_004870,terrible product broke after just one week of use very disappointing,1,0
MOCK_004871,great quality and fast shipping very happy with this purchase a solid choice,4,1
MOCK_004872,works perfectly highly recommend to everyone highly recommended,5,1
MOCK_004873,do not buy this it stopped working immediately would buy again,2,0
MOCK_004874,outstanding product five stars without hesitation very pleased overall,5,1
MOCK_004875,cheap materials and poorly made would not recommend not worth the price,2,0
MOCK_004876,love this item it has made my life so much easier very disappointing,4,1
MOCK_004877,perfect fit and exactly as described very satisfied a solid choice,5,1
MOCK_004878,worst purchase ever falls apart after minimal use highly recommended,1,0
MOCK_004879,best purchase i have made in a long time truly impressive would buy again,4,1
MOCK_004880,this product is absolutely amazing exactly what i needed very pleased overall,4,1
MOCK_004881,great quality and fast shipping very happy with this purchase not worth the price,5,1
MOCK_004882,works perfectly highly recommend to everyone very disappointing,5,1
MOCK_004883,do not buy this it stopped working immediately a solid choice,1,0
MOCK_004884,outstanding product five stars without hesitation highly recommended,5,1
MOCK_004885,cheap materials and poorly made would not recommend would buy again,2,0
MOCK_004886,love this item it has made my life so much easier very pleased overall,4,1
MOCK_004887,returned it immediately total garbage not worth the price,2,0
MOCK_004888,incredible product customer service was excellent too very disappointing,4,1
MOCK_004889,best purchase i have made in a long time truly impressive a solid choice,5,1
MOCK_004890,terrible product broke after just one week of use highly recommended,1,0
MOCK_004891,great quality and fast shipping very happy with this purchase would buy again,4,1
MOCK_004892,very disappointed the quality is extremely poor very pleased overall,1,0
MOCK_004893,exceeded my expectations will definitely buy again not worth the price,4,1
MOCK_004894,outstanding product five stars without hesitation very disappointing,5,1
MOCK_004895,cheap materials and poorly made would not recommend a solid choice,1,0
MOCK_004896,this product is a scam nothing works as advertised highly recommended,1,0
MOCK_004897,perfect fit and exactly as described very satisfied would buy again,5,1
MOCK_004898,incredible product customer service was excellent too very pleased overall,5,1
MOCK_004899,best purchase i have made in a long time truly impressive not worth the price,5,1
MOCK_004900,this product is absolutely amazing exactly what i needed very disappointing,4,1
MOCK_004901,great quality and fast shipping very happy with this purchase a solid choice,4,1
MOCK_004902,works perfectly highly recommend to everyone highly recommended,4,1
MOCK_004903,exceeded my expectations will definitely buy again would buy again,5,1
MOCK_004904,awful experience arrived damaged and customer support ignored me very pleased overall,2,0
MOCK_004905,fantastic build quality and great value for money not worth the price,5,1
MOCK_004906,this product is a scam nothing works as advertised very disappointing,2,0
MOCK_004907,perfect fit and exactly as described very satisfied a solid choice,4,1
MOCK_004908,worst purchase ever falls apart after minimal use highly recommended,2,0
MOCK_004909,misleading product photos looks nothing like what arrived would buy again,1,0
MOCK_004910,this product is absolutely amazing exactly what i needed very pleased overall,4,1
MOCK_004911,complete waste of money nothing like the description not worth the price,1,0
MOCK_004912,very disappointed the quality is extremely poor very disappointing,1,0
MOCK_004913,exceeded my expectations will definitely buy again a solid choice,5,1
MOCK_004914,outstanding product five stars without hesitation highly recommended,4,1
MOCK_004915,cheap materials and poorly made would not recommend would buy again,2,0
MOCK_004916,this product is a scam nothing works as advertised very pleased overall,2,0
MOCK_004917,returned it immediately total garbage not worth the price,2,0
MOCK_004918,incredible product customer service was excellent too very disappointing,5,1
MOCK_004919,misleading product photos looks nothing like what arrived a solid choice,1,0
MOCK_004920,this product is absolutely amazing exactly what i needed highly recommended,4,1
MOCK_004921,great quality and fast shipping very happy with this purchase would buy again,4,1
MOCK_004922,works perfectly highly recommend to everyone very pleased overall,4,1
MOCK_004923,exceeded my expectations will definitely buy again not worth the price,5,1
MOCK_004924,outstanding product five stars without hesitation very disappointing,4,1
MOCK_004925,cheap materials and poorly made would not recommend a solid choice,1,0
MOCK_004926,love this item it has made my life so much easier highly recommended,4,1
MOCK_004927,perfect fit and exactly as described very satisfied would buy again,4,1
MOCK_004928,worst purchase ever falls apart after minimal use very pleased overall,2,0
MOCK_004929,misleading product photos looks nothing like what arrived not worth the price,1,0
MOCK_004930,this product is absolutely amazing exactly what i needed very disappointing,5,1
MOCK_004931,great quality and fast shipping very happy with this purchase a solid choice,5,1
MOCK_004932,works perfectly highly recommend to everyone highly recommended,5,1
MOCK_004933,do not buy this it stopped working immediately would buy again,1,0
MOCK_004934,awful experience arrived damaged and customer support ignored me very pleased overall,2,0
MOCK_004935,fantastic build quality and great value for money not worth the price,4,1
MOCK_004936,love this item it has made my life so much easier very disappointing,4,1
MOCK_004937,perfect fit and exactly as described very satisfied a solid choice,5,1
MOCK_004938,incredible product customer service was excellent too highly recommended,5,1
MOCK_004939,best purchase i have made in a long time truly impressive would buy again,4,1
MOCK_004940,terrible product broke after just one week of use very pleased overall,2,0
MOCK_004941,complete waste of money nothing like the description not worth the price,1,0
MOCK_004942,very disappointed the quality is extremely poor very disappointing,2,0
MOCK_004943,exceeded my expectations will definitely buy again a solid choice,5,1
MOCK_004944,outstanding product five stars without hesitation highly recommended,5,1
MOCK_004945,fantastic build quality and great value for money would buy again,5,1
MOCK_004946,this product is a scam nothing works as advertised very pleased overall,2,0
MOCK_004947,returned it immediately total garbage not worth the price,2,0
MOCK_004948,incredible product customer service was excellent too very disappointing,5,1
MOCK_004949,best purchase i have made in a long time truly impressive a solid choice,5,1
MOCK_004950,this product is absolutely amazing exactly what i needed highly recommended,4,1
MOCK_004951,complete waste of money nothing like the description would buy again,2,0
MOCK_004952,works perfectly highly recommend to everyone very pleased overall,4,1
MOCK_004953,exceeded my expectations will definitely buy again not worth the price,5,1
MOCK_004954,outstanding product five stars without hesitation very disappointing,4,1
MOCK_004955,fantastic build quality and great value for money a solid choice,4,1
MOCK_004956,this product is a scam nothing works as advertised highly recommended,2,0
MOCK_004957,perfect fit and exactly as described very satisfied would buy again,4,1
MOCK_004958,worst purchase ever falls apart after minimal use very pleased overall,1,0
MOCK_004959,best purchase i have made in a long time truly impressive not worth the price,5,1
MOCK_004960,terrible product broke after just one week of use very disappointing,1,0
MOCK_004961,great quality and fast shipping very happy with this purchase a solid choice,4,1
MOCK_004962,very disappointed the quality is extremely poor highly recommended,1,0
MOCK_004963,exceeded my expectations will definitely buy again would buy again,4,1
MOCK_004964,awful experience arrived damaged and customer support ignored me very pleased overall,1,0
MOCK_004965,cheap materials and poorly made would not recommend not worth the price,1,0
MOCK_004966,this product is a scam nothing works as advertised very disappointing,1,0
MOCK_004967,returned it immediately total garbage a solid choice,1,0
MOCK_004968,incredible product customer service was excellent too highly recommended,4,1
MOCK_004969,best purchase i have made in a long time truly impressive would buy again,5,1
MOCK_004970,this product is absolutely amazing exactly what i needed very pleased overall,5,1
MOCK_004971,great quality and fast shipping very happy with this purchase not worth the price,4,1
MOCK_004972,very disappointed the quality is extremely poor very disappointing,1,0
MOCK_004973,exceeded my expectations will definitely buy again a solid choice,5,1
MOCK_004974,outstanding product five stars without hesitation highly recommended,5,1
MOCK_004975,cheap materials and poorly made would not recommend would buy again,1,0
MOCK_004976,this product is a scam nothing works as advertised very pleased overall,1,0
MOCK_004977,perfect fit and exactly as described very satisfied not worth the price,4,1
MOCK_004978,incredible product customer service was excellent too very disappointing,5,1
MOCK_004979,misleading product photos looks nothing like what arrived a solid choice,2,0
MOCK_004980,terrible product broke after just one week of use highly recommended,2,0
MOCK_004981,great quality and fast shipping very happy with this purchase would buy again,4,1
MOCK_004982,works perfectly highly recommend to everyone very pleased overall,4,1
MOCK_004983,exceeded my expectations will definitely buy again not worth the price,4,1
MOCK_004984,awful experience arrived damaged and customer support ignored me very disappointing,1,0
MOCK_004985,cheap materials and poorly made would not recommend a solid choice,1,0
MOCK_004986,love this item it has made my life so much easier highly recommended,5,1
MOCK_004987,perfect fit and exactly as described very satisfied would buy again,4,1
MOCK_004988,worst purchase ever falls apart after minimal use very pleased overall,2,0
MOCK_004989,misleading product photos looks nothing like what arrived not worth the price,1,0
MOCK_004990,terrible product broke after just one week of use very disappointing,1,0
MOCK_004991,complete waste of money nothing like the description a solid choice,2,0
MOCK_004992,very disappointed the quality is extremely poor highly recommended,2,0
MOCK_004993,do not buy this it stopped working immediately would buy again,1,0
MOCK_004994,outstanding product five stars without hesitation very pleased overall,5,1
MOCK_004995,cheap materials and poorly made would not recommend not worth the price,1,0
MOCK_004996,love this item it has made my life so much easier very disappointing,4,1
MOCK_004997,perfect fit and exactly as described very satisfied a solid choice,4,1
MOCK_004998,incredible product customer service was excellent too highly recommended,4,1
MOCK_004999,best purchase i have made in a long time truly impressive would buy again,5,1
MOCK_005000,terrible product broke after just one week of use very pleased overall,1,0
MOCK_005001,great quality and fast shipping very happy with this purchase not worth the price,5,1
MOCK_005002,very disappointed the quality is extremely poor very disappointing,2,0
MOCK_005003,exceeded my expectations will definitely buy again a solid choice,4,1
MOCK_005004,outstanding product five stars without hesitation highly recommended,4,1
MOCK_005005,fantastic build quality and great value for money would buy again,4,1
MOCK_005006,love this item it has made my life so much easier very pleased overall,5,1
MOCK_005007,perfect fit and exactly as described very satisfied not worth the price,5,1
MOCK_005008,incredible product customer service was excellent too very disappointing,5,1
MOCK_005009,best purchase i have made in a long time truly impressive a solid choice,4,1
MOCK_005010,terrible product broke after just one week of use highly recommended,1,0
MOCK_005011,great quality and fast shipping very happy with this purchase would buy again,5,1
MOCK_005012,very disappointed the quality is extremely poor very pleased overall,1,0
MOCK_005013,exceeded my expectations will definitely buy again not worth the price,5,1
MOCK_005014,outstanding product five stars without hesitation very disappointing,4,1
MOCK_005015,cheap materials and poorly made would not recommend a solid choice,1,0
MOCK_005016,love this item it has made my life so much easier highly recommended,5,1
MOCK_005017,perfect fit and exactly as described very satisfied would buy again,4,1
MOCK_005018,worst purchase ever falls apart after minimal use very pleased overall,2,0
MOCK_005019,best purchase i have made in a long time truly impressive not worth the price,4,1
MOCK_005020,this product is absolutely amazing exactly what i needed very disappointing,5,1
MOCK_005021,complete waste of money nothing like the description a solid choice,2,0
MOCK_005022,works perfectly highly recommend to everyone highly recommended,5,1
MOCK_005023,do not buy this it stopped working immediately would buy again,2,0
MOCK_005024,awful experience arrived damaged and customer support ignored me very pleased overall,2,0
MOCK_005025,cheap materials and poorly made would not recommend not worth the price,2,0
MOCK_005026,love this item it has made my life so much easier very disappointing,4,1
MOCK_005027,returned it immediately total garbage a solid choice,1,0
MOCK_005028,incredible product customer service was excellent too highly recommended,5,1
MOCK_005029,best purchase i have made in a long time truly impressive would buy again,4,1
MOCK_005030,terrible product broke after just one week of use very pleased overall,1,0
MOCK_005031,great quality and fast shipping very happy with this purchase not worth the price,5,1
MOCK_005032,very disappointed the quality is extremely poor very disappointing,1,0
MOCK_005033,exceeded my expectations will definitely buy again a solid choice,5,1
MOCK_005034,awful experience arrived damaged and customer support ignored me highly recommended,2,0
MOCK_005035,cheap materials and poorly made would not recommend would buy again,1,0
MOCK_005036,this product is a scam nothing works as advertised very pleased overall,2,0
MOCK_005037,perfect fit and exactly as described very satisfied not worth the price,4,1
MOCK_005038,incredible product customer service was excellent too very disappointing,5,1
MOCK_005039,best purchase i have made in a long time truly impressive a solid choice,5,1
MOCK_005040,terrible product broke after just one week of use highly recommended,1,0
MOCK_005041,complete waste of money nothing like the description would buy again,1,0
MOCK_005042,very disappointed the quality is extremely poor very pleased overall,1,0
MOCK_005043,exceeded my expectations will definitely buy again not worth the price,4,1
MOCK_005044,awful experience arrived damaged and customer support ignored me very disappointing,1,0
MOCK_005045,cheap materials and poorly made would not recommend a solid choice,2,0
MOCK_005046,love this item it has made my life so much easier highly recommended,4,1
MOCK_005047,perfect fit and exactly as described very satisfied would buy again,5,1
MOCK_005048,incredible product customer service was excellent too very pleased overall,4,1
MOCK_005049,best purchase i have made in a long time truly impressive not worth the price,5,1
MOCK_005050,this product is absolutely amazing exactly what i needed very disappointing,4,1
MOCK_005051,great quality and fast shipping very happy with this purchase a solid choice,4,1
MOCK_005052,very disappointed the quality is extremely poor highly recommended,2,0
MOCK_005053,exceeded my expectations will definitely buy again would buy again,4,1
MOCK_005054,outstanding product five stars without hesitation very pleased overall,5,1
MOCK_005055,fantastic build quality and great value for money not worth the price,4,1
MOCK_005056,this product is a scam nothing works as advertised very disappointing,2,0
MOCK_005057,perfect fit and exactly as described very satisfied a solid choice,5,1
MOCK_005058,incredible product customer service was excellent too highly recommended,5,1
MOCK_005059,best purchase i have made in a long time truly impressive would buy again,4,1
MOCK_005060,this product is absolutely amazing exactly what i needed very pleased overall,4,1
MOCK_005061,great quality and fast shipping very happy with this purchase not worth the price,4,1
MOCK_005062,works perfectly highly recommend to everyone very disappointing,4,1
MOCK_005063,do not buy this it stopped working immediately a solid choice,1,0
MOCK_005064,awful experience arrived damaged and customer support ignored me highly recommended,2,0
MOCK_005065,cheap materials and poorly made would not recommend would buy again,2,0
MOCK_005066,love this item it has made my life so much easier very pleased overall,5,1
MOCK_005067,returned it immediately total garbage not worth the price,1,0
MOCK_005068,worst purchase ever falls apart after minimal use very disappointing,1,0
MOCK_005069,misleading product photos looks nothing like what arrived a solid choice,2,0
MOCK_005070,terrible product broke after just one week of use highly recommended,1,0
MOCK_005071,complete waste of money nothing like the description would buy again,1,0
MOCK_005072,very disappointed the quality is extremely poor very pleased overall,1,0
MOCK_005073,exceeded my expectations will definitely buy again not worth the price,5,1
MOCK_005074,outstanding product five stars without hesitation very disappointing,5,1
MOCK_005075,fantastic build quality and great value for money a solid choice,4,1
MOCK_005076,this product is a scam nothing works as advertised highly recommended,1,0
MOCK_005077,returned it immediately total garbage would buy again,1,0
MOCK_005078,worst purchase ever falls apart after minimal use very pleased overall,1,0
MOCK_005079,best purchase i have made in a long time truly impressive not worth the price,5,1
MOCK_005080,this product is absolutely amazing exactly what i needed very disappointing,4,1
MOCK_005081,complete waste of money nothing like the description a solid choice,2,0
MOCK_005082,very disappointed the quality is extremely poor highly recommended,1,0
MOCK_005083,do not buy this it stopped working immediately would buy again,1,0
MOCK_005084,outstanding product five stars without hesitation very pleased overall,5,1
MOCK_005085,cheap materials and poorly made would not recommend not worth the price,1,0
MOCK_005086,love this item it has made my life so much easier very disappointing,5,1
MOCK_005087,perfect fit and exactly as described very satisfied a solid choice,4,1
MOCK_005088,incredible product customer service was excellent too highly recommended,5,1
MOCK_005089,best purchase i have made in a long time truly impressive would buy again,4,1
MOCK_005090,this product is absolutely amazing exactly what i needed very pleased overall,4,1
MOCK_005091,complete waste of money nothing like the description not worth the price,2,0
MOCK_005092,works perfectly highly recommend to everyone very disappointing,4,1
MOCK_005093,do not buy this it stopped working immediately a solid choice,1,0
MOCK_005094,awful experience arrived damaged and customer support ignored me highly recommended,2,0
MOCK_005095,cheap materials and poorly made would not recommend would buy again,2,0
MOCK_005096,this product is a scam nothing works as advertised very pleased overall,2,0
MOCK_005097,perfect fit and exactly as described very satisfied not worth the price,5,1
MOCK_005098,incredible product customer service was excellent too very disappointing,5,1
MOCK_005099,best purchase i have made in a long time truly impressive a solid choice,5,1
MOCK_005100,terrible product broke after just one week of use highly recommended,2,0
MOCK_005101,great quality and fast shipping very happy with this purchase would buy again,4,1
MOCK_005102,works perfectly highly recommend to everyone very pleased overall,4,1
MOCK_005103,exceeded my expectations will definitely buy again not worth the price,5,1
MOCK_005104,outstanding product five stars without hesitation very disappointing,5,1
MOCK_005105,cheap materials and poorly made would not recommend a solid choice,1,0
MOCK_005106,love this item it has made my life so much easier highly recommended,4,1
MOCK_005107,perfect fit and exactly as described very satisfied would buy again,4,1
MOCK_005108,incredible product customer service was excellent too very pleased overall,5,1
MOCK_005109,best purchase i have made in a long time truly impressive not worth the price,5,1
MOCK_005110,terrible product broke after just one week of use very disappointing,1,0
MOCK_005111,complete waste of money nothing like the description a solid choice,2,0
MOCK_005112,works perfectly highly recommend to everyone highly recommended,5,1
MOCK_005113,do not buy this it stopped working immediately would buy again,2,0
MOCK_005114,awful experience arrived damaged and customer support ignored me very pleased overall,1,0
MOCK_005115,cheap materials and poorly made would not recommend not worth the price,2,0
MOCK_005116,this product is a scam nothing works as advertised very disappointing,2,0
MOCK_005117,perfect fit and exactly as described very satisfied a solid choice,5,1
MOCK_005118,incredible product customer service was excellent too highly recommended,4,1
MOCK_005119,misleading product photos looks nothing like what arrived would buy again,2,0
MOCK_005120,this product is absolutely amazing exactly what i needed very pleased overall,5,1
MOCK_005121,great quality and fast shipping very happy with this purchase not worth the price,4,1
MOCK_005122,very disappointed the quality is extremely poor very disappointing,1,0
MOCK_005123,do not buy this it stopped working immediately a solid choice,2,0
MOCK_005124,outstanding product five stars without hesitation highly recommended,5,1
MOCK_005125,fantastic build quality and great value for money would buy again,4,1
MOCK_005126,love this item it has made my life so much easier very pleased overall,4,1
MOCK_005127,returned it immediately total garbage not worth the price,1,0
MOCK_005128,incredible product customer service was excellent too very disappointing,5,1
MOCK_005129,best purchase i have made in a long time truly impressive a solid choice,5,1
MOCK_005130,terrible product broke after just one week of use highly recommended,1,0
MOCK_005131,great quality and fast shipping very happy with this purchase would buy again,4,1
MOCK_005132,works perfectly highly recommend to everyone very pleased overall,4,1
MOCK_005133,do not buy this it stopped working immediately not worth the price,1,0
MOCK_005134,awful experience arrived damaged and customer support ignored me very disappointing,2,0
MOCK_005135,fantastic build quality and great value for money a solid choice,5,1
MOCK_005136,love this item it has made my life so much easier highly recommended,4,1
MOCK_005137,returned it immediately total garbage would buy again,1,0
MOCK_005138,incredible product customer service was excellent too very pleased overall,4,1
MOCK_005139,misleading product photos looks nothing like what arrived not worth the price,2,0
MOCK_005140,this product is absolutely amazing exactly what i needed very disappointing,5,1
MOCK_005141,complete waste of money nothing like the description a solid choice,2,0
MOCK_005142,works perfectly highly recommend to everyone highly recommended,4,1
MOCK_005143,exceeded my expectations will definitely buy again would buy again,5,1
MOCK_005144,awful experience arrived damaged and customer support ignored me very pleased overall,1,0
MOCK_005145,cheap materials and poorly made would not recommend not worth the price,2,0
MOCK_005146,this product is a scam nothing works as advertised very disappointing,2,0
MOCK_005147,perfect fit and exactly as described very satisfied a solid choice,4,1
MOCK_005148,incredible product customer service was excellent too highly recommended,5,1
MOCK_005149,best purchase i have made in a long time truly impressive would buy again,4,1
MOCK_005150,terrible product broke after just one week of use very pleased overall,2,0
MOCK_005151,complete waste of money nothing like the description not worth the price,1,0
MOCK_005152,works perfectly highly recommend to everyone very disappointing,4,1
MOCK_005153,exceeded my expectations will definitely buy again a solid choice,4,1
MOCK_005154,awful experience arrived damaged and customer support ignored me highly recommended,1,0
MOCK_005155,cheap materials and poorly made would not recommend would buy again,1,0
MOCK_005156,this product is a scam nothing works as advertised very pleased overall,1,0
MOCK_005157,perfect fit and exactly as described very satisfied not worth the price,5,1
MOCK_005158,worst purchase ever falls apart after minimal use very disappointing,1,0
MOCK_005159,misleading product photos looks nothing like what arrived a solid choice,1,0
MOCK_005160,this product is absolutely amazing exactly what i needed highly recommended,5,1
MOCK_005161,complete waste of money nothing like the description would buy again,2,0
MOCK_005162,works perfectly highly recommend to everyone very pleased overall,4,1
MOCK_005163,exceeded my expectations will definitely buy again not worth the price,4,1
MOCK_005164,outstanding product five stars without hesitation very disappointing,5,1
MOCK_005165,cheap materials and poorly made would not recommend a solid choice,2,0
MOCK_005166,love this item it has made my life so much easier highly recommended,4,1
MOCK_005167,returned it immediately total garbage would buy again,2,0
MOCK_005168,worst purchase ever falls apart after minimal use very pleased overall,1,0
MOCK_005169,best purchase i have made in a long time truly impressive not worth the price,4,1
MOCK_005170,this product is absolutely amazing exactly what i needed very disappointing,5,1
MOCK_005171,great quality and fast shipping very happy with this purchase a solid choice,5,1
MOCK_005172,works perfectly highly recommend to everyone highly recommended,5,1
MOCK_005173,exceeded my expectations will definitely buy again would buy again,4,1
MOCK_005174,outstanding product five stars without hesitation very pleased overall,4,1
MOCK_005175,fantastic build quality and great value for money not worth the price,4,1
MOCK_005176,this product is a scam nothing works as advertised very disappointing,1,0
MOCK_005177,perfect fit and exactly as described very satisfied a solid choice,4,1
MOCK_005178,worst purchase ever falls apart after minimal use highly recommended,2,0
MOCK_005179,best purchase i have made in a long time truly impressive would buy again,5,1
MOCK_005180,terrible product broke after just one week of use very pleased overall,2,0
MOCK_005181,great quality and fast shipping very happy with this purchase not worth the price,4,1
MOCK_005182,works perfectly highly recommend to everyone very disappointing,4,1
MOCK_005183,do not buy this it stopped working immediately a solid choice,2,0
MOCK_005184,awful experience arrived damaged and customer support ignored me highly recommended,1,0
MOCK_005185,cheap materials and poorly made would not recommend would buy again,2,0
MOCK_005186,this product is a scam nothing works as advertised very pleased overall,1,0
MOCK_005187,perfect fit and exactly as described very satisfied not worth the price,5,1
MOCK_005188,worst purchase ever falls apart after minimal use very disappointing,2,0
MOCK_005189,misleading product photos looks nothing like what arrived a solid choice,2,0
MOCK_005190,this product is absolutely amazing exactly what i needed highly recommended,5,1
MOCK_005191,complete waste of money nothing like the description would buy again,2,0
MOCK_005192,works perfectly highly recommend to everyone very pleased overall,4,1
MOCK_005193,do not buy this it stopped working immediately not worth the price,2,0
MOCK_005194,awful experience arrived damaged and customer support ignored me very disappointing,2,0
MOCK_005195,cheap materials and poorly made would not recommend a solid choice,2,0
MOCK_005196,love this item it has made my life so much easier highly recommended,4,1
MOCK_005197,returned it immediately total garbage would buy again,1,0
MOCK_005198,incredible product customer service was excellent too very pleased overall,5,1
MOCK_005199,misleading product photos looks nothing like what arrived not worth the price,2,0
MOCK_005200,this product is absolutely amazing exactly what i needed very disappointing,4,1
MOCK_005201,great quality and fast shipping very happy with this purchase a solid choice,4,1
MOCK_005202,works perfectly highly recommend to everyone highly recommended,4,1
MOCK_005203,do not buy this it stopped working immediately would buy again,1,0
MOCK_005204,awful experience arrived damaged and customer support ignored me very pleased overall,1,0
MOCK_005205,fantastic build quality and great value for money not worth the price,4,1
MOCK_005206,love this item it has made my life so much easier very disappointing,4,1
MOCK_005207,returned it immediately total garbage a solid choice,2,0
MOCK_005208,worst purchase ever falls apart after minimal use highly recommended,1,0
MOCK_005209,best purchase i have made in a long time truly impressive would buy again,4,1
MOCK_005210,this product is absolutely amazing exactly what i needed very pleased overall,4,1
MOCK_005211,great quality and fast shipping very happy with this purchase not worth the price,4,1
MOCK_005212,very disappointed the quality is extremely poor very disappointing,2,0
MOCK_005213,exceeded my expectations will definitely buy again a solid choice,5,1
MOCK_005214,awful experience arrived damaged and customer support ignored me highly recommended,1,0
MOCK_005215,fantastic build quality and great value for money would buy again,4,1
MOCK_005216,this product is a scam nothing works as advertised very pleased overall,1,0
MOCK_005217,perfect fit and exactly as described very satisfied not worth the price,4,1
MOCK_005218,worst purchase ever falls apart after minimal use very disappointing,1,0
MOCK_005219,misleading product photos looks nothing like what arrived a solid choice,1,0
MOCK_005220,terrible product broke after just one week of use highly recommended,1,0
MOCK_005221,complete waste of money nothing like the description would buy again,2,0
MOCK_005222,works perfectly highly recommend to everyone very pleased overall,4,1
MOCK_005223,do not buy this it stopped working immediately not worth the price,1,0
MOCK_005224,awful experience arrived damaged and customer support ignored me very disappointing,1,0
MOCK_005225,fantastic build quality and great value for money a solid choice,4,1
MOCK_005226,love this item it has made my life so much easier highly recommended,4,1
MOCK_005227,returned it immediately total garbage would buy again,1,0
MOCK_005228,worst purchase ever falls apart after minimal use very pleased overall,1,0
MOCK_005229,misleading product photos looks nothing like what arrived not worth the price,1,0
MOCK_005230,this product is absolutely amazing exactly what i needed very disappointing,5,1
MOCK_005231,complete waste of money nothing like the description a solid choice,2,0
MOCK_005232,very disappointed the quality is extremely poor highly recommended,1,0
MOCK_005233,do not buy this it stopped working immediately would buy again,1,0
MOCK_005234,outstanding product five stars without hesitation very pleased overall,5,1
MOCK_005235,fantastic build quality and great value for money not worth the price,5,1
MOCK_005236,love this item it has made my life so much easier very disappointing,4,1
MOCK_005237,returned it immediately total garbage a solid choice,1,0
MOCK_005238,incredible product customer service was excellent too highly recommended,4,1
MOCK_005239,best purchase i have made in a long time truly impressive would buy again,5,1
MOCK_005240,terrible product broke after just one week of use very pleased overall,1,0
MOCK_005241,great quality and fast shipping very happy with this purchase not worth the price,4,1
MOCK_005242,very disappointed the quality is extremely poor very disappointing,1,0
MOCK_005243,exceeded my expectations will definitely buy again a solid choice,4,1
MOCK_005244,outstanding product five stars without hesitation highly recommended,4,1
MOCK_005245,fantastic build quality and great value for money would buy again,5,1
MOCK_005246,this product is a scam nothing works as advertised very pleased overall,2,0
MOCK_005247,returned it immediately total garbage not worth the price,1,0
MOCK_005248,incredible product customer service was excellent too very disappointing,4,1
MOCK_005249,best purchase i have made in a long time truly impressive a solid choice,5,1
MOCK_005250,terrible product broke after just one week of use highly recommended,1,0
MOCK_005251,great quality and fast shipping very happy with this purchase would buy again,4,1
MOCK_005252,very disappointed the quality is extremely poor very pleased overall,1,0
MOCK_005253,do not buy this it stopped working immediately not worth the price,2,0
MOCK_005254,awful experience arrived damaged and customer support ignored me very disappointing,2,0
MOCK_005255,fantastic build quality and great value for money a solid choice,5,1
MOCK_005256,love this item it has made my life so much easier highly recommended,5,1
MOCK_005257,returned it immediately total garbage would buy again,1,0
MOCK_005258,incredible product customer service was excellent too very pleased overall,4,1
MOCK_005259,best purchase i have made in a long time truly impressive not worth the price,4,1
MOCK_005260,this product is absolutely amazing exactly what i needed very disappointing,5,1
MOCK_005261,complete waste of money nothing like the description a solid choice,2,0
MOCK_005262,very disappointed the quality is extremely poor highly recommended,1,0
MOCK_005263,exceeded my expectations will definitely buy again would buy again,5,1
MOCK_005264,outstanding product five stars without hesitation very pleased overall,4,1
MOCK_005265,cheap materials and poorly made would not recommend not worth the price,1,0
MOCK_005266,love this item it has made my life so much easier very disappointing,4,1
MOCK_005267,perfect fit and exactly as described very satisfied a solid choice,5,1
MOCK_005268,worst purchase ever falls apart after minimal use highly recommended,2,0
MOCK_005269,misleading product photos looks nothing like what arrived would buy again,1,0
MOCK_005270,terrible product broke after just one week of use very pleased overall,2,0
MOCK_005271,great quality and fast shipping very happy with this purchase not worth the price,5,1
MOCK_005272,works perfectly highly recommend to everyone very disappointing,5,1
MOCK_005273,exceeded my expectations will definitely buy again a solid choice,5,1
MOCK_005274,awful experience arrived damaged and customer support ignored me highly recommended,1,0
MOCK_005275,fantastic build quality and great value for money would buy again,5,1
MOCK_005276,love this item it has made my life so much easier very pleased overall,5,1
MOCK_005277,perfect fit and exactly as described very satisfied not worth the price,5,1
MOCK_005278,incredible product customer service was excellent too very disappointing,4,1
MOCK_005279,best purchase i have made in a long time truly impressive a solid choice,5,1
MOCK_005280,this product is absolutely amazing exactly what i needed highly recommended,5,1
MOCK_005281,complete waste of money nothing like the description would buy again,1,0
MOCK_005282,works perfectly highly recommend to everyone very pleased overall,5,1
MOCK_005283,do not buy this it stopped working immediately not worth the price,1,0
MOCK_005284,outstanding product five stars without hesitation very disappointing,4,1
MOCK_005285,fantastic build quality and great value for money a solid choice,4,1
MOCK_005286,this product is a scam nothing works as advertised highly recommended,2,0
MOCK_005287,perfect fit and exactly as described very satisfied would buy again,5,1
MOCK_005288,incredible product customer service was excellent too very pleased overall,4,1
MOCK_005289,best purchase i have made in a long time truly impressive not worth the price,5,1
MOCK_005290,this product is absolutely amazing exactly what i needed very disappointing,4,1
MOCK_005291,great quality and fast shipping very happy with this purchase a solid choice,4,1
MOCK_005292,works perfectly highly recommend to everyone highly recommended,5,1
MOCK_005293,do not buy this it stopped working immediately would buy again,2,0
MOCK_005294,outstanding product five stars without hesitation very pleased overall,5,1
MOCK_005295,fantastic build quality and great value for money not worth the price,5,1
MOCK_005296,this product is a scam nothing works as advertised very disappointing,2,0
MOCK_005297,perfect fit and exactly as described very satisfied a solid choice,4,1
MOCK_005298,worst purchase ever falls apart after minimal use highly recommended,1,0
MOCK_005299,best purchase i have made in a long time truly impressive would buy again,4,1
MOCK_005300,this product is absolutely amazing exactly what i needed very pleased overall,5,1
MOCK_005301,complete waste of money nothing like the description not worth the price,2,0
MOCK_005302,works perfectly highly recommend to everyone very disappointing,5,1
MOCK_005303,exceeded my expectations will definitely buy again a solid choice,4,1
MOCK_005304,awful experience arrived damaged and customer support ignored me highly recommended,1,0
MOCK_005305,cheap materials and poorly made would not recommend would buy again,2,0
MOCK_005306,this product is a scam nothing works as advertised very pleased overall,2,0
MOCK_005307,perfect fit and exactly as described very satisfied not worth the price,4,1
MOCK_005308,incredible product customer service was excellent too very disappointing,4,1
MOCK_005309,best purchase i have made in a long time truly impressive a solid choice,4,1
MOCK_005310,terrible product broke after just one week of use highly recommended,1,0
MOCK_005311,great quality and fast shipping very happy with this purchase would buy again,4,1
MOCK_005312,works perfectly highly recommend to everyone very pleased overall,4,1
MOCK_005313,do not buy this it stopped working immediately not worth the price,2,0
MOCK_005314,outstanding product five stars without hesitation very disappointing,4,1
MOCK_005315,cheap materials and poorly made would not recommend a solid choice,1,0
MOCK_005316,love this item it has made my life so much easier highly recommended,4,1
MOCK_005317,returned it immediately total garbage would buy again,2,0
MOCK_005318,worst purchase ever falls apart after minimal use very pleased overall,1,0
MOCK_005319,best purchase i have made in a long time truly impressive not worth the price,4,1
MOCK_005320,terrible product broke after just one week of use very disappointing,1,0
MOCK_005321,great quality and fast shipping very happy with this purchase a solid choice,5,1
MOCK_005322,works perfectly highly recommend to everyone highly recommended,5,1
MOCK_005323,do not buy this it stopped working immediately would buy again,1,0
MOCK_005324,awful experience arrived damaged and customer support ignored me very pleased overall,1,0
MOCK_005325,fantastic build quality and great value for money not worth the price,4,1
MOCK_005326,love this item it has made my life so much easier very disappointing,5,1
MOCK_005327,returned it immediately total garbage a solid choice,2,0
MOCK_005328,incredible product customer service was excellent too highly recommended,4,1
MOCK_005329,misleading product photos looks nothing like what arrived would buy again,1,0
MOCK_005330,this product is absolutely amazing exactly what i needed very pleased overall,5,1
MOCK_005331,complete waste of money nothing like the description not worth the price,2,0
MOCK_005332,very disappointed the quality is extremely poor very disappointing,1,0
MOCK_005333,do not buy this it stopped working immediately a solid choice,1,0
MOCK_005334,awful experience arrived damaged and customer support ignored me highly recommended,1,0
MOCK_005335,cheap materials and poorly made would not recommend would buy again,2,0
MOCK_005336,this product is a scam nothing works as advertised very pleased overall,2,0
MOCK_005337,perfect fit and exactly as described very satisfied not worth the price,5,1
MOCK_005338,worst purchase ever falls apart after minimal use very disappointing,2,0
MOCK_005339,misleading product photos looks nothing like what arrived a solid choice,1,0
MOCK_005340,this product is absolutely amazing exactly what i needed highly recommended,4,1
MOCK_005341,great quality and fast shipping very happy with this purchase would buy again,4,1
MOCK_005342,works perfectly highly recommend to everyone very pleased overall,5,1
MOCK_005343,exceeded my expectations will definitely buy again not worth the price,5,1
MOCK_005344,outstanding product five stars without hesitation very disappointing,4,1
MOCK_005345,cheap materials and poorly made would not recommend a solid choice,1,0
MOCK_005346,love this item it has made my life so much easier highly recommended,5,1
MOCK_005347,perfect fit and exactly as described very satisfied would buy again,5,1
MOCK_005348,worst purchase ever falls apart after minimal use very pleased overall,2,0
MOCK_005349,best purchase i have made in a long time truly impressive not worth the price,4,1
MOCK_005350,terrible product broke after just one week of use very disappointing,2,0
MOCK_005351,complete waste of money nothing like the description a solid choice,2,0
MOCK_005352,works perfectly highly recommend to everyone highly recommended,5,1
MOCK_005353,exceeded my expectations will definitely buy again would buy again,5,1
MOCK_005354,outstanding product five stars without hesitation very pleased overall,5,1
MOCK_005355,cheap materials and poorly made would not recommend not worth the price,2,0
MOCK_005356,love this item it has made my life so much easier very disappointing,5,1
MOCK_005357,returned it immediately total garbage a solid choice,1,0
MOCK_005358,incredible product customer service was excellent too highly recommended,4,1
MOCK_005359,misleading product photos looks nothing like what arrived would buy again,2,0
MOCK_005360,terrible product broke after just one week of use very pleased overall,2,0
MOCK_005361,complete waste of money nothing like the description not worth the price,1,0
MOCK_005362,works perfectly highly recommend to everyone very disappointing,4,1
MOCK_005363,exceeded my expectations will definitely buy again a solid choice,5,1
MOCK_005364,awful experience arrived damaged and customer support ignored me highly recommended,2,0
MOCK_005365,cheap materials and poorly made would not recommend would buy again,2,0
MOCK_005366,this product is a scam nothing works as advertised very pleased overall,1,0
MOCK_005367,returned it immediately total garbage not worth the price,2,0
MOCK_005368,worst purchase ever falls apart after minimal use very disappointing,2,0
MOCK_005369,misleading product photos looks nothing like what arrived a solid choice,1,0
MOCK_005370,this product is absolutely amazing exactly what i needed highly recommended,4,1
MOCK_005371,complete waste of money nothing like the description would buy again,2,0
MOCK_005372,works perfectly highly recommend to everyone very pleased overall,4,1
MOCK_005373,exceeded my expectations will definitely buy again not worth the price,5,1
MOCK_005374,awful experience arrived damaged and customer support ignored me very disappointing,2,0
MOCK_005375,fantastic build quality and great value for money a solid choice,5,1
MOCK_005376,this product is a scam nothing works as advertised highly recommended,1,0
MOCK_005377,perfect fit and exactly as described very satisfied would buy again,5,1
MOCK_005378,worst purchase ever falls apart after minimal use very pleased overall,1,0
MOCK_005379,best purchase i have made in a long time truly impressive not worth the price,5,1
MOCK_005380,terrible product broke after just one week of use very disappointing,1,0
MOCK_005381,great quality and fast shipping very happy with this purchase a solid choice,5,1
MOCK_005382,works perfectly highly recommend to everyone highly recommended,5,1
MOCK_005383,exceeded my expectations will definitely buy again would buy again,4,1
MOCK_005384,awful experience arrived damaged and customer support ignored me very pleased overall,1,0
MOCK_005385,cheap materials and poorly made would not recommend not worth the price,2,0
MOCK_005386,love this item it has made my life so much easier very disappointing,4,1
MOCK_005387,returned it immediately total garbage a solid choice,1,0
MOCK_005388,worst purchase ever falls apart after minimal use highly recommended,1,0
MOCK_005389,misleading product photos looks nothing like what arrived would buy again,2,0
MOCK_005390,terrible product broke after just one week of use very pleased overall,2,0
MOCK_005391,complete waste of money nothing like the description not worth the price,1,0
MOCK_005392,works perfectly highly recommend to everyone very disappointing,5,1
MOCK_005393,do not buy this it stopped working immediately a solid choice,1,0
MOCK_005394,awful experience arrived damaged and customer support ignored me highly recommended,1,0
MOCK_005395,fantastic build quality and great value for money would buy again,4,1
MOCK_005396,this product is a scam nothing works as advertised very pleased overall,1,0
MOCK_005397,returned it immediately total garbage not worth the price,1,0
MOCK_005398,worst purchase ever falls apart after minimal use very disappointing,2,0
MOCK_005399,misleading product photos looks nothing like what arrived a solid choice,1,0
MOCK_005400,this product is absolutely amazing exactly what i needed highly recommended,5,1
MOCK_005401,complete waste of money nothing like the description would buy again,1,0
MOCK_005402,works perfectly highly recommend to everyone very pleased overall,4,1
MOCK_005403,exceeded my expectations will definitely buy again not worth the price,4,1
MOCK_005404,awful experience arrived damaged and customer support ignored me very disappointing,2,0
MOCK_005405,cheap materials and poorly made would not recommend a solid choice,2,0
MOCK_005406,love this item it has made my life so much easier highly recommended,4,1
MOCK_005407,returned it immediately total garbage would buy again,1,0
MOCK_005408,incredible product customer service was excellent too very pleased overall,4,1
MOCK_005409,best purchase i have made in a long time truly impressive not worth the price,5,1
MOCK_005410,this product is absolutely amazing exactly what i needed very disappointing,4,1
MOCK_005411,complete waste of money nothing like the description a solid choice,2,0
MOCK_005412,works perfectly highly recommend to everyone highly recommended,4,1
MOCK_005413,exceeded my expectations will definitely buy again would buy again,4,1
MOCK_005414,outstanding product five stars without hesitation very pleased overall,5,1
MOCK_005415,cheap materials and poorly made would not recommend not worth the price,1,0
MOCK_005416,this product is a scam nothing works as advertised very disappointing,1,0
MOCK_005417,returned it immediately total garbage a solid choice,2,0
MOCK_005418,worst purchase ever falls apart after minimal use highly recommended,1,0
MOCK_005419,misleading product photos looks nothing like what arrived would buy again,1,0
MOCK_005420,this product is absolutely amazing exactly what i needed very pleased overall,4,1
MOCK_005421,great quality and fast shipping very happy with this purchase not worth the price,4,1
MOCK_005422,works perfectly highly recommend to everyone very disappointing,5,1
MOCK_005423,do not buy this it stopped working immediately a solid choice,1,0
MOCK_005424,outstanding product five stars without hesitation highly recommended,5,1
MOCK_005425,cheap materials and poorly made would not recommend would buy again,2,0
MOCK_005426,love this item it has made my life so much easier very pleased overall,5,1
MOCK_005427,returned it immediately total garbage not worth the price,2,0
MOCK_005428,incredible product customer service was excellent too very disappointing,5,1
MOCK_005429,misleading product photos looks nothing like what arrived a solid choice,2,0
MOCK_005430,terrible product broke after just one week of use highly recommended,1,0
MOCK_005431,complete waste of money nothing like the description would buy again,1,0
MOCK_005432,works perfectly highly recommend to everyone very pleased overall,5,1
MOCK_005433,do not buy this it stopped working immediately not worth the price,1,0
MOCK_005434,awful experience arrived damaged and customer support ignored me very disappointing,2,0
MOCK_005435,cheap materials and poorly made would not recommend a solid choice,1,0
MOCK_005436,love this item it has made my life so much easier highly recommended,5,1
MOCK_005437,returned it immediately total garbage would buy again,1,0
MOCK_005438,worst purchase ever falls apart after minimal use very pleased overall,2,0
MOCK_005439,best purchase i have made in a long time truly impressive not worth the price,4,1
MOCK_005440,terrible product broke after just one week of use very disappointing,1,0
MOCK_005441,complete waste of money nothing like the description a solid choice,2,0
MOCK_005442,very disappointed the quality is extremely poor highly recommended,2,0
MOCK_005443,do not buy this it stopped working immediately would buy again,2,0
MOCK_005444,awful experience arrived damaged and customer support ignored me very pleased overall,2,0
MOCK_005445,cheap materials and poorly made would not recommend not worth the price,1,0
MOCK_005446,this product is a scam nothing works as advertised very disappointing,2,0
MOCK_005447,returned it immediately total garbage a solid choice,1,0
MOCK_005448,incredible product customer service was excellent too highly recommended,5,1
MOCK_005449,best purchase i have made in a long time truly impressive would buy again,4,1
MOCK_005450,terrible product broke after just one week of use very pleased overall,1,0
MOCK_005451,complete waste of money nothing like the description not worth the price,2,0
MOCK_005452,works perfectly highly recommend to everyone very disappointing,5,1
MOCK_005453,exceeded my expectations will definitely buy again a solid choice,4,1
MOCK_005454,outstanding product five stars without hesitation highly recommended,5,1
MOCK_005455,fantastic build quality and great value for money would buy again,5,1
MOCK_005456,this product is a scam nothing works as advertised very pleased overall,1,0
MOCK_005457,returned it immediately total garbage not worth the price,2,0
MOCK_005458,worst purchase ever falls apart after minimal use very disappointing,1,0
MOCK_005459,misleading product photos looks nothing like what arrived a solid choice,1,0
MOCK_005460,this product is absolutely amazing exactly what i needed highly recommended,5,1
MOCK_005461,great quality and fast shipping very happy with this purchase would buy again,4,1
MOCK_005462,very disappointed the quality is extremely poor very pleased overall,1,0
MOCK_005463,exceeded my expectations will definitely buy again not worth the price,5,1
MOCK_005464,awful experience arrived damaged and customer support ignored me very disappointing,1,0
MOCK_005465,cheap materials and poorly made would not recommend a solid choice,2,0
MOCK_005466,this product is a scam nothing works as advertised highly recommended,2,0
MOCK_005467,returned it immediately total garbage would buy again,1,0
MOCK_005468,incredible product customer service was excellent too very pleased overall,5,1
MOCK_005469,best purchase i have made in a long time truly impressive not worth the price,4,1
MOCK_005470,terrible product broke after just one week of use very disappointing,2,0
MOCK_005471,great quality and fast shipping very happy with this purchase a solid choice,4,1
MOCK_005472,works perfectly highly recommend to everyone highly recommended,5,1
MOCK_005473,exceeded my expectations will definitely buy again would buy again,4,1
MOCK_005474,outstanding product five stars without hesitation very pleased overall,5,1
MOCK_005475,cheap materials and poorly made would not recommend not worth the price,1,0
MOCK_005476,love this item it has made my life so much easier very disappointing,4,1
MOCK_005477,returned it immediately total garbage a solid choice,1,0
MOCK_005478,incredible product customer service was excellent too highly recommended,5,1
MOCK_005479,best purchase i have made in a long time truly impressive would buy again,5,1
MOCK_005480,this product is absolutely amazing exactly what i needed very pleased overall,4,1
MOCK_005481,complete waste of money nothing like the description not worth the price,1,0
MOCK_005482,very disappointed the quality is extremely poor very disappointing,1,0
MOCK_005483,exceeded my expectations will definitely buy again a solid choice,4,1
MOCK_005484,awful experience arrived damaged and customer support ignored me highly recommended,2,0
MOCK_005485,cheap materials and poorly made would not recommend would buy again,2,0
MOCK_005486,love this item it has made my life so much easier very pleased overall,5,1
MOCK_005487,perfect fit and exactly as described very satisfied not worth the price,4,1
MOCK_005488,incredible product customer service was excellent too very disappointing,4,1
MOCK_005489,best purchase i have made in a long time truly impressive a solid choice,5,1
MOCK_005490,this product is absolutely amazing exactly what i needed highly recommended,4,1
MOCK_005491,great quality and fast shipping very happy with this purchase would buy again,5,1
MOCK_005492,works perfectly highly recommend to everyone very pleased overall,4,1
MOCK_005493,exceeded my expectations will definitely buy again not worth the price,4,1
MOCK_005494,awful experience arrived damaged and customer support ignored me very disappointing,2,0
MOCK_005495,cheap materials and poorly made would not recommend a solid choice,1,0
MOCK_005496,love this item it has made my life so much easier highly recommended,5,1
MOCK_005497,returned it immediately total garbage would buy again,1,0
MOCK_005498,worst purchase ever falls apart after minimal use very pleased overall,1,0
MOCK_005499,best purchase i have made in a long time truly impressive not worth the price,4,1
MOCK_005500,this product is absolutely amazing exactly what i needed very disappointing,4,1
MOCK_005501,great quality and fast shipping very happy with this purchase a solid choice,5,1
MOCK_005502,works perfectly highly recommend to everyone highly recommended,4,1
MOCK_005503,do not buy this it stopped working immediately would buy again,2,0
MOCK_005504,awful experience arrived damaged and customer support ignored me very pleased overall,2,0
MOCK_005505,fantastic build quality and great value for money not worth the price,4,1
MOCK_005506,this product is a scam nothing works as advertised very disappointing,1,0
MOCK_005507,returned it immediately total garbage a solid choice,1,0
MOCK_005508,incredible product customer service was excellent too highly recommended,5,1
MOCK_005509,misleading product photos looks nothing like what arrived would buy again,2,0
MOCK_005510,terrible product broke after just one week of use very pleased overall,1,0
MOCK_005511,great quality and fast shipping very happy with this purchase not worth the price,5,1
MOCK_005512,very disappointed the quality is extremely poor very disappointing,1,0
MOCK_005513,exceeded my expectations will definitely buy again a solid choice,4,1
MOCK_005514,awful experience arrived damaged and customer support ignored me highly recommended,1,0
MOCK_005515,cheap materials and poorly made would not recommend would buy again,2,0
MOCK_005516,love this item it has made my life so much easier very pleased overall,4,1
MOCK_005517,returned it immediately total garbage not worth the price,1,0
MOCK_005518,worst purchase ever falls apart after minimal use very disappointing,1,0
MOCK_005519,best purchase i have made in a long time truly impressive a solid choice,5,1
MOCK_005520,this product is absolutely amazing exactly what i needed highly recommended,4,1
MOCK_005521,complete waste of money nothing like the description would buy again,1,0
MOCK_005522,very disappointed the quality is extremely poor very pleased overall,1,0
MOCK_005523,do not buy this it stopped working immediately not worth the price,2,0
MOCK_005524,awful experience arrived damaged and customer support ignored me very disappointing,1,0
MOCK_005525,fantastic build quality and great value for money a solid choice,5,1
MOCK_005526,love this item it has made my life so much easier highly recommended,4,1
MOCK_005527,returned it immediately total garbage would buy again,1,0
MOCK_005528,worst purchase ever falls apart after minimal use very pleased overall,2,0
MOCK_005529,best purchase i have made in a long time truly impressive not worth the price,5,1
MOCK_005530,this product is absolutely amazing exactly what i needed very disappointing,4,1
MOCK_005531,complete waste of money nothing like the description a solid choice,2,0
MOCK_005532,works perfectly highly recommend to everyone highly recommended,5,1
MOCK_005533,exceeded my expectations will definitely buy again would buy again,4,1
MOCK_005534,awful experience arrived damaged and customer support ignored me very pleased overall,2,0
MOCK_005535,cheap materials and poorly made would not recommend not worth the price,2,0
MOCK_005536,this product is a scam nothing works as advertised very disappointing,1,0
MOCK_005537,returned it immediately total garbage a solid choice,2,0
MOCK_005538,worst purchase ever falls apart after minimal use highly recommended,1,0
MOCK_005539,best purchase i have made in a long time truly impressive would buy again,4,1
MOCK_005540,terrible product broke after just one week of use very pleased overall,2,0
MOCK_005541,great quality and fast shipping very happy with this purchase not worth the price,5,1
MOCK_005542,very disappointed the quality is extremely poor very disappointing,2,0
MOCK_005543,do not buy this it stopped working immediately a solid choice,2,0
MOCK_005544,awful experience arrived damaged and customer support ignored me highly recommended,2,0
MOCK_005545,fantastic build quality and great value for money would buy again,4,1
MOCK_005546,this product is a scam nothing works as advertised very pleased overall,2,0
MOCK_005547,perfect fit and exactly as described very satisfied not worth the price,5,1
MOCK_005548,incredible product customer service was excellent too very disappointing,5,1
MOCK_005549,misleading product photos looks nothing like what arrived a solid choice,1,0
MOCK_005550,this product is absolutely amazing exactly what i needed highly recommended,4,1
MOCK_005551,great quality and fast shipping very happy with this purchase would buy again,4,1
MOCK_005552,very disappointed the quality is extremely poor very pleased overall,1,0
MOCK_005553,exceeded my expectations will definitely buy again not worth the price,4,1
MOCK_005554,awful experience arrived damaged and customer support ignored me very disappointing,2,0
MOCK_005555,cheap materials and poorly made would not recommend a solid choice,2,0
MOCK_005556,love this item it has made my life so much easier highly recommended,4,1
MOCK_005557,perfect fit and exactly as described very satisfied would buy again,4,1
MOCK_005558,worst purchase ever falls apart after minimal use very pleased overall,2,0
MOCK_005559,misleading product photos looks nothing like what arrived not worth the price,1,0
MOCK_005560,terrible product broke after just one week of use very disappointing,2,0
MOCK_005561,complete waste of money nothing like the description a solid choice,1,0
MOCK_005562,works perfectly highly recommend to everyone highly recommended,4,1
MOCK_005563,do not buy this it stopped working immediately would buy again,1,0
MOCK_005564,outstanding product five stars without hesitation very pleased overall,5,1
MOCK_005565,fantastic build quality and great value for money not worth the price,4,1
MOCK_005566,love this item it has made my life so much easier very disappointing,5,1
MOCK_005567,perfect fit and exactly as described very satisfied a solid choice,4,1
MOCK_005568,incredible product customer service was excellent too highly recommended,4,1
MOCK_005569,best purchase i have made in a long time truly impressive would buy again,5,1
MOCK_005570,terrible product broke after just one week of use very pleased overall,1,0
MOCK_005571,great quality and fast shipping very happy with this purchase not worth the price,4,1
MOCK_005572,works perfectly highly recommend to everyone very disappointing,5,1
MOCK_005573,do not buy this it stopped working immediately a solid choice,2,0
MOCK_005574,outstanding product five stars without hesitation highly recommended,4,1
MOCK_005575,cheap materials and poorly made would not recommend would buy again,1,0
MOCK_005576,this product is a scam nothing works as advertised very pleased overall,2,0
MOCK_005577,perfect fit and exactly as described very satisfied not worth the price,5,1
MOCK_005578,worst purchase ever falls apart after minimal use very disappointing,2,0
MOCK_005579,best purchase i have made in a long time truly impressive a solid choice,5,1
MOCK_005580,terrible product broke after just one week of use highly recommended,2,0
MOCK_005581,great quality and fast shipping very happy with this purchase would buy again,4,1
MOCK_005582,works perfectly highly recommend to everyone very pleased overall,4,1
MOCK_005583,exceeded my expectations will definitely buy again not worth the price,5,1
MOCK_005584,outstanding product five stars without hesitation very disappointing,5,1
MOCK_005585,cheap materials and poorly made would not recommend a solid choice,2,0
MOCK_005586,this product is a scam nothing works as advertised highly recommended,2,0
MOCK_005587,returned it immediately total garbage would buy again,1,0
MOCK_005588,incredible product customer service was excellent too very pleased overall,4,1
MOCK_005589,best purchase i have made in a long time truly impressive not worth the price,5,1
MOCK_005590,terrible product broke after just one week of use very disappointing,1,0
MOCK_005591,great quality and fast shipping very happy with this purchase a solid choice,5,1
MOCK_005592,very disappointed the quality is extremely poor highly recommended,2,0
MOCK_005593,exceeded my expectations will definitely buy again would buy again,4,1
MOCK_005594,outstanding product five stars without hesitation very pleased overall,5,1
MOCK_005595,cheap materials and poorly made would not recommend not worth the price,2,0
MOCK_005596,love this item it has made my life so much easier very disappointing,5,1
MOCK_005597,returned it immediately total garbage a solid choice,1,0
MOCK_005598,worst purchase ever falls apart after minimal use highly recommended,2,0
MOCK_005599,best purchase i have made in a long time truly impressive would buy again,4,1
MOCK_005600,this product is absolutely amazing exactly what i needed very pleased overall,5,1
MOCK_005601,complete waste of money nothing like the description not worth the price,1,0
MOCK_005602,very disappointed the quality is extremely poor very disappointing,2,0
MOCK_005603,do not buy this it stopped working immediately a solid choice,2,0
MOCK_005604,outstanding product five stars without hesitation highly recommended,5,1
MOCK_005605,cheap materials and poorly made would not recommend would buy again,2,0
MOCK_005606,this product is a scam nothing works as advertised very pleased overall,1,0
MOCK_005607,returned it immediately total garbage not worth the price,2,0
MOCK_005608,incredible product customer service was excellent too very disappointing,4,1
MOCK_005609,misleading product photos looks nothing like what arrived a solid choice,2,0
MOCK_005610,this product is absolutely amazing exactly what i needed highly recommended,4,1
MOCK_005611,complete waste of money nothing like the description would buy again,2,0
MOCK_005612,works perfectly highly recommend to everyone very pleased overall,4,1
MOCK_005613,exceeded my expectations will definitely buy again not worth the price,5,1
MOCK_005614,awful experience arrived damaged and customer support ignored me very disappointing,2,0
MOCK_005615,fantastic build quality and great value for money a solid choice,4,1
MOCK_005616,this product is a scam nothing works as advertised highly recommended,1,0
MOCK_005617,returned it immediately total garbage would buy again,2,0
MOCK_005618,incredible product customer service was excellent too very pleased overall,5,1
MOCK_005619,best purchase i have made in a long time truly impressive not worth the price,4,1
MOCK_005620,this product is absolutely amazing exactly what i needed very disappointing,4,1
MOCK_005621,complete waste of money nothing like the description a solid choice,1,0
MOCK_005622,works perfectly highly recommend to everyone highly recommended,5,1
MOCK_005623,do not buy this it stopped working immediately would buy again,2,0
MOCK_005624,outstanding product five stars without hesitation very pleased overall,4,1
MOCK_005625,fantastic build quality and great value for money not worth the price,5,1
MOCK_005626,this product is a scam nothing works as advertised very disappointing,2,0
MOCK_005627,perfect fit and exactly as described very satisfied a solid choice,5,1
MOCK_005628,worst purchase ever falls apart after minimal use highly recommended,1,0
MOCK_005629,best purchase i have made in a long time truly impressive would buy again,4,1
MOCK_005630,terrible product broke after just one week of use very pleased overall,1,0
MOCK_005631,great quality and fast shipping very happy with this purchase not worth the price,4,1
MOCK_005632,works perfectly highly recommend to everyone very disappointing,4,1
MOCK_005633,do not buy this it stopped working immediately a solid choice,1,0
MOCK_005634,outstanding product five stars without hesitation highly recommended,4,1
MOCK_005635,cheap materials and poorly made would not recommend would buy again,2,0
MOCK_005636,love this item it has made my life so much easier very pleased overall,4,1
MOCK_005637,returned it immediately total garbage not worth the price,2,0
MOCK_005638,worst purchase ever falls apart after minimal use very disappointing,1,0
MOCK_005639,misleading product photos looks nothing like what arrived a solid choice,2,0
MOCK_005640,terrible product broke after just one week of use highly recommended,1,0
MOCK_005641,complete waste of money nothing like the description would buy again,2,0
MOCK_005642,works perfectly highly recommend to everyone very pleased overall,5,1
MOCK_005643,do not buy this it stopped working immediately not worth the price,1,0
MOCK_005644,awful experience arrived damaged and customer support ignored me very disappointing,2,0
MOCK_005645,fantastic build quality and great value for money a solid choice,4,1
MOCK_005646,love this item it has made my life so much easier highly recommended,5,1
MOCK_005647,perfect fit and exactly as described very satisfied would buy again,4,1
MOCK_005648,incredible product customer service was excellent too very pleased overall,4,1
MOCK_005649,misleading product photos looks nothing like what arrived not worth the price,1,0
MOCK_005650,this product is absolutely amazing exactly what i needed very disappointing,5,1
MOCK_005651,complete waste of money nothing like the description a solid choice,1,0
MOCK_005652,works perfectly highly recommend to everyone highly recommended,5,1
MOCK_005653,do not buy this it stopped working immediately would buy again,1,0
MOCK_005654,awful experience arrived damaged and customer support ignored me very pleased overall,1,0
MOCK_005655,fantastic build quality and great value for money not worth the price,4,1
MOCK_005656,love this item it has made my life so much easier very disappointing,5,1
MOCK_005657,perfect fit and exactly as described very satisfied a solid choice,5,1
MOCK_005658,worst purchase ever falls apart after minimal use highly recommended,1,0
MOCK_005659,best purchase i have made in a long time truly impressive would buy again,5,1
MOCK_005660,this product is absolutely amazing exactly what i needed very pleased overall,4,1
MOCK_005661,great quality and fast shipping very happy with this purchase not worth the price,4,1
MOCK_005662,very disappointed the quality is extremely poor very disappointing,2,0
MOCK_005663,do not buy this it stopped working immediately a solid choice,1,0
MOCK_005664,awful experience arrived damaged and customer support ignored me highly recommended,1,0
MOCK_005665,fantastic build quality and great value for money would buy again,5,1
MOCK_005666,love this item it has made my life so much easier very pleased overall,4,1
MOCK_005667,perfect fit and exactly as described very satisfied not worth the price,5,1
MOCK_005668,worst purchase ever falls apart after minimal use very disappointing,2,0
MOCK_005669,best purchase i have made in a long time truly impressive a solid choice,5,1
MOCK_005670,this product is absolutely amazing exactly what i needed highly recommended,5,1
MOCK_005671,great quality and fast shipping very happy with this purchase would buy again,5,1
MOCK_005672,works perfectly highly recommend to everyone very pleased overall,4,1
MOCK_005673,exceeded my expectations will definitely buy again not worth the price,5,1
MOCK_005674,awful experience arrived damaged and customer support ignored me very disappointing,2,0
MOCK_005675,fantastic build quality and great value for money a solid choice,5,1
MOCK_005676,love this item it has made my life so much easier highly recommended,4,1
MOCK_005677,perfect fit and exactly as described very satisfied would buy again,5,1
MOCK_005678,worst purchase ever falls apart after minimal use very pleased overall,2,0
MOCK_005679,misleading product photos looks nothing like what arrived not worth the price,1,0
MOCK_005680,this product is absolutely amazing exactly what i needed very disappointing,5,1
MOCK_005681,great quality and fast shipping very happy with this purchase a solid choice,4,1
MOCK_005682,works perfectly highly recommend to everyone highly recommended,4,1
MOCK_005683,exceeded my expectations will definitely buy again would buy again,5,1
MOCK_005684,outstanding product five stars without hesitation very pleased overall,4,1
MOCK_005685,fantastic build quality and great value for money not worth the price,4,1
MOCK_005686,love this item it has made my life so much easier very disappointing,4,1
MOCK_005687,perfect fit and exactly as described very satisfied a solid choice,4,1
MOCK_005688,incredible product customer service was excellent too highly recommended,5,1
MOCK_005689,misleading product photos looks nothing like what arrived would buy again,2,0
MOCK_005690,terrible product broke after just one week of use very pleased overall,2,0
MOCK_005691,complete waste of money nothing like the description not worth the price,1,0
MOCK_005692,very disappointed the quality is extremely poor very disappointing,2,0
MOCK_005693,exceeded my expectations will definitely buy again a solid choice,5,1
MOCK_005694,awful experience arrived damaged and customer support ignored me highly recommended,2,0
MOCK_005695,cheap materials and poorly made would not recommend would buy again,1,0
MOCK_005696,this product is a scam nothing works as advertised very pleased overall,1,0
MOCK_005697,perfect fit and exactly as described very satisfied not worth the price,5,1
MOCK_005698,incredible product customer service was excellent too very disappointing,5,1
MOCK_005699,best purchase i have made in a long time truly impressive a solid choice,4,1
MOCK_005700,terrible product broke after just one week of use highly recommended,2,0
MOCK_005701,complete waste of money nothing like the description would buy again,1,0
MOCK_005702,works perfectly highly recommend to everyone very pleased overall,4,1
MOCK_005703,exceeded my expectations will definitely buy again not worth the price,5,1
MOCK_005704,outstanding product five stars without hesitation very disappointing,5,1
MOCK_005705,cheap materials and poorly made would not recommend a solid choice,1,0
MOCK_005706,love this item it has made my life so much easier highly recommended,5,1
MOCK_005707,returned it immediately total garbage would buy again,2,0
MOCK_005708,incredible product customer service was excellent too very pleased overall,4,1
MOCK_005709,best purchase i have made in a long time truly impressive not worth the price,5,1
MOCK_005710,this product is absolutely amazing exactly what i needed very disappointing,5,1
MOCK_005711,great quality and fast shipping very happy with this purchase a solid choice,5,1
MOCK_005712,very disappointed the quality is extremely poor highly recommended,2,0
MOCK_005713,exceeded my expectations will definitely buy again would buy again,5,1
MOCK_005714,outstanding product five stars without hesitation very pleased overall,4,1
MOCK_005715,cheap materials and poorly made would not recommend not worth the price,1,0
MOCK_005716,love this item it has made my life so much easier very disappointing,5,1
MOCK_005717,returned it immediately total garbage a solid choice,2,0
MOCK_005718,worst purchase ever falls apart after minimal use highly recommended,1,0
MOCK_005719,best purchase i have made in a long time truly impressive would buy again,4,1
MOCK_005720,this product is absolutely amazing exactly what i needed very pleased overall,5,1
MOCK_005721,complete waste of money nothing like the description not worth the price,1,0
MOCK_005722,very disappointed the quality is extremely poor very disappointing,1,0
MOCK_005723,exceeded my expectations will definitely buy again a solid choice,5,1
MOCK_005724,outstanding product five stars without hesitation highly recommended,5,1
MOCK_005725,fantastic build quality and great value for money would buy again,5,1
MOCK_005726,love this item it has made my life so much easier very pleased overall,5,1
MOCK_005727,perfect fit and exactly as described very satisfied not worth the price,4,1
MOCK_005728,worst purchase ever falls apart after minimal use very disappointing,2,0
MOCK_005729,misleading product photos looks nothing like what arrived a solid choice,1,0
MOCK_005730,terrible product broke after just one week of use highly recommended,1,0
MOCK_005731,great quality and fast shipping very happy with this purchase would buy again,5,1
MOCK_005732,very disappointed the quality is extremely poor very pleased overall,2,0
MOCK_005733,exceeded my expectations will definitely buy again not worth the price,5,1
MOCK_005734,outstanding product five stars without hesitation very disappointing,4,1
MOCK_005735,cheap materials and poorly made would not recommend a solid choice,2,0
MOCK_005736,love this item it has made my life so much easier highly recommended,5,1
MOCK_005737,perfect fit and exactly as described very satisfied would buy again,5,1
MOCK_005738,worst purchase ever falls apart after minimal use very pleased overall,2,0
MOCK_005739,misleading product photos looks nothing like what arrived not worth the price,1,0
MOCK_005740,terrible product broke after just one week of use very disappointing,2,0
MOCK_005741,complete waste of money nothing like the description a solid choice,2,0
MOCK_005742,works perfectly highly recommend to everyone highly recommended,5,1
MOCK_005743,do not buy this it stopped working immediately would buy again,2,0
MOCK_005744,awful experience arrived damaged and customer support ignored me very pleased overall,2,0
MOCK_005745,fantastic build quality and great value for money not worth the price,4,1
MOCK_005746,this product is a scam nothing works as advertised very disappointing,1,0
MOCK_005747,perfect fit and exactly as described very satisfied a solid choice,5,1
MOCK_005748,worst purchase ever falls apart after minimal use highly recommended,2,0
MOCK_005749,misleading product photos looks nothing like what arrived would buy again,2,0
MOCK_005750,terrible product broke after just one week of use very pleased overall,1,0
MOCK_005751,great quality and fast shipping very happy with this purchase not worth the price,4,1
MOCK_005752,very disappointed the quality is extremely poor very disappointing,2,0
MOCK_005753,do not buy this it stopped working immediately a solid choice,2,0
MOCK_005754,awful experience arrived damaged and customer support ignored me highly recommended,1,0
MOCK_005755,cheap materials and poorly made would not recommend would buy again,2,0
MOCK_005756,this product is a scam nothing works as advertised very pleased overall,1,0
MOCK_005757,perfect fit and exactly as described very satisfied not worth the price,4,1
MOCK_005758,worst purchase ever falls apart after minimal use very disappointing,1,0
MOCK_005759,misleading product photos looks nothing like what arrived a solid choice,1,0
MOCK_005760,this product is absolutely amazing exactly what i needed highly recommended,4,1
MOCK_005761,complete waste of money nothing like the description would buy again,2,0
MOCK_005762,very disappointed the quality is extremely poor very pleased overall,2,0
MOCK_005763,do not buy this it stopped working immediately not worth the price,2,0
MOCK_005764,outstanding product five stars without hesitation very disappointing,4,1
MOCK_005765,fantastic build quality and great value for money a solid choice,4,1
MOCK_005766,love this item it has made my life so much easier highly recommended,4,1
MOCK_005767,perfect fit and exactly as described very satisfied would buy again,5,1
MOCK_005768,incredible product customer service was excellent too very pleased overall,4,1
MOCK_005769,best purchase i have made in a long time truly impressive not worth the price,5,1
MOCK_005770,this product is absolutely amazing exactly what i needed very disappointing,5,1
MOCK_005771,complete waste of money nothing like the description a solid choice,2,0
MOCK_005772,works perfectly highly recommend to everyone highly recommended,4,1
MOCK_005773,exceeded my expectations will definitely buy again would buy again,5,1
MOCK_005774,awful experience arrived damaged and customer support ignored me very pleased overall,1,0
MOCK_005775,cheap materials and poorly made would not recommend not worth the price,1,0
MOCK_005776,love this item it has made my life so much easier very disappointing,5,1
MOCK_005777,perfect fit and exactly as described very satisfied a solid choice,5,1
MOCK_005778,worst purchase ever falls apart after minimal use highly recommended,2,0
MOCK_005779,best purchase i have made in a long time truly impressive would buy again,4,1
MOCK_005780,terrible product broke after just one week of use very pleased overall,2,0
MOCK_005781,great quality and fast shipping very happy with this purchase not worth the price,5,1
MOCK_005782,very disappointed the quality is extremely poor very disappointing,1,0
MOCK_005783,do not buy this it stopped working immediately a solid choice,2,0
MOCK_005784,outstanding product five stars without hesitation highly recommended,4,1
MOCK_005785,cheap materials and poorly made would not recommend would buy again,2,0
MOCK_005786,love this item it has made my life so much easier very pleased overall,5,1
MOCK_005787,perfect fit and exactly as described very satisfied not worth the price,5,1
MOCK_005788,incredible product customer service was excellent too very disappointing,5,1
MOCK_005789,best purchase i have made in a long time truly impressive a solid choice,4,1
MOCK_005790,this product is absolutely amazing exactly what i needed highly recommended,5,1
MOCK_005791,complete waste of money nothing like the description would buy again,2,0
MOCK_005792,very disappointed the quality is extremely poor very pleased overall,1,0
MOCK_005793,do not buy this it stopped working immediately not worth the price,1,0
MOCK_005794,outstanding product five stars without hesitation very disappointing,5,1
MOCK_005795,cheap materials and poorly made would not recommend a solid choice,2,0
MOCK_005796,love this item it has made my life so much easier highly recommended,5,1
MOCK_005797,perfect fit and exactly as described very satisfied would buy again,5,1
MOCK_005798,incredible product customer service was excellent too very pleased overall,5,1
MOCK_005799,best purchase i have made in a long time truly impressive not worth the price,4,1
MOCK_005800,this product is absolutely amazing exactly what i needed very disappointing,4,1
MOCK_005801,great quality and fast shipping very happy with this purchase a solid choice,5,1
MOCK_005802,works perfectly highly recommend to everyone highly recommended,5,1
MOCK_005803,exceeded my expectations will definitely buy again would buy again,5,1
MOCK_005804,outstanding product five stars without hesitation very pleased overall,5,1
MOCK_005805,cheap materials and poorly made would not recommend not worth the price,2,0
MOCK_005806,love this item it has made my life so much easier very disappointing,5,1
MOCK_005807,perfect fit and exactly as described very satisfied a solid choice,5,1
MOCK_005808,worst purchase ever falls apart after minimal use highly recommended,1,0
MOCK_005809,misleading product photos looks nothing like what arrived would buy again,2,0
MOCK_005810,this product is absolutely amazing exactly what i needed very pleased overall,5,1
MOCK_005811,great quality and fast shipping very happy with this purchase not worth the price,4,1
MOCK_005812,works perfectly highly recommend to everyone very disappointing,5,1
MOCK_005813,exceeded my expectations will definitely buy again a solid choice,5,1
MOCK_005814,awful experience arrived damaged and customer support ignored me highly recommended,2,0
MOCK_005815,fantastic build quality and great value for money would buy again,5,1
MOCK_005816,this product is a scam nothing works as advertised very pleased overall,1,0
MOCK_005817,returned it immediately total garbage not worth the price,1,0
MOCK_005818,worst purchase ever falls apart after minimal use very disappointing,1,0
MOCK_005819,misleading product photos looks nothing like what arrived a solid choice,1,0
MOCK_005820,this product is absolutely amazing exactly what i needed highly recommended,5,1
MOCK_005821,complete waste of money nothing like the description would buy again,2,0
MOCK_005822,very disappointed the quality is extremely poor very pleased overall,2,0
MOCK_005823,do not buy this it stopped working immediately not worth the price,1,0
MOCK_005824,awful experience arrived damaged and customer support ignored me very disappointing,1,0
MOCK_005825,cheap materials and poorly made would not recommend a solid choice,1,0
MOCK_005826,this product is a scam nothing works as advertised highly recommended,2,0
MOCK_005827,perfect fit and exactly as described very satisfied would buy again,4,1
MOCK_005828,worst purchase ever falls apart after minimal use very pleased overall,2,0
MOCK_005829,best purchase i have made in a long time truly impressive not worth the price,5,1
MOCK_005830,terrible product broke after just one week of use very disappointing,2,0
MOCK_005831,great quality and fast shipping very happy with this purchase a solid choice,4,1
MOCK_005832,works perfectly highly recommend to everyone highly recommended,4,1
MOCK_005833,do not buy this it stopped working immediately would buy again,2,0
MOCK_005834,outstanding product five stars without hesitation very pleased overall,5,1
MOCK_005835,cheap materials and poorly made would not recommend not worth the price,1,0
MOCK_005836,love this item it has made my life so much easier very disappointing,5,1
MOCK_005837,perfect fit and exactly as described very satisfied a solid choice,5,1
MOCK_005838,incredible product customer service was excellent too highly recommended,4,1
MOCK_005839,misleading product photos looks nothing like what arrived would buy again,1,0
MOCK_005840,terrible product broke after just one week of use very pleased overall,1,0
MOCK_005841,great quality and fast shipping very happy with this purchase not worth the price,4,1
MOCK_005842,works perfectly highly recommend to everyone very disappointing,4,1
MOCK_005843,exceeded my expectations will definitely buy again a solid choice,5,1
MOCK_005844,awful experience arrived damaged and customer support ignored me highly recommended,1,0
MOCK_005845,cheap materials and poorly made would not recommend would buy again,2,0
MOCK_005846,love this item it has made my life so much easier very pleased overall,5,1
MOCK_005847,perfect fit and exactly as described very satisfied not worth the price,4,1
MOCK_005848,incredible product customer service was excellent too very disappointing,4,1
MOCK_005849,best purchase i have made in a long time truly impressive a solid choice,5,1
MOCK_005850,this product is absolutely amazing exactly what i needed highly recommended,5,1
MOCK_005851,great quality and fast shipping very happy with this purchase would buy again,5,1
MOCK_005852,very disappointed the quality is extremely poor very pleased overall,1,0
MOCK_005853,exceeded my expectations will definitely buy again not worth the price,4,1
MOCK_005854,awful experience arrived damaged and customer support ignored me very disappointing,1,0
MOCK_005855,fantastic build quality and great value for money a solid choice,5,1
MOCK_005856,love this item it has made my life so much easier highly recommended,5,1
MOCK_005857,perfect fit and exactly as described very satisfied would buy again,5,1
MOCK_005858,worst purchase ever falls apart after minimal use very pleased overall,2,0
MOCK_005859,best purchase i have made in a long time truly impressive not worth the price,4,1
MOCK_005860,terrible product broke after just one week of use very disappointing,2,0
MOCK_005861,great quality and fast shipping very happy with this purchase a solid choice,4,1
MOCK_005862,very disappointed the quality is extremely poor highly recommended,2,0
MOCK_005863,exceeded my expectations will definitely buy again would buy again,5,1
MOCK_005864,outstanding product five stars without hesitation very pleased overall,5,1
MOCK_005865,fantastic build quality and great value for money not worth the price,4,1
MOCK_005866,this product is a scam nothing works as advertised very disappointing,2,0
MOCK_005867,returned it immediately total garbage a solid choice,2,0
MOCK_005868,worst purchase ever falls apart after minimal use highly recommended,1,0
MOCK_005869,misleading product photos looks nothing like what arrived would buy again,1,0
MOCK_005870,this product is absolutely amazing exactly what i needed very pleased overall,5,1
MOCK_005871,great quality and fast shipping very happy with this purchase not worth the price,4,1
MOCK_005872,works perfectly highly recommend to everyone very disappointing,4,1
MOCK_005873,do not buy this it stopped working immediately a solid choice,1,0
MOCK_005874,awful experience arrived damaged and customer support ignored me highly recommended,1,0
MOCK_005875,cheap materials and poorly made would not recommend would buy again,1,0
MOCK_005876,love this item it has made my life so much easier very pleased overall,5,1
MOCK_005877,returned it immediately total garbage not worth the price,1,0
MOCK_005878,worst purchase ever falls apart after minimal use very disappointing,2,0
MOCK_005879,best purchase i have made in a long time truly impressive a solid choice,4,1
MOCK_005880,terrible product broke after just one week of use highly recommended,1,0
MOCK_005881,complete waste of money nothing like the description would buy again,1,0
MOCK_005882,very disappointed the quality is extremely poor very pleased overall,2,0
MOCK_005883,exceeded my expectations will definitely buy again not worth the price,5,1
MOCK_005884,awful experience arrived damaged and customer support ignored me very disappointing,1,0
MOCK_005885,cheap materials and poorly made would not recommend a solid choice,1,0
MOCK_005886,this product is a scam nothing works as advertised highly recommended,1,0
MOCK_005887,returned it immediately total garbage would buy again,1,0
MOCK_005888,incredible product customer service was excellent too very pleased overall,5,1
MOCK_005889,best purchase i have made in a long time truly impressive not worth the price,4,1
MOCK_005890,terrible product broke after just one week of use very disappointing,2,0
MOCK_005891,great quality and fast shipping very happy with this purchase a solid choice,5,1
MOCK_005892,very disappointed the quality is extremely poor highly recommended,2,0
MOCK_005893,exceeded my expectations will definitely buy again would buy again,5,1
MOCK_005894,outstanding product five stars without hesitation very pleased overall,4,1
MOCK_005895,fantastic build quality and great value for money not worth the price,5,1
MOCK_005896,this product is a scam nothing works as advertised very disappointing,1,0
MOCK_005897,returned it immediately total garbage a solid choice,2,0
MOCK_005898,worst purchase ever falls apart after minimal use highly recommended,2,0
MOCK_005899,best purchase i have made in a long time truly impressive would buy again,4,1
MOCK_005900,terrible product broke after just one week of use very pleased overall,2,0
MOCK_005901,great quality and fast shipping very happy with this purchase not worth the price,4,1
MOCK_005902,works perfectly highly recommend to everyone very disappointing,4,1
MOCK_005903,exceeded my expectations will definitely buy again a solid choice,5,1
MOCK_005904,outstanding product five stars without hesitation highly recommended,4,1
MOCK_005905,cheap materials and poorly made would not recommend would buy again,2,0
MOCK_005906,love this item it has made my life so much easier very pleased overall,5,1
MOCK_005907,returned it immediately total garbage not worth the price,2,0
MOCK_005908,incredible product customer service was excellent too very disappointing,4,1
MOCK_005909,best purchase i have made in a long time truly impressive a solid choice,4,1
MOCK_005910,this product is absolutely amazing exactly what i needed highly recommended,5,1
MOCK_005911,great quality and fast shipping very happy with this purchase would buy again,4,1
MOCK_005912,works perfectly highly recommend to everyone very pleased overall,5,1
MOCK_005913,exceeded my expectations will definitely buy again not worth the price,4,1
MOCK_005914,outstanding product five stars without hesitation very disappointing,4,1
MOCK_005915,fantastic build quality and great value for money a solid choice,5,1
MOCK_005916,love this item it has made my life so much easier highly recommended,5,1
MOCK_005917,perfect fit and exactly as described very satisfied would buy again,5,1
MOCK_005918,incredible product customer service was excellent too very pleased overall,5,1
MOCK_005919,misleading product photos looks nothing like what arrived not worth the price,1,0
MOCK_005920,this product is absolutely amazing exactly what i needed very disappointing,4,1
MOCK_005921,great quality and fast shipping very happy with this purchase a solid choice,4,1
MOCK_005922,very disappointed the quality is extremely poor highly recommended,2,0
MOCK_005923,exceeded my expectations will definitely buy again would buy again,4,1
MOCK_005924,awful experience arrived damaged and customer support ignored me very pleased overall,2,0
MOCK_005925,cheap materials and poorly made would not recommend not worth the price,1,0
MOCK_005926,love this item it has made my life so much easier very disappointing,5,1
MOCK_005927,perfect fit and exactly as described very satisfied a solid choice,5,1
MOCK_005928,incredible product customer service was excellent too highly recommended,5,1
MOCK_005929,misleading product photos looks nothing like what arrived would buy again,1,0
MOCK_005930,terrible product broke after just one week of use very pleased overall,2,0
MOCK_005931,great quality and fast shipping very happy with this purchase not worth the price,4,1
MOCK_005932,works perfectly highly recommend to everyone very disappointing,4,1
MOCK_005933,exceeded my expectations will definitely buy again a solid choice,4,1
MOCK_005934,awful experience arrived damaged and customer support ignored me highly recommended,1,0
MOCK_005935,cheap materials and poorly made would not recommend would buy again,2,0
MOCK_005936,this product is a scam nothing works as advertised very pleased overall,1,0
MOCK_005937,perfect fit and exactly as described very satisfied not worth the price,4,1
MOCK_005938,incredible product customer service was excellent too very disappointing,5,1
MOCK_005939,best purchase i have made in a long time truly impressive a solid choice,5,1
MOCK_005940,terrible product broke after just one week of use highly recommended,2,0
MOCK_005941,great quality and fast shipping very happy with this purchase would buy again,5,1
MOCK_005942,works perfectly highly recommend to everyone very pleased overall,4,1
MOCK_005943,do not buy this it stopped working immediately not worth the price,2,0
MOCK_005944,outstanding product five stars without hesitation very disappointing,4,1
MOCK_005945,cheap materials and poorly made would not recommend a solid choice,1,0
MOCK_005946,this product is a scam nothing works as advertised highly recommended,1,0
MOCK_005947,perfect fit and exactly as described very satisfied would buy again,5,1
MOCK_005948,incredible product customer service was excellent too very pleased overall,4,1
MOCK_005949,best purchase i have made in a long time truly impressive not worth the price,5,1
MOCK_005950,this product is absolutely amazing exactly what i needed very disappointing,4,1
MOCK_005951,complete waste of money nothing like the description a solid choice,1,0
MOCK_005952,works perfectly highly recommend to everyone highly recommended,4,1
MOCK_005953,exceeded my expectations will definitely buy again would buy again,4,1
MOCK_005954,outstanding product five stars without hesitation very pleased overall,4,1
MOCK_005955,cheap materials and poorly made would not recommend not worth the price,2,0
MOCK_005956,love this item it has made my life so much easier very disappointing,5,1
MOCK_005957,returned it immediately total garbage a solid choice,1,0
MOCK_005958,worst purchase ever falls apart after minimal use highly recommended,2,0
MOCK_005959,misleading product photos looks nothing like what arrived would buy again,1,0
MOCK_005960,this product is absolutely amazing exactly what i needed very pleased overall,4,1
MOCK_005961,complete waste of money nothing like the description not worth the price,1,0
MOCK_005962,works perfectly highly recommend to everyone very disappointing,4,1
MOCK_005963,do not buy this it stopped working immediately a solid choice,1,0
MOCK_005964,outstanding product five stars without hesitation highly recommended,5,1
MOCK_005965,cheap materials and poorly made would not recommend would buy again,1,0
MOCK_005966,this product is a scam nothing works as advertised very pleased overall,2,0
MOCK_005967,returned it immediately total garbage not worth the price,1,0
MOCK_005968,worst purchase ever falls apart after minimal use very disappointing,2,0
MOCK_005969,best purchase i have made in a long time truly impressive a solid choice,5,1
MOCK_005970,terrible product broke after just one week of use highly recommended,1,0
MOCK_005971,complete waste of money nothing like the description would buy again,1,0
MOCK_005972,works perfectly highly recommend to everyone very pleased overall,5,1
MOCK_005973,do not buy this it stopped working immediately not worth the price,2,0
MOCK_005974,awful experience arrived damaged and customer support ignored me very disappointing,2,0
MOCK_005975,fantastic build quality and great value for money a solid choice,4,1
MOCK_005976,love this item it has made my life so much easier highly recommended,5,1
MOCK_005977,returned it immediately total garbage would buy again,1,0
MOCK_005978,incredible product customer service was excellent too very pleased overall,4,1
MOCK_005979,misleading product photos looks nothing like what arrived not worth the price,2,0
MOCK_005980,this product is absolutely amazing exactly what i needed very disappointing,5,1
MOCK_005981,complete waste of money nothing like the description a solid choice,2,0
MOCK_005982,very disappointed the quality is extremely poor highly recommended,2,0
MOCK_005983,exceeded my expectations will definitely buy again would buy again,4,1
MOCK_005984,outstanding product five stars without hesitation very pleased overall,5,1
MOCK_005985,fantastic build quality and great value for money not worth the price,4,1
MOCK_005986,love this item it has made my life so much easier very disappointing,4,1
MOCK_005987,returned it immediately total garbage a solid choice,1,0
MOCK_005988,incredible product customer service was excellent too highly recommended,5,1
MOCK_005989,best purchase i have made in a long time truly impressive would buy again,4,1
MOCK_005990,this product is absolutely amazing exactly what i needed very pleased overall,4,1
MOCK_005991,complete waste of money nothing like the description not worth the price,2,0
MOCK_005992,works perfectly highly recommend to everyone very disappointing,5,1
MOCK_005993,do not buy this it stopped working immediately a solid choice,2,0
MOCK_005994,outstanding product five stars without hesitation highly recommended,5,1
MOCK_005995,cheap materials and poorly made would not recommend would buy again,1,0
MOCK_005996,love this item it has made my life so much easier very pleased overall,5,1
MOCK_005997,perfect fit and exactly as described very satisfied not worth the price,5,1
MOCK_005998,worst purchase ever falls apart after minimal use very disappointing,2,0
MOCK_005999,misleading product photos looks nothing like what arrived a solid choice,2,0
MOCK_006000,this product is absolutely amazing exactly what i needed highly recommended,4,1
MOCK_006001,complete waste of money nothing like the description would buy again,1,0
MOCK_006002,works perfectly highly recommend to everyone very pleased overall,5,1
MOCK_006003,exceeded my expectations will definitely buy again not worth the price,4,1
MOCK_006004,outstanding product five stars without hesitation very disappointing,4,1
MOCK_006005,cheap materials and poorly made would not recommend a solid choice,1,0
MOCK_006006,love this item it has made my life so much easier highly recommended,5,1
MOCK_006007,perfect fit and exactly as described very satisfied would buy again,5,1
MOCK_006008,worst purchase ever falls apart after minimal use very pleased overall,2,0
MOCK_006009,misleading product photos looks nothing like what arrived not worth the price,2,0
MOCK_006010,terrible product broke after just one week of use very disappointing,2,0
MOCK_006011,great quality and fast shipping very happy with this purchase a solid choice,5,1
MOCK_006012,works perfectly highly recommend to everyone highly recommended,4,1
MOCK_006013,do not buy this it stopped working immediately would buy again,2,0
MOCK_006014,outstanding product five stars without hesitation very pleased overall,4,1
MOCK_006015,fantastic build quality and great value for money not worth the price,4,1
MOCK_006016,love this item it has made my life so much easier very disappointing,4,1
MOCK_006017,returned it immediately total garbage a solid choice,2,0
MOCK_006018,incredible product customer service was excellent too highly recommended,5,1
MOCK_006019,best purchase i have made in a long time truly impressive would buy again,5,1
MOCK_006020,terrible product broke after just one week of use very pleased overall,2,0
MOCK_006021,great quality and fast shipping very happy with this purchase not worth the price,5,1
MOCK_006022,works perfectly highly recommend to everyone very disappointing,4,1
MOCK_006023,exceeded my expectations will definitely buy again a solid choice,5,1
MOCK_006024,awful experience arrived damaged and customer support ignored me highly recommended,2,0
MOCK_006025,cheap materials and poorly made would not recommend would buy again,2,0
MOCK_006026,love this item it has made my life so much easier very pleased overall,4,1
MOCK_006027,perfect fit and exactly as described very satisfied not worth the price,4,1
MOCK_006028,incredible product customer service was excellent too very disappointing,5,1
MOCK_006029,misleading product photos looks nothing like what arrived a solid choice,1,0
MOCK_006030,terrible product broke after just one week of use highly recommended,1,0
MOCK_006031,complete waste of money nothing like the description would buy again,1,0
MOCK_006032,very disappointed the quality is extremely poor very pleased overall,1,0
MOCK_006033,do not buy this it stopped working immediately not worth the price,1,0
MOCK_006034,outstanding product five stars without hesitation very disappointing,5,1
MOCK_006035,cheap materials and poorly made would not recommend a solid choice,2,0
MOCK_006036,this product is a scam nothing works as advertised highly recommended,2,0
MOCK_006037,returned it immediately total garbage would buy again,1,0
MOCK_006038,incredible product customer service was excellent too very pleased overall,4,1
MOCK_006039,best purchase i have made in a long time truly impressive not worth the price,4,1
MOCK_006040,terrible product broke after just one week of use very disappointing,1,0
MOCK_006041,great quality and fast shipping very happy with this purchase a solid choice,4,1
MOCK_006042,works perfectly highly recommend to everyone highly recommended,5,1
MOCK_006043,exceeded my expectations will definitely buy again would buy again,5,1
MOCK_006044,outstanding product five stars without hesitation very pleased overall,5,1
MOCK_006045,cheap materials and poorly made would not recommend not worth the price,1,0
MOCK_006046,love this item it has made my life so much easier very disappointing,4,1
MOCK_006047,perfect fit and exactly as described very satisfied a solid choice,4,1
MOCK_006048,worst purchase ever falls apart after minimal use highly recommended,1,0
MOCK_006049,misleading product photos looks nothing like what arrived would buy again,2,0
MOCK_006050,this product is absolutely amazing exactly what i needed very pleased overall,4,1
MOCK_006051,complete waste of money nothing like the description not worth the price,2,0
MOCK_006052,very disappointed the quality is extremely poor very disappointing,2,0
MOCK_006053,exceeded my expectations will definitely buy again a solid choice,4,1
MOCK_006054,awful experience arrived damaged and customer support ignored me highly recommended,1,0
MOCK_006055,cheap materials and poorly made would not recommend would buy again,1,0
MOCK_006056,love this item it has made my life so much easier very pleased overall,4,1
MOCK_006057,perfect fit and exactly as described very satisfied not worth the price,5,1
MOCK_006058,worst purchase ever falls apart after minimal use very disappointing,2,0
MOCK_006059,misleading product photos looks nothing like what arrived a solid choice,2,0
MOCK_006060,this product is absolutely amazing exactly what i needed highly recommended,5,1
MOCK_006061,great quality and fast shipping very happy with this purchase would buy again,4,1
MOCK_006062,very disappointed the quality is extremely poor very pleased overall,1,0
MOCK_006063,exceeded my expectations will definitely buy again not worth the price,4,1
MOCK_006064,outstanding product five stars without hesitation very disappointing,4,1
MOCK_006065,fantastic build quality and great value for money a solid choice,5,1
MOCK_006066,this product is a scam nothing works as advertised highly recommended,1,0
MOCK_006067,perfect fit and exactly as described very satisfied would buy again,4,1
MOCK_006068,worst purchase ever falls apart after minimal use very pleased overall,1,0
MOCK_006069,best purchase i have made in a long time truly impressive not worth the price,4,1
MOCK_006070,terrible product broke after just one week of use very disappointing,2,0
MOCK_006071,complete waste of money nothing like the description a solid choice,1,0
MOCK_006072,very disappointed the quality is extremely poor highly recommended,1,0
MOCK_006073,do not buy this it stopped working immediately would buy again,1,0
MOCK_006074,awful experience arrived damaged and customer support ignored me very pleased overall,2,0
MOCK_006075,cheap materials and poorly made would not recommend not worth the price,2,0
MOCK_006076,love this item it has made my life so much easier very disappointing,5,1
MOCK_006077,perfect fit and exactly as described very satisfied a solid choice,4,1
MOCK_006078,incredible product customer service was excellent too highly recommended,4,1
MOCK_006079,misleading product photos looks nothing like what arrived would buy again,2,0
MOCK_006080,terrible product broke after just one week of use very pleased overall,1,0
MOCK_006081,complete waste of money nothing like the description not worth the price,1,0
MOCK_006082,very disappointed the quality is extremely poor very disappointing,2,0
MOCK_006083,exceeded my expectations will definitely buy again a solid choice,4,1
MOCK_006084,outstanding product five stars without hesitation highly recommended,4,1
MOCK_006085,fantastic build quality and great value for money would buy again,5,1
MOCK_006086,love this item it has made my life so much easier very pleased overall,4,1
MOCK_006087,returned it immediately total garbage not worth the price,1,0
MOCK_006088,incredible product customer service was excellent too very disappointing,4,1
MOCK_006089,misleading product photos looks nothing like what arrived a solid choice,2,0
MOCK_006090,this product is absolutely amazing exactly what i needed highly recommended,4,1
MOCK_006091,complete waste of money nothing like the description would buy again,1,0
MOCK_006092,very disappointed the quality is extremely poor very pleased overall,2,0
MOCK_006093,do not buy this it stopped working immediately not worth the price,2,0
MOCK_006094,awful experience arrived damaged and customer support ignored me very disappointing,2,0
MOCK_006095,fantastic build quality and great value for money a solid choice,4,1
MOCK_006096,this product is a scam nothing works as advertised highly recommended,1,0
MOCK_006097,returned it immediately total garbage would buy again,2,0
MOCK_006098,worst purchase ever falls apart after minimal use very pleased overall,2,0
MOCK_006099,misleading product photos looks nothing like what arrived not worth the price,1,0
MOCK_006100,this product is absolutely amazing exactly what i needed very disappointing,5,1
MOCK_006101,great quality and fast shipping very happy with this purchase a solid choice,4,1
MOCK_006102,works perfectly highly recommend to everyone highly recommended,5,1
MOCK_006103,do not buy this it stopped working immediately would buy again,2,0
MOCK_006104,outstanding product five stars without hesitation very pleased overall,4,1
MOCK_006105,fantastic build quality and great value for money not worth the price,5,1
MOCK_006106,this product is a scam nothing works as advertised very disappointing,2,0
MOCK_006107,returned it immediately total garbage a solid choice,1,0
MOCK_006108,worst purchase ever falls apart after minimal use highly recommended,1,0
MOCK_006109,best purchase i have made in a long time truly impressive would buy again,5,1
MOCK_006110,this product is absolutely amazing exactly what i needed very pleased overall,4,1
MOCK_006111,great quality and fast shipping very happy with this purchase not worth the price,4,1
MOCK_006112,very disappointed the quality is extremely poor very disappointing,1,0
MOCK_006113,do not buy this it stopped working immediately a solid choice,2,0
MOCK_006114,outstanding product five stars without hesitation highly recommended,4,1
MOCK_006115,cheap materials and poorly made would not recommend would buy again,2,0
MOCK_006116,this product is a scam nothing works as advertised very pleased overall,1,0
MOCK_006117,perfect fit and exactly as described very satisfied not worth the price,4,1
MOCK_006118,incredible product customer service was excellent too very disappointing,5,1
MOCK_006119,misleading product photos looks nothing like what arrived a solid choice,1,0
MOCK_006120,terrible product broke after just one week of use highly recommended,1,0
MOCK_006121,great quality and fast shipping very happy with this purchase would buy again,4,1
MOCK_006122,very disappointed the quality is extremely poor very pleased overall,2,0
MOCK_006123,do not buy this it stopped working immediately not worth the price,1,0
MOCK_006124,outstanding product five stars without hesitation very disappointing,4,1
MOCK_006125,cheap materials and poorly made would not recommend a solid choice,1,0
MOCK_006126,love this item it has made my life so much easier highly recommended,4,1
MOCK_006127,perfect fit and exactly as described very satisfied would buy again,4,1
MOCK_006128,incredible product customer service was excellent too very pleased overall,5,1
MOCK_006129,misleading product photos looks nothing like what arrived not worth the price,1,0
MOCK_006130,terrible product broke after just one week of use very disappointing,1,0
MOCK_006131,complete waste of money nothing like the description a solid choice,2,0
MOCK_006132,very disappointed the quality is extremely poor highly recommended,2,0
MOCK_006133,do not buy this it stopped working immediately would buy again,1,0
MOCK_006134,awful experience arrived damaged and customer support ignored me very pleased overall,1,0
MOCK_006135,fantastic build quality and great value for money not worth the price,4,1
MOCK_006136,this product is a scam nothing works as advertised very disappointing,2,0
MOCK_006137,perfect fit and exactly as described very satisfied a solid choice,4,1
MOCK_006138,incredible product customer service was excellent too highly recommended,4,1
MOCK_006139,misleading product photos looks nothing like what arrived would buy again,1,0
MOCK_006140,this product is absolutely amazing exactly what i needed very pleased overall,4,1
MOCK_006141,great quality and fast shipping very happy with this purchase not worth the price,4,1
MOCK_006142,works perfectly highly recommend to everyone very disappointing,4,1
MOCK_006143,do not buy this it stopped working immediately a solid choice,2,0
MOCK_006144,awful experience arrived damaged and customer support ignored me highly recommended,2,0
MOCK_006145,fantastic build quality and great value for money would buy again,5,1
MOCK_006146,this product is a scam nothing works as advertised very pleased overall,2,0
MOCK_006147,perfect fit and exactly as described very satisfied not worth the price,4,1
MOCK_006148,incredible product customer service was excellent too very disappointing,5,1
MOCK_006149,best purchase i have made in a long time truly impressive a solid choice,5,1
MOCK_006150,this product is absolutely amazing exactly what i needed highly recommended,5,1
MOCK_006151,complete waste of money nothing like the description would buy again,2,0
MOCK_006152,very disappointed the quality is extremely poor very pleased overall,1,0
MOCK_006153,exceeded my expectations will definitely buy again not worth the price,4,1
MOCK_006154,outstanding product five stars without hesitation very disappointing,4,1
MOCK_006155,cheap materials and poorly made would not recommend a solid choice,1,0
MOCK_006156,love this item it has made my life so much easier highly recommended,4,1
MOCK_006157,perfect fit and exactly as described very satisfied would buy again,4,1
MOCK_006158,worst purchase ever falls apart after minimal use very pleased overall,1,0
MOCK_006159,misleading product photos looks nothing like what arrived not worth the price,2,0
MOCK_006160,terrible product broke after just one week of use very disappointing,2,0
MOCK_006161,complete waste of money nothing like the description a solid choice,2,0
MOCK_006162,works perfectly highly recommend to everyone highly recommended,4,1
MOCK_006163,do not buy this it stopped working immediately would buy again,2,0
MOCK_006164,awful experience arrived damaged and customer support ignored me very pleased overall,2,0
MOCK_006165,fantastic build quality and great value for money not worth the price,5,1
MOCK_006166,love this item it has made my life so much easier very disappointing,5,1
MOCK_006167,perfect fit and exactly as described very satisfied a solid choice,4,1
MOCK_006168,incredible product customer service was excellent too highly recommended,4,1
MOCK_006169,misleading product photos looks nothing like what arrived would buy again,2,0
MOCK_006170,this product is absolutely amazing exactly what i needed very pleased overall,5,1
MOCK_006171,complete waste of money nothing like the description not worth the price,1,0
MOCK_006172,works perfectly highly recommend to everyone very disappointing,4,1
MOCK_006173,exceeded my expectations will definitely buy again a solid choice,4,1
MOCK_006174,outstanding product five stars without hesitation highly recommended,4,1
MOCK_006175,cheap materials and poorly made would not recommend would buy again,2,0
MOCK_006176,love this item it has made my life so much easier very pleased overall,5,1
MOCK_006177,perfect fit and exactly as described very satisfied not worth the price,4,1
MOCK_006178,incredible product customer service was excellent too very disappointing,4,1
MOCK_006179,best purchase i have made in a long time truly impressive a solid choice,4,1
MOCK_006180,terrible product broke after just one week of use highly recommended,1,0
MOCK_006181,great quality and fast shipping very happy with this purchase would buy again,5,1
MOCK_006182,very disappointed the quality is extremely poor very pleased overall,2,0
MOCK_006183,exceeded my expectations will definitely buy again not worth the price,5,1
MOCK_006184,outstanding product five stars without hesitation very disappointing,4,1
MOCK_006185,cheap materials and poorly made would not recommend a solid choice,2,0
MOCK_006186,this product is a scam nothing works as advertised highly recommended,2,0
MOCK_006187,returned it immediately total garbage would buy again,1,0
MOCK_006188,incredible product customer service was excellent too very pleased overall,5,1
MOCK_006189,best purchase i have made in a long time truly impressive not worth the price,5,1
MOCK_006190,terrible product broke after just one week of use very disappointing,2,0
MOCK_006191,complete waste of money nothing like the description a solid choice,1,0
MOCK_006192,works perfectly highly recommend to everyone highly recommended,4,1
MOCK_006193,exceeded my expectations will definitely buy again would buy again,4,1
MOCK_006194,outstanding product five stars without hesitation very pleased overall,4,1
MOCK_006195,cheap materials and poorly made would not recommend not worth the price,1,0
MOCK_006196,this product is a scam nothing works as advertised very disappointing,2,0
MOCK_006197,perfect fit and exactly as described very satisfied a solid choice,4,1
MOCK_006198,incredible product customer service was excellent too highly recommended,4,1
MOCK_006199,best purchase i have made in a long time truly impressive would buy again,5,1
MOCK_006200,terrible product broke after just one week of use very pleased overall,2,0
MOCK_006201,complete waste of money nothing like the description not worth the price,1,0
MOCK_006202,very disappointed the quality is extremely poor very disappointing,2,0
MOCK_006203,do not buy this it stopped working immediately a solid choice,1,0
MOCK_006204,awful experience arrived damaged and customer support ignored me highly recommended,1,0
MOCK_006205,fantastic build quality and great value for money would buy again,5,1
MOCK_006206,this product is a scam nothing works as advertised very pleased overall,1,0
MOCK_006207,returned it immediately total garbage not worth the price,1,0
MOCK_006208,incredible product customer service was excellent too very disappointing,4,1
MOCK_006209,misleading product photos looks nothing like what arrived a solid choice,2,0
MOCK_006210,this product is absolutely amazing exactly what i needed highly recommended,4,1
MOCK_006211,complete waste of money nothing like the description would buy again,2,0
MOCK_006212,very disappointed the quality is extremely poor very pleased overall,1,0
MOCK_006213,exceeded my expectations will definitely buy again not worth the price,5,1
MOCK_006214,outstanding product five stars without hesitation very disappointing,4,1
MOCK_006215,cheap materials and poorly made would not recommend a solid choice,1,0
MOCK_006216,love this item it has made my life so much easier highly recommended,5,1
MOCK_006217,returned it immediately total garbage would buy again,2,0
MOCK_006218,worst purchase ever falls apart after minimal use very pleased overall,1,0
MOCK_006219,best purchase i have made in a long time truly impressive not worth the price,4,1
MOCK_006220,terrible product broke after just one week of use very disappointing,1,0
MOCK_006221,great quality and fast shipping very happy with this purchase a solid choice,4,1
MOCK_006222,very disappointed the quality is extremely poor highly recommended,2,0
MOCK_006223,do not buy this it stopped working immediately would buy again,1,0
MOCK_006224,outstanding product five stars without hesitation very pleased overall,5,1
MOCK_006225,fantastic build quality and great value for money not worth the price,4,1
MOCK_006226,love this item it has made my life so much easier very disappointing,4,1
MOCK_006227,returned it immediately total garbage a solid choice,1,0
MOCK_006228,worst purchase ever falls apart after minimal use highly recommended,1,0
MOCK_006229,misleading product photos looks nothing like what arrived would buy again,1,0
MOCK_006230,terrible product broke after just one week of use very pleased overall,2,0
MOCK_006231,great quality and fast shipping very happy with this purchase not worth the price,4,1
MOCK_006232,works perfectly highly recommend to everyone very disappointing,5,1
MOCK_006233,exceeded my expectations will definitely buy again a solid choice,4,1
MOCK_006234,awful experience arrived damaged and customer support ignored me highly recommended,1,0
MOCK_006235,cheap materials and poorly made would not recommend would buy again,1,0
MOCK_006236,love this item it has made my life so much easier very pleased overall,4,1
MOCK_006237,perfect fit and exactly as described very satisfied not worth the price,5,1
MOCK_006238,worst purchase ever falls apart after minimal use very disappointing,2,0
MOCK_006239,misleading product photos looks nothing like what arrived a solid choice,2,0
MOCK_006240,this product is absolutely amazing exactly what i needed highly recommended,5,1
MOCK_006241,complete waste of money nothing like the description would buy again,1,0
MOCK_006242,very disappointed the quality is extremely poor very pleased overall,1,0
MOCK_006243,do not buy this it stopped working immediately not worth the price,2,0
MOCK_006244,awful experience arrived damaged and customer support ignored me very disappointing,1,0
MOCK_006245,fantastic build quality and great value for money a solid choice,4,1
MOCK_006246,this product is a scam nothing works as advertised highly recommended,2,0
MOCK_006247,perfect fit and exactly as described very satisfied would buy again,5,1
MOCK_006248,worst purchase ever falls apart after minimal use very pleased overall,2,0
MOCK_006249,misleading product photos looks nothing like what arrived not worth the price,1,0
MOCK_006250,terrible product broke after just one week of use very disappointing,2,0
MOCK_006251,complete waste of money nothing like the description a solid choice,1,0
MOCK_006252,very disappointed the quality is extremely poor highly recommended,1,0
MOCK_006253,do not buy this it stopped working immediately would buy again,1,0
MOCK_006254,awful experience arrived damaged and customer support ignored me very pleased overall,2,0
MOCK_006255,fantastic build quality and great value for money not worth the price,5,1
MOCK_006256,love this item it has made my life so much easier very disappointing,5,1
MOCK_006257,perfect fit and exactly as described very satisfied a solid choice,4,1
MOCK_006258,incredible product customer service was excellent too highly recommended,4,1
MOCK_006259,best purchase i have made in a long time truly impressive would buy again,4,1
MOCK_006260,terrible product broke after just one week of use very pleased overall,2,0
MOCK_006261,complete waste of money nothing like the description not worth the price,1,0
MOCK_006262,works perfectly highly recommend to everyone very disappointing,4,1
MOCK_006263,do not buy this it stopped working immediately a solid choice,2,0
MOCK_006264,outstanding product five stars without hesitation highly recommended,4,1
MOCK_006265,cheap materials and poorly made would not recommend would buy again,2,0
MOCK_006266,this product is a scam nothing works as advertised very pleased overall,1,0
MOCK_006267,returned it immediately total garbage not worth the price,2,0
MOCK_006268,worst purchase ever falls apart after minimal use very disappointing,1,0
MOCK_006269,misleading product photos looks nothing like what arrived a solid choice,1,0
MOCK_006270,this product is absolutely amazing exactly what i needed highly recommended,4,1
MOCK_006271,complete waste of money nothing like the description would buy again,1,0
MOCK_006272,works perfectly highly recommend to everyone very pleased overall,5,1
MOCK_006273,exceeded my expectations will definitely buy again not worth the price,4,1
MOCK_006274,awful experience arrived damaged and customer support ignored me very disappointing,1,0
MOCK_006275,cheap materials and poorly made would not recommend a solid choice,2,0
MOCK_006276,love this item it has made my life so much easier highly recommended,4,1
MOCK_006277,perfect fit and exactly as described very satisfied would buy again,5,1
MOCK_006278,worst purchase ever falls apart after minimal use very pleased overall,2,0
MOCK_006279,misleading product photos looks nothing like what arrived not worth the price,1,0
MOCK_006280,terrible product broke after just one week of use very disappointing,2,0
MOCK_006281,great quality and fast shipping very happy with this purchase a solid choice,4,1
MOCK_006282,works perfectly highly recommend to everyone highly recommended,4,1
MOCK_006283,do not buy this it stopped working immediately would buy again,1,0
MOCK_006284,outstanding product five stars without hesitation very pleased overall,5,1
MOCK_006285,cheap materials and poorly made would not recommend not worth the price,2,0
MOCK_006286,love this item it has made my life so much easier very disappointing,5,1
MOCK_006287,returned it immediately total garbage a solid choice,2,0
MOCK_006288,worst purchase ever falls apart after minimal use highly recommended,1,0
MOCK_006289,misleading product photos looks nothing like what arrived would buy again,2,0
MOCK_006290,this product is absolutely amazing exactly what i needed very pleased overall,5,1
MOCK_006291,great quality and fast shipping very happy with this purchase not worth the price,5,1
MOCK_006292,works perfectly highly recommend to everyone very disappointing,5,1
MOCK_006293,exceeded my expectations will definitely buy again a solid choice,5,1
MOCK_006294,outstanding product five stars without hesitation highly recommended,4,1
MOCK_006295,cheap materials and poorly made would not recommend would buy again,2,0
MOCK_006296,this product is a scam nothing works as advertised very pleased overall,2,0
MOCK_006297,perfect fit and exactly as described very satisfied not worth the price,5,1
MOCK_006298,incredible product customer service was excellent too very disappointing,4,1
MOCK_006299,misleading product photos looks nothing like what arrived a solid choice,2,0
MOCK_006300,this product is absolutely amazing exactly what i needed highly recommended,4,1
MOCK_006301,great quality and fast shipping very happy with this purchase would buy again,4,1
MOCK_006302,works perfectly highly recommend to everyone very pleased overall,5,1
MOCK_006303,exceeded my expectations will definitely buy again not worth the price,4,1
MOCK_006304,awful experience arrived damaged and customer support ignored me very disappointing,2,0
MOCK_006305,fantastic build quality and great value for money a solid choice,4,1
MOCK_006306,this product is a scam nothing works as advertised highly recommended,2,0
MOCK_006307,returned it immediately total garbage would buy again,2,0
MOCK_006308,worst purchase ever falls apart after minimal use very pleased overall,1,0
MOCK_006309,misleading product photos looks nothing like what arrived not worth the price,2,0
MOCK_006310,this product is absolutely amazing exactly what i needed very disappointing,4,1
MOCK_006311,complete waste of money nothing like the description a solid choice,2,0
MOCK_006312,very disappointed the quality is extremely poor highly recommended,2,0
MOCK_006313,exceeded my expectations will definitely buy again would buy again,4,1
MOCK_006314,awful experience arrived damaged and customer support ignored me very pleased overall,2,0
MOCK_006315,cheap materials and poorly made would not recommend not worth the price,2,0
MOCK_006316,this product is a scam nothing works as advertised very disappointing,2,0
MOCK_006317,returned it immediately total garbage a solid choice,2,0
MOCK_006318,incredible product customer service was excellent too highly recommended,4,1
MOCK_006319,best purchase i have made in a long time truly impressive would buy again,5,1
MOCK_006320,this product is absolutely amazing exactly what i needed very pleased overall,4,1
MOCK_006321,complete waste of money nothing like the description not worth the price,1,0
MOCK_006322,works perfectly highly recommend to everyone very disappointing,5,1
MOCK_006323,do not buy this it stopped working immediately a solid choice,1,0
MOCK_006324,outstanding product five stars without hesitation highly recommended,5,1
MOCK_006325,cheap materials and poorly made would not recommend would buy again,1,0
MOCK_006326,love this item it has made my life so much easier very pleased overall,5,1
MOCK_006327,perfect fit and exactly as described very satisfied not worth the price,5,1
MOCK_006328,worst purchase ever falls apart after minimal use very disappointing,1,0
MOCK_006329,misleading product photos looks nothing like what arrived a solid choice,1,0
MOCK_006330,terrible product broke after just one week of use highly recommended,1,0
MOCK_006331,complete waste of money nothing like the description would buy again,2,0
MOCK_006332,very disappointed the quality is extremely poor very pleased overall,2,0
MOCK_006333,do not buy this it stopped working immediately not worth the price,1,0
MOCK_006334,outstanding product five stars without hesitation very disappointing,5,1
MOCK_006335,fantastic build quality and great value for money a solid choice,4,1
MOCK_006336,this product is a scam nothing works as advertised highly recommended,1,0
MOCK_006337,perfect fit and exactly as described very satisfied would buy again,4,1
MOCK_006338,worst purchase ever falls apart after minimal use very pleased overall,1,0
MOCK_006339,best purchase i have made in a long time truly impressive not worth the price,5,1
MOCK_006340,this product is absolutely amazing exactly what i needed very disappointing,5,1
MOCK_006341,great quality and fast shipping very happy with this purchase a solid choice,5,1
MOCK_006342,very disappointed the quality is extremely poor highly recommended,2,0
MOCK_006343,do not buy this it stopped working immediately would buy again,1,0
MOCK_006344,awful experience arrived damaged and customer support ignored me very pleased overall,1,0
MOCK_006345,fantastic build quality and great value for money not worth the price,5,1
MOCK_006346,love this item it has made my life so much easier very disappointing,5,1
MOCK_006347,returned it immediately total garbage a solid choice,2,0
MOCK_006348,incredible product customer service was excellent too highly recommended,4,1
MOCK_006349,best purchase i have made in a long time truly impressive would buy again,5,1
MOCK_006350,this product is absolutely amazing exactly what i needed very pleased overall,5,1
MOCK_006351,great quality and fast shipping very happy with this purchase not worth the price,5,1
MOCK_006352,very disappointed the quality is extremely poor very disappointing,2,0
MOCK_006353,do not buy this it stopped working immediately a solid choice,1,0
MOCK_006354,outstanding product five stars without hesitation highly recommended,4,1
MOCK_006355,fantastic build quality and great value for money would buy again,4,1
MOCK_006356,this product is a scam nothing works as advertised very pleased overall,1,0
MOCK_006357,returned it immediately total garbage not worth the price,2,0
MOCK_006358,worst purchase ever falls apart after minimal use very disappointing,2,0
MOCK_006359,best purchase i have made in a long time truly impressive a solid choice,4,1
MOCK_006360,this product is absolutely amazing exactly what i needed highly recommended,4,1
MOCK_006361,complete waste of money nothing like the description would buy again,2,0
MOCK_006362,works perfectly highly recommend to everyone very pleased overall,5,1
MOCK_006363,do not buy this it stopped working immediately not worth the price,1,0
MOCK_006364,outstanding product five stars without hesitation very disappointing,5,1
MOCK_006365,fantastic build quality and great value for money a solid choice,4,1
MOCK_006366,love this item it has made my life so much easier highly recommended,4,1
MOCK_006367,returned it immediately total garbage would buy again,1,0
MOCK_006368,worst purchase ever falls apart after minimal use very pleased overall,2,0
MOCK_006369,misleading product photos looks nothing like what arrived not worth the price,2,0
MOCK_006370,terrible product broke after just one week of use very disappointing,2,0
MOCK_006371,complete waste of money nothing like the description a solid choice,1,0
MOCK_006372,very disappointed the quality is extremely poor highly recommended,2,0
MOCK_006373,do not buy this it stopped working immediately would buy again,2,0
MOCK_006374,outstanding product five stars without hesitation very pleased overall,4,1
MOCK_006375,fantastic build quality and great value for money not worth the price,4,1
MOCK_006376,this product is a scam nothing works as advertised very disappointing,1,0
MOCK_006377,perfect fit and exactly as described very satisfied a solid choice,5,1
MOCK_006378,worst purchase ever falls apart after minimal use highly recommended,1,0
MOCK_006379,best purchase i have made in a long time truly impressive would buy again,4,1
MOCK_006380,this product is absolutely amazing exactly what i needed very pleased overall,5,1
MOCK_006381,complete waste of money nothing like the description not worth the price,2,0
MOCK_006382,very disappointed the quality is extremely poor very disappointing,2,0
MOCK_006383,do not buy this it stopped working immediately a solid choice,2,0
MOCK_006384,outstanding product five stars without hesitation highly recommended,4,1
MOCK_006385,cheap materials and poorly made would not recommend would buy again,2,0
MOCK_006386,love this item it has made my life so much easier very pleased overall,4,1
MOCK_006387,returned it immediately total garbage not worth the price,1,0
MOCK_006388,incredible product customer service was excellent too very disappointing,5,1
MOCK_006389,misleading product photos looks nothing like what arrived a solid choice,1,0
MOCK_006390,terrible product broke after just one week of use highly recommended,1,0
MOCK_006391,great quality and fast shipping very happy with this purchase would buy again,5,1
MOCK_006392,works perfectly highly recommend to everyone very pleased overall,4,1
MOCK_006393,do not buy this it stopped working immediately not worth the price,1,0
MOCK_006394,awful experience arrived damaged and customer support ignored me very disappointing,2,0
MOCK_006395,cheap materials and poorly made would not recommend a solid choice,2,0
MOCK_006396,this product is a scam nothing works as advertised highly recommended,2,0
MOCK_006397,returned it immediately total garbage would buy again,1,0
MOCK_006398,worst purchase ever falls apart after minimal use very pleased overall,2,0
MOCK_006399,best purchase i have made in a long time truly impressive not worth the price,5,1
MOCK_006400,this product is absolutely amazing exactly what i needed very disappointing,4,1
MOCK_006401,complete waste of money nothing like the description a solid choice,1,0
MOCK_006402,very disappointed the quality is extremely poor highly recommended,1,0
MOCK_006403,do not buy this it stopped working immediately would buy again,2,0
MOCK_006404,awful experience arrived damaged and customer support ignored me very pleased overall,1,0
MOCK_006405,cheap materials and poorly made would not recommend not worth the price,2,0
MOCK_006406,love this item it has made my life so much easier very disappointing,5,1
MOCK_006407,returned it immediately total garbage a solid choice,1,0
MOCK_006408,worst purchase ever falls apart after minimal use highly recommended,2,0
MOCK_006409,misleading product photos looks nothing like what arrived would buy again,1,0
MOCK_006410,terrible product broke after just one week of use very pleased overall,1,0
MOCK_006411,complete waste of money nothing like the description not worth the price,2,0
MOCK_006412,works perfectly highly recommend to everyone very disappointing,4,1
MOCK_006413,do not buy this it stopped working immediately a solid choice,2,0
MOCK_006414,outstanding product five stars without hesitation highly recommended,5,1
MOCK_006415,fantastic build quality and great value for money would buy again,4,1
MOCK_006416,this product is a scam nothing works as advertised very pleased overall,1,0
MOCK_006417,returned it immediately total garbage not worth the price,1,0
MOCK_006418,worst purchase ever falls apart after minimal use very disappointing,2,0
MOCK_006419,best purchase i have made in a long time truly impressive a solid choice,5,1
MOCK_006420,terrible product broke after just one week of use highly recommended,1,0
MOCK_006421,great quality and fast shipping very happy with this purchase would buy again,5,1
MOCK_006422,works perfectly highly recommend to everyone very pleased overall,5,1
MOCK_006423,do not buy this it stopped working immediately not worth the price,2,0
MOCK_006424,awful experience arrived damaged and customer support ignored me very disappointing,1,0
MOCK_006425,fantastic build quality and great value for money a solid choice,4,1
MOCK_006426,this product is a scam nothing works as advertised highly recommended,1,0
MOCK_006427,returned it immediately total garbage would buy again,1,0
MOCK_006428,worst purchase ever falls apart after minimal use very pleased overall,1,0
MOCK_006429,best purchase i have made in a long time truly impressive not worth the price,4,1
MOCK_006430,this product is absolutely amazing exactly what i needed very disappointing,4,1
MOCK_006431,great quality and fast shipping very happy with this purchase a solid choice,4,1
MOCK_006432,very disappointed the quality is extremely poor highly recommended,1,0
MOCK_006433,exceeded my expectations will definitely buy again would buy again,5,1
MOCK_006434,outstanding product five stars without hesitation very pleased overall,5,1
MOCK_006435,fantastic build quality and great value for money not worth the price,4,1
MOCK_006436,this product is a scam nothing works as advertised very disappointing,2,0
MOCK_006437,perfect fit and exactly as described very satisfied a solid choice,4,1
MOCK_006438,incredible product customer service was excellent too highly recommended,5,1
MOCK_006439,misleading product photos looks nothing like what arrived would buy again,2,0
MOCK_006440,this product is absolutely amazing exactly what i needed very pleased overall,4,1
MOCK_006441,great quality and fast shipping very happy with this purchase not worth the price,5,1
MOCK_006442,works perfectly highly recommend to everyone very disappointing,5,1
MOCK_006443,exceeded my expectations will definitely buy again a solid choice,5,1
MOCK_006444,outstanding product five stars without hesitation highly recommended,4,1
MOCK_006445,cheap materials and poorly made would not recommend would buy again,1,0
MOCK_006446,this product is a scam nothing works as advertised very pleased overall,2,0
MOCK_006447,perfect fit and exactly as described very satisfied not worth the price,4,1
MOCK_006448,worst purchase ever falls apart after minimal use very disappointing,2,0
MOCK_006449,misleading product photos looks nothing like what arrived a solid choice,2,0
MOCK_006450,terrible product broke after just one week of use highly recommended,1,0
MOCK_006451,complete waste of money nothing like the description would buy again,1,0
MOCK_006452,works perfectly highly recommend to everyone very pleased overall,4,1
MOCK_006453,do not buy this it stopped working immediately not worth the price,1,0
MOCK_006454,awful experience arrived damaged and customer support ignored me very disappointing,2,0
MOCK_006455,fantastic build quality and great value for money a solid choice,5,1
MOCK_006456,love this item it has made my life so much easier highly recommended,4,1
MOCK_006457,returned it immediately total garbage would buy again,2,0
MOCK_006458,incredible product customer service was excellent too very pleased overall,5,1
MOCK_006459,misleading product photos looks nothing like what arrived not worth the price,2,0
MOCK_006460,this product is absolutely amazing exactly what i needed very disappointing,4,1
MOCK_006461,complete waste of money nothing like the description a solid choice,2,0
MOCK_006462,very disappointed the quality is extremely poor highly recommended,2,0
MOCK_006463,exceeded my expectations will definitely buy again would buy again,4,1
MOCK_006464,awful experience arrived damaged and customer support ignored me very pleased overall,2,0
MOCK_006465,cheap materials and poorly made would not recommend not worth the price,2,0
MOCK_006466,this product is a scam nothing works as advertised very disappointing,1,0
MOCK_006467,perfect fit and exactly as described very satisfied a solid choice,5,1
MOCK_006468,incredible product customer service was excellent too highly recommended,5,1
MOCK_006469,best purchase i have made in a long time truly impressive would buy again,5,1
MOCK_006470,this product is absolutely amazing exactly what i needed very pleased overall,4,1
MOCK_006471,complete waste of money nothing like the description not worth the price,2,0
MOCK_006472,works perfectly highly recommend to everyone very disappointing,5,1
MOCK_006473,exceeded my expectations will definitely buy again a solid choice,5,1
MOCK_006474,outstanding product five stars without hesitation highly recommended,4,1
MOCK_006475,cheap materials and poorly made would not recommend would buy again,1,0
MOCK_006476,love this item it has made my life so much easier very pleased overall,5,1
MOCK_006477,returned it immediately total garbage not worth the price,1,0
MOCK_006478,worst purchase ever falls apart after minimal use very disappointing,1,0
MOCK_006479,misleading product photos looks nothing like what arrived a solid choice,1,0
MOCK_006480,this product is absolutely amazing exactly what i needed highly recommended,5,1
MOCK_006481,complete waste of money nothing like the description would buy again,1,0
MOCK_006482,works perfectly highly recommend to everyone very pleased overall,5,1
MOCK_006483,exceeded my expectations will definitely buy again not worth the price,5,1
MOCK_006484,awful experience arrived damaged and customer support ignored me very disappointing,2,0
MOCK_006485,fantastic build quality and great value for money a solid choice,5,1
MOCK_006486,love this item it has made my life so much easier highly recommended,4,1
MOCK_006487,returned it immediately total garbage would buy again,2,0
MOCK_006488,worst purchase ever falls apart after minimal use very pleased overall,1,0
MOCK_006489,misleading product photos looks nothing like what arrived not worth the price,2,0
MOCK_006490,terrible product broke after just one week of use very disappointing,1,0
MOCK_006491,great quality and fast shipping very happy with this purchase a solid choice,5,1
MOCK_006492,very disappointed the quality is extremely poor highly recommended,2,0
MOCK_006493,exceeded my expectations will definitely buy again would buy again,4,1
MOCK_006494,awful experience arrived damaged and customer support ignored me very pleased overall,2,0
MOCK_006495,cheap materials and poorly made would not recommend not worth the price,1,0
MOCK_006496,love this item it has made my life so much easier very disappointing,4,1
MOCK_006497,returned it immediately total garbage a solid choice,1,0
MOCK_006498,worst purchase ever falls apart after minimal use highly recommended,1,0
MOCK_006499,misleading product photos looks nothing like what arrived would buy again,2,0
MOCK_006500,this product is absolutely amazing exactly what i needed very pleased overall,5,1
MOCK_006501,complete waste of money nothing like the description not worth the price,1,0
MOCK_006502,very disappointed the quality is extremely poor very disappointing,2,0
MOCK_006503,exceeded my expectations will definitely buy again a solid choice,5,1
MOCK_006504,outstanding product five stars without hesitation highly recommended,5,1
MOCK_006505,cheap materials and poorly made would not recommend would buy again,1,0
MOCK_006506,love this item it has made my life so much easier very pleased overall,5,1
MOCK_006507,returned it immediately total garbage not worth the price,1,0
MOCK_006508,incredible product customer service was excellent too very disappointing,5,1
MOCK_006509,best purchase i have made in a long time truly impressive a solid choice,5,1
MOCK_006510,this product is absolutely amazing exactly what i needed highly recommended,5,1
MOCK_006511,complete waste of money nothing like the description would buy again,1,0
MOCK_006512,works perfectly highly recommend to everyone very pleased overall,4,1
MOCK_006513,do not buy this it stopped working immediately not worth the price,2,0
MOCK_006514,awful experience arrived damaged and customer support ignored me very disappointing,1,0
MOCK_006515,cheap materials and poorly made would not recommend a solid choice,1,0
MOCK_006516,love this item it has made my life so much easier highly recommended,5,1
MOCK_006517,perfect fit and exactly as described very satisfied would buy again,5,1
MOCK_006518,incredible product customer service was excellent too very pleased overall,4,1
MOCK_006519,misleading product photos looks nothing like what arrived not worth the price,1,0
MOCK_006520,terrible product broke after just one week of use very disappointing,2,0
MOCK_006521,complete waste of money nothing like the description a solid choice,1,0
MOCK_006522,very disappointed the quality is extremely poor highly recommended,1,0
MOCK_006523,exceeded my expectations will definitely buy again would buy again,4,1
MOCK_006524,awful experience arrived damaged and customer support ignored me very pleased overall,1,0
MOCK_006525,cheap materials and poorly made would not recommend not worth the price,2,0
MOCK_006526,this product is a scam nothing works as advertised very disappointing,1,0
MOCK_006527,returned it immediately total garbage a solid choice,1,0
MOCK_006528,worst purchase ever falls apart after minimal use highly recommended,2,0
MOCK_006529,misleading product photos looks nothing like what arrived would buy again,1,0
MOCK_006530,terrible product broke after just one week of use very pleased overall,1,0
MOCK_006531,complete waste of money nothing like the description not worth the price,2,0
MOCK_006532,very disappointed the quality is extremely poor very disappointing,2,0
MOCK_006533,exceeded my expectations will definitely buy again a solid choice,4,1
MOCK_006534,outstanding product five stars without hesitation highly recommended,4,1
MOCK_006535,fantastic build quality and great value for money would buy again,4,1
MOCK_006536,this product is a scam nothing works as advertised very pleased overall,1,0
MOCK_006537,perfect fit and exactly as described very satisfied not worth the price,5,1
MOCK_006538,worst purchase ever falls apart after minimal use very disappointing,2,0
MOCK_006539,best purchase i have made in a long time truly impressive a solid choice,5,1
MOCK_006540,terrible product broke after just one week of use highly recommended,2,0
MOCK_006541,complete waste of money nothing like the description would buy again,1,0
MOCK_006542,very disappointed the quality is extremely poor very pleased overall,2,0
MOCK_006543,exceeded my expectations will definitely buy again not worth the price,5,1
MOCK_006544,outstanding product five stars without hesitation very disappointing,4,1
MOCK_006545,cheap materials and poorly made would not recommend a solid choice,2,0
MOCK_006546,love this item it has made my life so much easier highly recommended,4,1
MOCK_006547,returned it immediately total garbage would buy again,2,0
MOCK_006548,worst purchase ever falls apart after minimal use very pleased overall,2,0
MOCK_006549,best purchase i have made in a long time truly impressive not worth the price,4,1
MOCK_006550,terrible product broke after just one week of use very disappointing,2,0
MOCK_006551,complete waste of money nothing like the description a solid choice,1,0
MOCK_006552,very disappointed the quality is extremely poor highly recommended,2,0
MOCK_006553,exceeded my expectations will definitely buy again would buy again,4,1
MOCK_006554,outstanding product five stars without hesitation very pleased overall,4,1
MOCK_006555,cheap materials and poorly made would not recommend not worth the price,1,0
MOCK_006556,this product is a scam nothing works as advertised very disappointing,2,0
MOCK_006557,perfect fit and exactly as described very satisfied a solid choice,4,1
MOCK_006558,incredible product customer service was excellent too highly recommended,5,1
MOCK_006559,best purchase i have made in a long time truly impressive would buy again,4,1
MOCK_006560,terrible product broke after just one week of use very pleased overall,1,0
MOCK_006561,complete waste of money nothing like the description not worth the price,1,0
MOCK_006562,very disappointed the quality is extremely poor very disappointing,1,0
MOCK_006563,exceeded my expectations will definitely buy again a solid choice,5,1
MOCK_006564,outstanding product five stars without hesitation highly recommended,4,1
MOCK_006565,fantastic build quality and great value for money would buy again,5,1
MOCK_006566,love this item it has made my life so much easier very pleased overall,5,1
MOCK_006567,perfect fit and exactly as described very satisfied not worth the price,5,1
MOCK_006568,incredible product customer service was excellent too very disappointing,5,1
MOCK_006569,best purchase i have made in a long time truly impressive a solid choice,5,1
MOCK_006570,terrible product broke after just one week of use highly recommended,2,0
MOCK_006571,complete waste of money nothing like the description would buy again,2,0
MOCK_006572,works perfectly highly recommend to everyone very pleased overall,5,1
MOCK_006573,do not buy this it stopped working immediately not worth the price,2,0
MOCK_006574,awful experience arrived damaged and customer support ignored me very disappointing,1,0
MOCK_006575,cheap materials and poorly made would not recommend a solid choice,2,0
MOCK_006576,this product is a scam nothing works as advertised highly recommended,1,0
MOCK_006577,perfect fit and exactly as described very satisfied would buy again,5,1
MOCK_006578,worst purchase ever falls apart after minimal use very pleased overall,2,0
MOCK_006579,misleading product photos looks nothing like what arrived not worth the price,2,0
MOCK_006580,terrible product broke after just one week of use very disappointing,2,0
MOCK_006581,great quality and fast shipping very happy with this purchase a solid choice,5,1
MOCK_006582,works perfectly highly recommend to everyone highly recommended,5,1
MOCK_006583,do not buy this it stopped working immediately would buy again,1,0
MOCK_006584,awful experience arrived damaged and customer support ignored me very pleased overall,1,0
MOCK_006585,fantastic build quality and great value for money not worth the price,4,1
MOCK_006586,love this item it has made my life so much easier very disappointing,4,1
MOCK_006587,returned it immediately total garbage a solid choice,2,0
MOCK_006588,incredible product customer service was excellent too highly recommended,5,1
MOCK_006589,misleading product photos looks nothing like what arrived would buy again,2,0
MOCK_006590,this product is absolutely amazing exactly what i needed very pleased overall,4,1
MOCK_006591,great quality and fast shipping very happy with this purchase not worth the price,5,1
MOCK_006592,very disappointed the quality is extremely poor very disappointing,1,0
MOCK_006593,do not buy this it stopped working immediately a solid choice,2,0
MOCK_006594,outstanding product five stars without hesitation highly recommended,5,1
MOCK_006595,fantastic build quality and great value for money would buy again,4,1
MOCK_006596,love this item it has made my life so much easier very pleased overall,4,1
MOCK_006597,perfect fit and exactly as described very satisfied not worth the price,4,1
MOCK_006598,worst purchase ever falls apart after minimal use very disappointing,1,0
MOCK_006599,misleading product photos looks nothing like what arrived a solid choice,1,0
MOCK_006600,this product is absolutely amazing exactly what i needed highly recommended,4,1
MOCK_006601,great quality and fast shipping very happy with this purchase would buy again,4,1
MOCK_006602,works perfectly highly recommend to everyone very pleased overall,4,1
MOCK_006603,do not buy this it stopped working immediately not worth the price,1,0
MOCK_006604,outstanding product five stars without hesitation very disappointing,5,1
MOCK_006605,cheap materials and poorly made would not recommend a solid choice,1,0
MOCK_006606,love this item it has made my life so much easier highly recommended,5,1
MOCK_006607,returned it immediately total garbage would buy again,1,0
MOCK_006608,incredible product customer service was excellent too very pleased overall,4,1
MOCK_006609,misleading product photos looks nothing like what arrived not worth the price,1,0
MOCK_006610,terrible product broke after just one week of use very disappointing,2,0
MOCK_006611,complete waste of money nothing like the description a solid choice,1,0
MOCK_006612,very disappointed the quality is extremely poor highly recommended,2,0
MOCK_006613,do not buy this it stopped working immediately would buy again,1,0
MOCK_006614,awful experience arrived damaged and customer support ignored me very pleased overall,2,0
MOCK_006615,fantastic build quality and great value for money not worth the price,4,1
MOCK_006616,this product is a scam nothing works as advertised very disappointing,1,0
MOCK_006617,returned it immediately total garbage a solid choice,2,0
MOCK_006618,incredible product customer service was excellent too highly recommended,4,1
MOCK_006619,misleading product photos looks nothing like what arrived would buy again,1,0
MOCK_006620,this product is absolutely amazing exactly what i needed very pleased overall,5,1
MOCK_006621,complete waste of money nothing like the description not worth the price,1,0
MOCK_006622,very disappointed the quality is extremely poor very disappointing,1,0
MOCK_006623,do not buy this it stopped working immediately a solid choice,1,0
MOCK_006624,outstanding product five stars without hesitation highly recommended,4,1
MOCK_006625,cheap materials and poorly made would not recommend would buy again,2,0
MOCK_006626,love this item it has made my life so much easier very pleased overall,5,1
MOCK_006627,perfect fit and exactly as described very satisfied not worth the price,5,1
MOCK_006628,worst purchase ever falls apart after minimal use very disappointing,1,0
MOCK_006629,misleading product photos looks nothing like what arrived a solid choice,2,0
MOCK_006630,this product is absolutely amazing exactly what i needed highly recommended,5,1
MOCK_006631,great quality and fast shipping very happy with this purchase would buy again,4,1
MOCK_006632,works perfectly highly recommend to everyone very pleased overall,5,1
MOCK_006633,exceeded my expectations will definitely buy again not worth the price,5,1
MOCK_006634,awful experience arrived damaged and customer support ignored me very disappointing,2,0
MOCK_006635,cheap materials and poorly made would not recommend a solid choice,1,0
MOCK_006636,this product is a scam nothing works as advertised highly recommended,1,0
MOCK_006637,perfect fit and exactly as described very satisfied would buy again,5,1
MOCK_006638,worst purchase ever falls apart after minimal use very pleased overall,2,0
MOCK_006639,misleading product photos looks nothing like what arrived not worth the price,1,0
MOCK_006640,this product is absolutely amazing exactly what i needed very disappointing,4,1
MOCK_006641,great quality and fast shipping very happy with this purchase a solid choice,5,1
MOCK_006642,works perfectly highly recommend to everyone highly recommended,4,1
MOCK_006643,exceeded my expectations will definitely buy again would buy again,4,1
MOCK_006644,outstanding product five stars without hesitation very pleased overall,5,1
MOCK_006645,cheap materials and poorly made would not recommend not worth the price,1,0
MOCK_006646,this product is a scam nothing works as advertised very disappointing,1,0
MOCK_006647,returned it immediately total garbage a solid choice,1,0
MOCK_006648,incredible product customer service was excellent too highly recommended,5,1
MOCK_006649,misleading product photos looks nothing like what arrived would buy again,1,0
MOCK_006650,this product is absolutely amazing exactly what i needed very pleased overall,5,1
MOCK_006651,great quality and fast shipping very happy with this purchase not worth the price,5,1
MOCK_006652,works perfectly highly recommend to everyone very disappointing,5,1
MOCK_006653,exceeded my expectations will definitely buy again a solid choice,5,1
MOCK_006654,awful experience arrived damaged and customer support ignored me highly recommended,2,0
MOCK_006655,fantastic build quality and great value for money would buy again,4,1
MOCK_006656,this product is a scam nothing works as advertised very pleased overall,2,0
MOCK_006657,perfect fit and exactly as described very satisfied not worth the price,5,1
MOCK_006658,incredible product customer service was excellent too very disappointing,5,1
MOCK_006659,misleading product photos looks nothing like what arrived a solid choice,1,0
MOCK_006660,terrible product broke after just one week of use highly recommended,1,0
MOCK_006661,great quality and fast shipping very happy with this purchase would buy again,5,1
MOCK_006662,very disappointed the quality is extremely poor very pleased overall,1,0
MOCK_006663,exceeded my expectations will definitely buy again not worth the price,5,1
MOCK_006664,outstanding product five stars without hesitation very disappointing,4,1
MOCK_006665,fantastic build quality and great value for money a solid choice,5,1
MOCK_006666,love this item it has made my life so much easier highly recommended,5,1
MOCK_006667,perfect fit and exactly as described very satisfied would buy again,4,1
MOCK_006668,worst purchase ever falls apart after minimal use very pleased overall,1,0
MOCK_006669,best purchase i have made in a long time truly impressive not worth the price,5,1
MOCK_006670,terrible product broke after just one week of use very disappointing,1,0
MOCK_006671,complete waste of money nothing like the description a solid choice,1,0
MOCK_006672,works perfectly highly recommend to everyone highly recommended,5,1
MOCK_006673,do not buy this it stopped working immediately would buy again,1,0
MOCK_006674,outstanding product five stars without hesitation very pleased overall,5,1
MOCK_006675,cheap materials and poorly made would not recommend not worth the price,1,0
MOCK_006676,this product is a scam nothing works as advertised very disappointing,1,0
MOCK_006677,perfect fit and exactly as described very satisfied a solid choice,5,1
MOCK_006678,incredible product customer service was excellent too highly recommended,4,1
MOCK_006679,misleading product photos looks nothing like what arrived would buy again,1,0
MOCK_006680,this product is absolutely amazing exactly what i needed very pleased overall,5,1
MOCK_006681,complete waste of money nothing like the description not worth the price,2,0
MOCK_006682,very disappointed the quality is extremely poor very disappointing,2,0
MOCK_006683,do not buy this it stopped working immediately a solid choice,2,0
MOCK_006684,outstanding product five stars without hesitation highly recommended,4,1
MOCK_006685,cheap materials and poorly made would not recommend would buy again,1,0
MOCK_006686,this product is a scam nothing works as advertised very pleased overall,2,0
MOCK_006687,perfect fit and exactly as described very satisfied not worth the price,5,1
MOCK_006688,worst purchase ever falls apart after minimal use very disappointing,2,0
MOCK_006689,misleading product photos looks nothing like what arrived a solid choice,1,0
MOCK_006690,this product is absolutely amazing exactly what i needed highly recommended,4,1
MOCK_006691,great quality and fast shipping very happy with this purchase would buy again,4,1
MOCK_006692,very disappointed the quality is extremely poor very pleased overall,2,0
MOCK_006693,exceeded my expectations will definitely buy again not worth the price,5,1
MOCK_006694,awful experience arrived damaged and customer support ignored me very disappointing,1,0
MOCK_006695,cheap materials and poorly made would not recommend a solid choice,1,0
MOCK_006696,love this item it has made my life so much easier highly recommended,4,1
MOCK_006697,returned it immediately total garbage would buy again,1,0
MOCK_006698,worst purchase ever falls apart after minimal use very pleased overall,2,0
MOCK_006699,best purchase i have made in a long time truly impressive not worth the price,5,1
MOCK_006700,this product is absolutely amazing exactly what i needed very disappointing,4,1
MOCK_006701,complete waste of money nothing like the description a solid choice,2,0
MOCK_006702,very disappointed the quality is extremely poor highly recommended,2,0
MOCK_006703,do not buy this it stopped working immediately would buy again,1,0
MOCK_006704,awful experience arrived damaged and customer support ignored me very pleased overall,1,0
MOCK_006705,fantastic build quality and great value for money not worth the price,4,1
MOCK_006706,this product is a scam nothing works as advertised very disappointing,1,0
MOCK_006707,returned it immediately total garbage a solid choice,2,0
MOCK_006708,incredible product customer service was excellent too highly recommended,5,1
MOCK_006709,misleading product photos looks nothing like what arrived would buy again,1,0
MOCK_006710,terrible product broke after just one week of use very pleased overall,1,0
MOCK_006711,great quality and fast shipping very happy with this purchase not worth the price,5,1
MOCK_006712,works perfectly highly recommend to everyone very disappointing,4,1
MOCK_006713,do not buy this it stopped working immediately a solid choice,2,0
MOCK_006714,awful experience arrived damaged and customer support ignored me highly recommended,2,0
MOCK_006715,cheap materials and poorly made would not recommend would buy again,2,0
MOCK_006716,love this item it has made my life so much easier very pleased overall,5,1
MOCK_006717,returned it immediately total garbage not worth the price,2,0
MOCK_006718,incredible product customer service was excellent too very disappointing,5,1
MOCK_006719,misleading product photos looks nothing like what arrived a solid choice,1,0
MOCK_006720,this product is absolutely amazing exactly what i needed highly recommended,4,1
MOCK_006721,complete waste of money nothing like the description would buy again,1,0
MOCK_006722,very disappointed the quality is extremely poor very pleased overall,1,0
MOCK_006723,do not buy this it stopped working immediately not worth the price,1,0
MOCK_006724,awful experience arrived damaged and customer support ignored me very disappointing,1,0
MOCK_006725,cheap materials and poorly made would not recommend a solid choice,1,0
MOCK_006726,this product is a scam nothing works as advertised highly recommended,1,0
MOCK_006727,returned it immediately total garbage would buy again,1,0
MOCK_006728,worst purchase ever falls apart after minimal use very pleased overall,2,0
MOCK_006729,misleading product photos looks nothing like what arrived not worth the price,2,0
MOCK_006730,this product is absolutely amazing exactly what i needed very disappointing,5,1
MOCK_006731,great quality and fast shipping very happy with this purchase a solid choice,5,1
MOCK_006732,works perfectly highly recommend to everyone highly recommended,5,1
MOCK_006733,do not buy this it stopped working immediately would buy again,2,0
MOCK_006734,awful experience arrived damaged and customer support ignored me very pleased overall,1,0
MOCK_006735,fantastic build quality and great value for money not worth the price,5,1
MOCK_006736,this product is a scam nothing works as advertised very disappointing,1,0
MOCK_006737,perfect fit and exactly as described very satisfied a solid choice,5,1
MOCK_006738,worst purchase ever falls apart after minimal use highly recommended,2,0
MOCK_006739,misleading product photos looks nothing like what arrived would buy again,1,0
MOCK_006740,terrible product broke after just one week of use very pleased overall,2,0
MOCK_006741,complete waste of money nothing like the description not worth the price,1,0
MOCK_006742,very disappointed the quality is extremely poor very disappointing,1,0
MOCK_006743,exceeded my expectations will definitely buy again a solid choice,4,1
MOCK_006744,outstanding product five stars without hesitation highly recommended,4,1
MOCK_006745,cheap materials and poorly made would not recommend would buy again,1,0
MOCK_006746,this product is a scam nothing works as advertised very pleased overall,2,0
MOCK_006747,returned it immediately total garbage not worth the price,2,0
MOCK_006748,incredible product customer service was excellent too very disappointing,4,1
MOCK_006749,misleading product photos looks nothing like what arrived a solid choice,2,0
MOCK_006750,terrible product broke after just one week of use highly recommended,1,0
MOCK_006751,complete waste of money nothing like the description would buy again,1,0
MOCK_006752,very disappointed the quality is extremely poor very pleased overall,2,0
MOCK_006753,exceeded my expectations will definitely buy again not worth the price,5,1
MOCK_006754,awful experience arrived damaged and customer support ignored me very disappointing,1,0
MOCK_006755,fantastic build quality and great value for money a solid choice,4,1
MOCK_006756,this product is a scam nothing works as advertised highly recommended,2,0
MOCK_006757,returned it immediately total garbage would buy again,2,0
MOCK_006758,worst purchase ever falls apart after minimal use very pleased overall,1,0
MOCK_006759,best purchase i have made in a long time truly impressive not worth the price,4,1
MOCK_006760,this product is absolutely amazing exactly what i needed very disappointing,4,1
MOCK_006761,complete waste of money nothing like the description a solid choice,2,0
MOCK_006762,works perfectly highly recommend to everyone highly recommended,5,1
MOCK_006763,exceeded my expectations will definitely buy again would buy again,5,1
MOCK_006764,outstanding product five stars without hesitation very pleased overall,4,1
MOCK_006765,fantastic build quality and great value for money not worth the price,5,1
MOCK_006766,this product is a scam nothing works as advertised very disappointing,2,0
MOCK_006767,returned it immediately total garbage a solid choice,1,0
MOCK_006768,worst purchase ever falls apart after minimal use highly recommended,2,0
MOCK_006769,misleading product photos looks nothing like what arrived would buy again,1,0
MOCK_006770,terrible product broke after just one week of use very pleased overall,1,0
MOCK_006771,complete waste of money nothing like the description not worth the price,2,0
MOCK_006772,works perfectly highly recommend to everyone very disappointing,4,1
MOCK_006773,exceeded my expectations will definitely buy again a solid choice,5,1
MOCK_006774,awful experience arrived damaged and customer support ignored me highly recommended,2,0
MOCK_006775,fantastic build quality and great value for money would buy again,4,1
MOCK_006776,love this item it has made my life so much easier very pleased overall,4,1
MOCK_006777,returned it immediately total garbage not worth the price,2,0
MOCK_006778,worst purchase ever falls apart after minimal use very disappointing,1,0
MOCK_006779,best purchase i have made in a long time truly impressive a solid choice,5,1
MOCK_006780,terrible product broke after just one week of use highly recommended,1,0
MOCK_006781,complete waste of money nothing like the description would buy again,1,0
MOCK_006782,works perfectly highly recommend to everyone very pleased overall,5,1
MOCK_006783,do not buy this it stopped working immediately not worth the price,1,0
MOCK_006784,outstanding product five stars without hesitation very disappointing,5,1
MOCK_006785,cheap materials and poorly made would not recommend a solid choice,2,0
MOCK_006786,this product is a scam nothing works as advertised highly recommended,1,0
MOCK_006787,perfect fit and exactly as described very satisfied would buy again,5,1
MOCK_006788,incredible product customer service was excellent too very pleased overall,5,1
MOCK_006789,misleading product photos looks nothing like what arrived not worth the price,2,0
MOCK_006790,terrible product broke after just one week of use very disappointing,1,0
MOCK_006791,great quality and fast shipping very happy with this purchase a solid choice,4,1
MOCK_006792,very disappointed the quality is extremely poor highly recommended,2,0
MOCK_006793,exceeded my expectations will definitely buy again would buy again,5,1
MOCK_006794,awful experience arrived damaged and customer support ignored me very pleased overall,2,0
MOCK_006795,cheap materials and poorly made would not recommend not worth the price,2,0
MOCK_006796,love this item it has made my life so much easier very disappointing,5,1
MOCK_006797,perfect fit and exactly as described very satisfied a solid choice,4,1
MOCK_006798,worst purchase ever falls apart after minimal use highly recommended,2,0
MOCK_006799,best purchase i have made in a long time truly impressive would buy again,4,1
MOCK_006800,terrible product broke after just one week of use very pleased overall,1,0
MOCK_006801,complete waste of money nothing like the description not worth the price,2,0
MOCK_006802,very disappointed the quality is extremely poor very disappointing,1,0
MOCK_006803,exceeded my expectations will definitely buy again a solid choice,4,1
MOCK_006804,awful experience arrived damaged and customer support ignored me highly recommended,2,0
MOCK_006805,cheap materials and poorly made would not recommend would buy again,2,0
MOCK_006806,love this item it has made my life so much easier very pleased overall,5,1
MOCK_006807,returned it immediately total garbage not worth the price,2,0
MOCK_006808,incredible product customer service was excellent too very disappointing,4,1
MOCK_006809,best purchase i have made in a long time truly impressive a solid choice,5,1
MOCK_006810,this product is absolutely amazing exactly what i needed highly recommended,4,1
MOCK_006811,great quality and fast shipping very happy with this purchase would buy again,4,1
MOCK_006812,very disappointed the quality is extremely poor very pleased overall,1,0
MOCK_006813,do not buy this it stopped working immediately not worth the price,1,0
MOCK_006814,outstanding product five stars without hesitation very disappointing,5,1
MOCK_006815,cheap materials and poorly made would not recommend a solid choice,1,0
MOCK_006816,love this item it has made my life so much easier highly recommended,5,1
MOCK_006817,perfect fit and exactly as described very satisfied would buy again,4,1
MOCK_006818,worst purchase ever falls apart after minimal use very pleased overall,1,0
MOCK_006819,misleading product photos looks nothing like what arrived not worth the price,2,0
MOCK_006820,terrible product broke after just one week of use very disappointing,2,0
MOCK_006821,great quality and fast shipping very happy with this purchase a solid choice,5,1
MOCK_006822,very disappointed the quality is extremely poor highly recommended,1,0
MOCK_006823,do not buy this it stopped working immediately would buy again,1,0
MOCK_006824,outstanding product five stars without hesitation very pleased overall,5,1
MOCK_006825,cheap materials and poorly made would not recommend not worth the price,2,0
MOCK_006826,love this item it has made my life so much easier very disappointing,4,1
MOCK_006827,perfect fit and exactly as described very satisfied a solid choice,5,1
MOCK_006828,incredible product customer service was excellent too highly recommended,5,1
MOCK_006829,misleading product photos looks nothing like what arrived would buy again,2,0
MOCK_006830,this product is absolutely amazing exactly what i needed very pleased overall,4,1
MOCK_006831,great quality and fast shipping very happy with this purchase not worth the price,5,1
MOCK_006832,very disappointed the quality is extremely poor very disappointing,1,0
MOCK_006833,exceeded my expectations will definitely buy again a solid choice,5,1
MOCK_006834,awful experience arrived damaged and customer support ignored me highly recommended,1,0
MOCK_006835,fantastic build quality and great value for money would buy again,4,1
MOCK_006836,this product is a scam nothing works as advertised very pleased overall,1,0
MOCK_006837,returned it immediately total garbage not worth the price,2,0
MOCK_006838,worst purchase ever falls apart after minimal use very disappointing,2,0
MOCK_006839,best purchase i have made in a long time truly impressive a solid choice,5,1
MOCK_006840,this product is absolutely amazing exactly what i needed highly recommended,5,1
MOCK_006841,great quality and fast shipping very happy with this purchase would buy again,5,1
MOCK_006842,very disappointed the quality is extremely poor very pleased overall,2,0
MOCK_006843,do not buy this it stopped working immediately not worth the price,1,0
MOCK_006844,awful experience arrived damaged and customer support ignored me very disappointing,2,0
MOCK_006845,fantastic build quality and great value for money a solid choice,4,1
MOCK_006846,love this item it has made my life so much easier highly recommended,4,1
MOCK_006847,returned it immediately total garbage would buy again,1,0
MOCK_006848,incredible product customer service was excellent too very pleased overall,4,1
MOCK_006849,misleading product photos looks nothing like what arrived not worth the price,2,0
MOCK_006850,terrible product broke after just one week of use very disappointing,2,0
MOCK_006851,great quality and fast shipping very happy with this purchase a solid choice,4,1
MOCK_006852,works perfectly highly recommend to everyone highly recommended,5,1
MOCK_006853,do not buy this it stopped working immediately would buy again,1,0
MOCK_006854,awful experience arrived damaged and customer support ignored me very pleased overall,1,0
MOCK_006855,cheap materials and poorly made would not recommend not worth the price,1,0
MOCK_006856,love this item it has made my life so much easier very disappointing,4,1
MOCK_006857,returned it immediately total garbage a solid choice,1,0
MOCK_006858,incredible product customer service was excellent too highly recommended,4,1
MOCK_006859,misleading product photos looks nothing like what arrived would buy again,1,0
MOCK_006860,terrible product broke after just one week of use very pleased overall,1,0
MOCK_006861,great quality and fast shipping very happy with this purchase not worth the price,5,1
MOCK_006862,very disappointed the quality is extremely poor very disappointing,1,0
MOCK_006863,do not buy this it stopped working immediately a solid choice,1,0
MOCK_006864,awful experience arrived damaged and customer support ignored me highly recommended,2,0
MOCK_006865,cheap materials and poorly made would not recommend would buy again,1,0
MOCK_006866,this product is a scam nothing works as advertised very pleased overall,2,0
MOCK_006867,perfect fit and exactly as described very satisfied not worth the price,4,1
MOCK_006868,worst purchase ever falls apart after minimal use very disappointing,2,0
MOCK_006869,best purchase i have made in a long time truly impressive a solid choice,5,1
MOCK_006870,this product is absolutely amazing exactly what i needed highly recommended,5,1
MOCK_006871,complete waste of money nothing like the description would buy again,2,0
MOCK_006872,very disappointed the quality is extremely poor very pleased overall,1,0
MOCK_006873,do not buy this it stopped working immediately not worth the price,1,0
MOCK_006874,awful experience arrived damaged and customer support ignored me very disappointing,1,0
MOCK_006875,cheap materials and poorly made would not recommend a solid choice,2,0
MOCK_006876,love this item it has made my life so much easier highly recommended,4,1
MOCK_006877,perfect fit and exactly as described very satisfied would buy again,4,1
MOCK_006878,incredible product customer service was excellent too very pleased overall,5,1
MOCK_006879,best purchase i have made in a long time truly impressive not worth the price,4,1
MOCK_006880,this product is absolutely amazing exactly what i needed very disappointing,4,1
MOCK_006881,great quality and fast shipping very happy with this purchase a solid choice,5,1
MOCK_006882,very disappointed the quality is extremely poor highly recommended,1,0
MOCK_006883,do not buy this it stopped working immediately would buy again,2,0
MOCK_006884,outstanding product five stars without hesitation very pleased overall,5,1
MOCK_006885,fantastic build quality and great value for money not worth the price,5,1
MOCK_006886,love this item it has made my life so much easier very disappointing,4,1
MOCK_006887,perfect fit and exactly as described very satisfied a solid choice,4,1
MOCK_006888,incredible product customer service was excellent too highly recommended,5,1
MOCK_006889,misleading product photos looks nothing like what arrived would buy again,2,0
MOCK_006890,terrible product broke after just one week of use very pleased overall,2,0
MOCK_006891,complete waste of money nothing like the description not worth the price,1,0
MOCK_006892,works perfectly highly recommend to everyone very disappointing,4,1
MOCK_006893,exceeded my expectations will definitely buy again a solid choice,4,1
MOCK_006894,awful experience arrived damaged and customer support ignored me highly recommended,1,0
MOCK_006895,cheap materials and poorly made would not recommend would buy again,1,0
MOCK_006896,love this item it has made my life so much easier very pleased overall,5,1
MOCK_006897,perfect fit and exactly as described very satisfied not worth the price,4,1
MOCK_006898,incredible product customer service was excellent too very disappointing,5,1
MOCK_006899,best purchase i have made in a long time truly impressive a solid choice,5,1
MOCK_006900,terrible product broke after just one week of use highly recommended,1,0
MOCK_006901,great quality and fast shipping very happy with this purchase would buy again,5,1
MOCK_006902,works perfectly highly recommend to everyone very pleased overall,5,1
MOCK_006903,exceeded my expectations will definitely buy again not worth the price,4,1
MOCK_006904,awful experience arrived damaged and customer support ignored me very disappointing,1,0
MOCK_006905,fantastic build quality and great value for money a solid choice,5,1
MOCK_006906,this product is a scam nothing works as advertised highly recommended,2,0
MOCK_006907,perfect fit and exactly as described very satisfied would buy again,5,1
MOCK_006908,incredible product customer service was excellent too very pleased overall,5,1
MOCK_006909,best purchase i have made in a long time truly impressive not worth the price,4,1
MOCK_006910,terrible product broke after just one week of use very disappointing,2,0
MOCK_006911,complete waste of money nothing like the description a solid choice,2,0
MOCK_006912,works perfectly highly recommend to everyone highly recommended,5,1
MOCK_006913,do not buy this it stopped working immediately would buy again,2,0
MOCK_006914,awful experience arrived damaged and customer support ignored me very pleased overall,2,0
MOCK_006915,fantastic build quality and great value for money not worth the price,5,1
MOCK_006916,love this item it has made my life so much easier very disappointing,4,1
MOCK_006917,returned it immediately total garbage a solid choice,2,0
MOCK_006918,worst purchase ever falls apart after minimal use highly recommended,1,0
MOCK_006919,best purchase i have made in a long time truly impressive would buy again,5,1
MOCK_006920,this product is absolutely amazing exactly what i needed very pleased overall,5,1
MOCK_006921,complete waste of money nothing like the description not worth the price,2,0
MOCK_006922,works perfectly highly recommend to everyone very disappointing,4,1
MOCK_006923,do not buy this it stopped working immediately a solid choice,2,0
MOCK_006924,outstanding product five stars without hesitation highly recommended,4,1
MOCK_006925,cheap materials and poorly made would not recommend would buy again,1,0
MOCK_006926,this product is a scam nothing works as advertised very pleased overall,1,0
MOCK_006927,perfect fit and exactly as described very satisfied not worth the price,5,1
MOCK_006928,worst purchase ever falls apart after minimal use very disappointing,1,0
MOCK_006929,misleading product photos looks nothing like what arrived a solid choice,2,0
MOCK_006930,this product is absolutely amazing exactly what i needed highly recommended,4,1
MOCK_006931,complete waste of money nothing like the description would buy again,2,0
MOCK_006932,works perfectly highly recommend to everyone very pleased overall,5,1
MOCK_006933,do not buy this it stopped working immediately not worth the price,2,0
MOCK_006934,outstanding product five stars without hesitation very disappointing,5,1
MOCK_006935,cheap materials and poorly made would not recommend a solid choice,2,0
MOCK_006936,this product is a scam nothing works as advertised highly recommended,2,0
MOCK_006937,perfect fit and exactly as described very satisfied would buy again,5,1
MOCK_006938,incredible product customer service was excellent too very pleased overall,4,1
MOCK_006939,best purchase i have made in a long time truly impressive not worth the price,4,1
MOCK_006940,terrible product broke after just one week of use very disappointing,2,0
MOCK_006941,great quality and fast shipping very happy with this purchase a solid choice,4,1
MOCK_006942,works perfectly highly recommend to everyone highly recommended,5,1
MOCK_006943,do not buy this it stopped working immediately would buy again,2,0
MOCK_006944,outstanding product five stars without hesitation very pleased overall,4,1
MOCK_006945,fantastic build quality and great value for money not worth the price,5,1
MOCK_006946,love this item it has made my life so much easier very disappointing,5,1
MOCK_006947,perfect fit and exactly as described very satisfied a solid choice,5,1
MOCK_006948,incredible product customer service was excellent too highly recommended,5,1
MOCK_006949,best purchase i have made in a long time truly impressive would buy again,5,1
MOCK_006950,this product is absolutely amazing exactly what i needed very pleased overall,5,1
MOCK_006951,great quality and fast shipping very happy with this purchase not worth the price,5,1
MOCK_006952,very disappointed the quality is extremely poor very disappointing,1,0
MOCK_006953,exceeded my expectations will definitely buy again a solid choice,5,1
MOCK_006954,awful experience arrived damaged and customer support ignored me highly recommended,2,0
MOCK_006955,cheap materials and poorly made would not recommend would buy again,1,0
MOCK_006956,this product is a scam nothing works as advertised very pleased overall,1,0
MOCK_006957,perfect fit and exactly as described very satisfied not worth the price,5,1
MOCK_006958,worst purchase ever falls apart after minimal use very disappointing,1,0
MOCK_006959,misleading product photos looks nothing like what arrived a solid choice,2,0
MOCK_006960,terrible product broke after just one week of use highly recommended,1,0
MOCK_006961,complete waste of money nothing like the description would buy again,1,0
MOCK_006962,works perfectly highly recommend to everyone very pleased overall,5,1
MOCK_006963,do not buy this it stopped working immediately not worth the price,1,0
MOCK_006964,outstanding product five stars without hesitation very disappointing,4,1
MOCK_006965,fantastic build quality and great value for money a solid choice,5,1
MOCK_006966,this product is a scam nothing works as advertised highly recommended,2,0
MOCK_006967,perfect fit and exactly as described very satisfied would buy again,4,1
MOCK_006968,incredible product customer service was excellent too very pleased overall,5,1
MOCK_006969,best purchase i have made in a long time truly impressive not worth the price,5,1
MOCK_006970,this product is absolutely amazing exactly what i needed very disappointing,5,1
MOCK_006971,great quality and fast shipping very happy with this purchase a solid choice,4,1
MOCK_006972,works perfectly highly recommend to everyone highly recommended,4,1
MOCK_006973,exceeded my expectations will definitely buy again would buy again,5,1
MOCK_006974,awful experience arrived damaged and customer support ignored me very pleased overall,2,0
MOCK_006975,fantastic build quality and great value for money not worth the price,4,1
MOCK_006976,love this item it has made my life so much easier very disappointing,5,1
MOCK_006977,perfect fit and exactly as described very satisfied a solid choice,4,1
MOCK_006978,incredible product customer service was excellent too highly recommended,5,1
MOCK_006979,misleading product photos looks nothing like what arrived would buy again,2,0
MOCK_006980,this product is absolutely amazing exactly what i needed very pleased overall,5,1
MOCK_006981,complete waste of money nothing like the description not worth the price,2,0
MOCK_006982,works perfectly highly recommend to everyone very disappointing,4,1
MOCK_006983,do not buy this it stopped working immediately a solid choice,2,0
MOCK_006984,outstanding product five stars without hesitation highly recommended,4,1
MOCK_006985,fantastic build quality and great value for money would buy again,5,1
MOCK_006986,this product is a scam nothing works as advertised very pleased overall,2,0
MOCK_006987,perfect fit and exactly as described very satisfied not worth the price,4,1
MOCK_006988,worst purchase ever falls apart after minimal use very disappointing,1,0
MOCK_006989,best purchase i have made in a long time truly impressive a solid choice,4,1
MOCK_006990,this product is absolutely amazing exactly what i needed highly recommended,4,1
MOCK_006991,complete waste of money nothing like the description would buy again,1,0
MOCK_006992,works perfectly highly recommend to everyone very pleased overall,5,1
MOCK_006993,do not buy this it stopped working immediately not worth the price,2,0
MOCK_006994,outstanding product five stars without hesitation very disappointing,5,1
MOCK_006995,cheap materials and poorly made would not recommend a solid choice,2,0
MOCK_006996,love this item it has made my life so much easier highly recommended,5,1
MOCK_006997,perfect fit and exactly as described very satisfied would buy again,4,1
MOCK_006998,incredible product customer service was excellent too very pleased overall,5,1
MOCK_006999,best purchase i have made in a long time truly impressive not worth the price,5,1
MOCK_007000,terrible product broke after just one week of use very disappointing,2,0
MOCK_007001,complete waste of money nothing like the description a solid choice,2,0
MOCK_007002,works perfectly highly recommend to everyone highly recommended,5,1
MOCK_007003,do not buy this it stopped working immediately would buy again,2,0
MOCK_007004,awful experience arrived damaged and customer support ignored me very pleased overall,2,0
MOCK_007005,fantastic build quality and great value for money not worth the price,4,1
MOCK_007006,love this item it has made my life so much easier very disappointing,5,1
MOCK_007007,returned it immediately total garbage a solid choice,1,0
MOCK_007008,worst purchase ever falls apart after minimal use highly recommended,1,0
MOCK_007009,best purchase i have made in a long time truly impressive would buy again,5,1
MOCK_007010,this product is absolutely amazing exactly what i needed very pleased overall,4,1
MOCK_007011,great quality and fast shipping very happy with this purchase not worth the price,5,1
MOCK_007012,works perfectly highly recommend to everyone very disappointing,4,1
MOCK_007013,do not buy this it stopped working immediately a solid choice,2,0
MOCK_007014,outstanding product five stars without hesitation highly recommended,4,1
MOCK_007015,fantastic build quality and great value for money would buy again,5,1
MOCK_007016,love this item it has made my life so much easier very pleased overall,4,1
MOCK_007017,perfect fit and exactly as described very satisfied not worth the price,4,1
MOCK_007018,incredible product customer service was excellent too very disappointing,4,1
MOCK_007019,misleading product photos looks nothing like what arrived a solid choice,2,0
MOCK_007020,this product is absolutely amazing exactly what i needed highly recommended,5,1
MOCK_007021,great quality and fast shipping very happy with this purchase would buy again,5,1
MOCK_007022,works perfectly highly recommend to everyone very pleased overall,4,1
MOCK_007023,exceeded my expectations will definitely buy again not worth the price,4,1
MOCK_007024,outstanding product five stars without hesitation very disappointing,4,1
MOCK_007025,cheap materials and poorly made would not recommend a solid choice,2,0
MOCK_007026,this product is a scam nothing works as advertised highly recommended,2,0
MOCK_007027,returned it immediately total garbage would buy again,1,0
MOCK_007028,incredible product customer service was excellent too very pleased overall,5,1
MOCK_007029,best purchase i have made in a long time truly impressive not worth the price,5,1
MOCK_007030,this product is absolutely amazing exactly what i needed very disappointing,4,1
MOCK_007031,great quality and fast shipping very happy with this purchase a solid choice,4,1
MOCK_007032,very disappointed the quality is extremely poor highly recommended,1,0
MOCK_007033,do not buy this it stopped working immediately would buy again,1,0
MOCK_007034,outstanding product five stars without hesitation very pleased overall,4,1
MOCK_007035,fantastic build quality and great value for money not worth the price,5,1
MOCK_007036,this product is a scam nothing works as advertised very disappointing,1,0
MOCK_007037,perfect fit and exactly as described very satisfied a solid choice,5,1
MOCK_007038,worst purchase ever falls apart after minimal use highly recommended,2,0
MOCK_007039,misleading product photos looks nothing like what arrived would buy again,2,0
MOCK_007040,terrible product broke after just one week of use very pleased overall,2,0
MOCK_007041,complete waste of money nothing like the description not worth the price,1,0
MOCK_007042,very disappointed the quality is extremely poor very disappointing,1,0
MOCK_007043,do not buy this it stopped working immediately a solid choice,1,0
MOCK_007044,awful experience arrived damaged and customer support ignored me highly recommended,2,0
MOCK_007045,fantastic build quality and great value for money would buy again,5,1
MOCK_007046,this product is a scam nothing works as advertised very pleased overall,1,0
MOCK_007047,returned it immediately total garbage not worth the price,1,0
MOCK_007048,worst purchase ever falls apart after minimal use very disappointing,2,0
MOCK_007049,misleading product photos looks nothing like what arrived a solid choice,1,0
MOCK_007050,this product is absolutely amazing exactly what i needed highly recommended,5,1
MOCK_007051,complete waste of money nothing like the description would buy again,1,0
MOCK_007052,works perfectly highly recommend to everyone very pleased overall,4,1
MOCK_007053,exceeded my expectations will definitely buy again not worth the price,4,1
MOCK_007054,awful experience arrived damaged and customer support ignored me very disappointing,1,0
MOCK_007055,cheap materials and poorly made would not recommend a solid choice,1,0
MOCK_007056,this product is a scam nothing works as advertised highly recommended,2,0
MOCK_007057,perfect fit and exactly as described very satisfied would buy again,4,1
MOCK_007058,incredible product customer service was excellent too very pleased overall,5,1
MOCK_007059,misleading product photos looks nothing like what arrived not worth the price,1,0
MOCK_007060,terrible product broke after just one week of use very disappointing,1,0
MOCK_007061,great quality and fast shipping very happy with this purchase a solid choice,4,1
MOCK_007062,very disappointed the quality is extremely poor highly recommended,1,0
MOCK_007063,do not buy this it stopped working immediately would buy again,1,0
MOCK_007064,awful experience arrived damaged and customer support ignored me very pleased overall,1,0
MOCK_007065,cheap materials and poorly made would not recommend not worth the price,2,0
MOCK_007066,love this item it has made my life so much easier very disappointing,5,1
MOCK_007067,perfect fit and exactly as described very satisfied a solid choice,5,1
MOCK_007068,worst purchase ever falls apart after minimal use highly recommended,1,0
MOCK_007069,misleading product photos looks nothing like what arrived would buy again,2,0
MOCK_007070,terrible product broke after just one week of use very pleased overall,2,0
MOCK_007071,great quality and fast shipping very happy with this purchase not worth the price,4,1
MOCK_007072,works perfectly highly recommend to everyone very disappointing,4,1
MOCK_007073,do not buy this it stopped working immediately a solid choice,2,0
MOCK_007074,awful experience arrived damaged and customer support ignored me highly recommended,2,0
MOCK_007075,cheap materials and poorly made would not recommend would buy again,1,0
MOCK_007076,love this item it has made my life so much easier very pleased overall,4,1
MOCK_007077,returned it immediately total garbage not worth the price,2,0
MOCK_007078,worst purchase ever falls apart after minimal use very disappointing,1,0
MOCK_007079,misleading product photos looks nothing like what arrived a solid choice,2,0
MOCK_007080,this product is absolutely amazing exactly what i needed highly recommended,5,1
MOCK_007081,complete waste of money nothing like the description would buy again,2,0
MOCK_007082,very disappointed the quality is extremely poor very pleased overall,2,0
MOCK_007083,exceeded my expectations will definitely buy again not worth the price,4,1
MOCK_007084,outstanding product five stars without hesitation very disappointing,5,1
MOCK_007085,fantastic build quality and great value for money a solid choice,5,1
MOCK_007086,this product is a scam nothing works as advertised highly recommended,2,0
MOCK_007087,returned it immediately total garbage would buy again,1,0
MOCK_007088,worst purchase ever falls apart after minimal use very pleased overall,1,0
MOCK_007089,best purchase i have made in a long time truly impressive not worth the price,4,1
MOCK_007090,terrible product broke after just one week of use very disappointing,1,0
MOCK_007091,great quality and fast shipping very happy with this purchase a solid choice,5,1
MOCK_007092,works perfectly highly recommend to everyone highly recommended,5,1
MOCK_007093,do not buy this it stopped working immediately would buy again,2,0
MOCK_007094,outstanding product five stars without hesitation very pleased overall,5,1
MOCK_007095,cheap materials and poorly made would not recommend not worth the price,1,0
MOCK_007096,love this item it has made my life so much easier very disappointing,4,1
MOCK_007097,returned it immediately total garbage a solid choice,1,0
MOCK_007098,worst purchase ever falls apart after minimal use highly recommended,1,0
MOCK_007099,best purchase i have made in a long time truly impressive would buy again,4,1
MOCK_007100,this product is absolutely amazing exactly what i needed very pleased overall,4,1
MOCK_007101,great quality and fast shipping very happy with this purchase not worth the price,4,1
MOCK_007102,works perfectly highly recommend to everyone very disappointing,5,1
MOCK_007103,exceeded my expectations will definitely buy again a solid choice,4,1
MOCK_007104,outstanding product five stars without hesitation highly recommended,4,1
MOCK_007105,cheap materials and poorly made would not recommend would buy again,1,0
MOCK_007106,love this item it has made my life so much easier very pleased overall,5,1
MOCK_007107,perfect fit and exactly as described very satisfied not worth the price,5,1
MOCK_007108,worst purchase ever falls apart after minimal use very disappointing,1,0
MOCK_007109,misleading product photos looks nothing like what arrived a solid choice,1,0
MOCK_007110,this product is absolutely amazing exactly what i needed highly recommended,5,1
MOCK_007111,great quality and fast shipping very happy with this purchase would buy again,5,1
MOCK_007112,works perfectly highly recommend to everyone very pleased overall,5,1
MOCK_007113,do not buy this it stopped working immediately not worth the price,2,0
MOCK_007114,outstanding product five stars without hesitation very disappointing,5,1
MOCK_007115,fantastic build quality and great value for money a solid choice,5,1
MOCK_007116,love this item it has made my life so much easier highly recommended,4,1
MOCK_007117,returned it immediately total garbage would buy again,2,0
MOCK_007118,incredible product customer service was excellent too very pleased overall,4,1
MOCK_007119,misleading product photos looks nothing like what arrived not worth the price,2,0
MOCK_007120,this product is absolutely amazing exactly what i needed very disappointing,4,1
MOCK_007121,great quality and fast shipping very happy with this purchase a solid choice,4,1
MOCK_007122,very disappointed the quality is extremely poor highly recommended,2,0
MOCK_007123,exceeded my expectations will definitely buy again would buy again,5,1
MOCK_007124,awful experience arrived damaged and customer support ignored me very pleased overall,1,0
MOCK_007125,fantastic build quality and great value for money not worth the price,5,1
MOCK_007126,love this item it has made my life so much easier very disappointing,4,1
MOCK_007127,perfect fit and exactly as described very satisfied a solid choice,4,1
MOCK_007128,incredible product customer service was excellent too highly recommended,5,1
MOCK_007129,misleading product photos looks nothing like what arrived would buy again,1,0
MOCK_007130,this product is absolutely amazing exactly what i needed very pleased overall,4,1
MOCK_007131,complete waste of money nothing like the description not worth the price,2,0
MOCK_007132,works perfectly highly recommend to everyone very disappointing,4,1
MOCK_007133,exceeded my expectations will definitely buy again a solid choice,4,1
MOCK_007134,awful experience arrived damaged and customer support ignored me highly recommended,1,0
MOCK_007135,cheap materials and poorly made would not recommend would buy again,2,0
MOCK_007136,love this item it has made my life so much easier very pleased overall,4,1
MOCK_007137,returned it immediately total garbage not worth the price,1,0
MOCK_007138,worst purchase ever falls apart after minimal use very disappointing,2,0
MOCK_007139,best purchase i have made in a long time truly impressive a solid choice,4,1
MOCK_007140,this product is absolutely amazing exactly what i needed highly recommended,4,1
MOCK_007141,complete waste of money nothing like the description would buy again,2,0
MOCK_007142,very disappointed the quality is extremely poor very pleased overall,2,0
MOCK_007143,do not buy this it stopped working immediately not worth the price,1,0
MOCK_007144,outstanding product five stars without hesitation very disappointing,5,1
MOCK_007145,fantastic build quality and great value for money a solid choice,5,1
MOCK_007146,this product is a scam nothing works as advertised highly recommended,1,0
MOCK_007147,returned it immediately total garbage would buy again,2,0
MOCK_007148,worst purchase ever falls apart after minimal use very pleased overall,2,0
MOCK_007149,misleading product photos looks nothing like what arrived not worth the price,2,0
MOCK_007150,terrible product broke after just one week of use very disappointing,2,0
MOCK_007151,complete waste of money nothing like the description a solid choice,2,0
MOCK_007152,very disappointed the quality is extremely poor highly recommended,2,0
MOCK_007153,exceeded my expectations will definitely buy again would buy again,5,1
MOCK_007154,outstanding product five stars without hesitation very pleased overall,5,1
MOCK_007155,cheap materials and poorly made would not recommend not worth the price,2,0
MOCK_007156,this product is a scam nothing works as advertised very disappointing,2,0
MOCK_007157,perfect fit and exactly as described very satisfied a solid choice,5,1
MOCK_007158,worst purchase ever falls apart after minimal use highly recommended,1,0
MOCK_007159,misleading product photos looks nothing like what arrived would buy again,1,0
MOCK_007160,this product is absolutely amazing exactly what i needed very pleased overall,5,1
MOCK_007161,complete waste of money nothing like the description not worth the price,1,0
MOCK_007162,very disappointed the quality is extremely poor very disappointing,2,0
MOCK_007163,do not buy this it stopped working immediately a solid choice,2,0
MOCK_007164,awful experience arrived damaged and customer support ignored me highly recommended,2,0
MOCK_007165,cheap materials and poorly made would not recommend would buy again,1,0
MOCK_007166,this product is a scam nothing works as advertised very pleased overall,2,0
MOCK_007167,perfect fit and exactly as described very satisfied not worth the price,4,1
MOCK_007168,worst purchase ever falls apart after minimal use very disappointing,2,0
MOCK_007169,misleading product photos looks nothing like what arrived a solid choice,1,0
MOCK_007170,terrible product broke after just one week of use highly recommended,2,0
MOCK_007171,complete waste of money nothing like the description would buy again,2,0
MOCK_007172,very disappointed the quality is extremely poor very pleased overall,2,0
MOCK_007173,do not buy this it stopped working immediately not worth the price,2,0
MOCK_007174,outstanding product five stars without hesitation very disappointing,4,1
MOCK_007175,cheap materials and poorly made would not recommend a solid choice,1,0
MOCK_007176,this product is a scam nothing works as advertised highly recommended,1,0
MOCK_007177,perfect fit and exactly as described very satisfied would buy again,5,1
MOCK_007178,incredible product customer service was excellent too very pleased overall,5,1
MOCK_007179,best purchase i have made in a long time truly impressive not worth the price,4,1
MOCK_007180,terrible product broke after just one week of use very disappointing,1,0
MOCK_007181,great quality and fast shipping very happy with this purchase a solid choice,4,1
MOCK_007182,very disappointed the quality is extremely poor highly recommended,2,0
MOCK_007183,do not buy this it stopped working immediately would buy again,1,0
MOCK_007184,awful experience arrived damaged and customer support ignored me very pleased overall,1,0
MOCK_007185,cheap materials and poorly made would not recommend not worth the price,1,0
MOCK_007186,love this item it has made my life so much easier very disappointing,4,1
MOCK_007187,perfect fit and exactly as described very satisfied a solid choice,4,1
MOCK_007188,worst purchase ever falls apart after minimal use highly recommended,1,0
MOCK_007189,best purchase i have made in a long time truly impressive would buy again,5,1
MOCK_007190,terrible product broke after just one week of use very pleased overall,2,0
MOCK_007191,complete waste of money nothing like the description not worth the price,1,0
MOCK_007192,works perfectly highly recommend to everyone very disappointing,5,1
MOCK_007193,do not buy this it stopped working immediately a solid choice,1,0
MOCK_007194,awful experience arrived damaged and customer support ignored me highly recommended,2,0
MOCK_007195,cheap materials and poorly made would not recommend would buy again,2,0
MOCK_007196,love this item it has made my life so much easier very pleased overall,4,1
MOCK_007197,returned it immediately total garbage not worth the price,2,0
MOCK_007198,worst purchase ever falls apart after minimal use very disappointing,2,0
MOCK_007199,best purchase i have made in a long time truly impressive a solid choice,5,1
MOCK_007200,terrible product broke after just one week of use highly recommended,1,0
MOCK_007201,complete waste of money nothing like the description would buy again,1,0
MOCK_007202,works perfectly highly recommend to everyone very pleased overall,4,1
MOCK_007203,exceeded my expectations will definitely buy again not worth the price,5,1
MOCK_007204,outstanding product five stars without hesitation very disappointing,5,1
MOCK_007205,fantastic build quality and great value for money a solid choice,4,1
MOCK_007206,love this item it has made my life so much easier highly recommended,5,1
MOCK_007207,returned it immediately total garbage would buy again,1,0
MOCK_007208,incredible product customer service was excellent too very pleased overall,4,1
MOCK_007209,misleading product photos looks nothing like what arrived not worth the price,2,0
MOCK_007210,this product is absolutely amazing exactly what i needed very disappointing,5,1
MOCK_007211,great quality and fast shipping very happy with this purchase a solid choice,5,1
MOCK_007212,works perfectly highly recommend to everyone highly recommended,5,1
MOCK_007213,exceeded my expectations will definitely buy again would buy again,5,1
MOCK_007214,outstanding product five stars without hesitation very pleased overall,5,1
MOCK_007215,fantastic build quality and great value for money not worth the price,4,1
MOCK_007216,love this item it has made my life so much easier very disappointing,5,1
MOCK_007217,perfect fit and exactly as described very satisfied a solid choice,5,1
MOCK_007218,incredible product customer service was excellent too highly recommended,4,1
MOCK_007219,misleading product photos looks nothing like what arrived would buy again,1,0
MOCK_007220,terrible product broke after just one week of use very pleased overall,1,0
MOCK_007221,complete waste of money nothing like the description not worth the price,1,0
MOCK_007222,very disappointed the quality is extremely poor very disappointing,2,0
MOCK_007223,exceeded my expectations will definitely buy again a solid choice,4,1
MOCK_007224,outstanding product five stars without hesitation highly recommended,5,1
MOCK_007225,fantastic build quality and great value for money would buy again,4,1
MOCK_007226,love this item it has made my life so much easier very pleased overall,4,1
MOCK_007227,returned it immediately total garbage not worth the price,1,0
MOCK_007228,incredible product customer service was excellent too very disappointing,4,1
MOCK_007229,best purchase i have made in a long time truly impressive a solid choice,5,1
MOCK_007230,this product is absolutely amazing exactly what i needed highly recommended,4,1
MOCK_007231,complete waste of money nothing like the description would buy again,1,0
MOCK_007232,works perfectly highly recommend to everyone very pleased overall,4,1
MOCK_007233,exceeded my expectations will definitely buy again not worth the price,4,1
MOCK_007234,outstanding product five stars without hesitation very disappointing,5,1
MOCK_007235,fantastic build quality and great value for money a solid choice,5,1
MOCK_007236,love this item it has made my life so much easier highly recommended,4,1
MOCK_007237,perfect fit and exactly as described very satisfied would buy again,5,1
MOCK_007238,incredible product customer service was excellent too very pleased overall,4,1
MOCK_007239,misleading product photos looks nothing like what arrived not worth the price,2,0
MOCK_007240,this product is absolutely amazing exactly what i needed very disappointing,5,1
MOCK_007241,complete waste of money nothing like the description a solid choice,1,0
MOCK_007242,very disappointed the quality is extremely poor highly recommended,2,0
MOCK_007243,exceeded my expectations will definitely buy again would buy again,5,1
MOCK_007244,awful experience arrived damaged and customer support ignored me very pleased overall,1,0
MOCK_007245,fantastic build quality and great value for money not worth the price,5,1
MOCK_007246,this product is a scam nothing works as advertised very disappointing,2,0
MOCK_007247,returned it immediately total garbage a solid choice,1,0
MOCK_007248,incredible product customer service was excellent too highly recommended,5,1
MOCK_007249,best purchase i have made in a long time truly impressive would buy again,5,1
MOCK_007250,this product is absolutely amazing exactly what i needed very pleased overall,5,1
MOCK_007251,great quality and fast shipping very happy with this purchase not worth the price,5,1
MOCK_007252,very disappointed the quality is extremely poor very disappointing,2,0
MOCK_007253,do not buy this it stopped working immediately a solid choice,2,0
MOCK_007254,outstanding product five stars without hesitation highly recommended,5,1
MOCK_007255,fantastic build quality and great value for money would buy again,4,1
MOCK_007256,this product is a scam nothing works as advertised very pleased overall,1,0
MOCK_007257,returned it immediately total garbage not worth the price,2,0
MOCK_007258,incredible product customer service was excellent too very disappointing,5,1
MOCK_007259,misleading product photos looks nothing like what arrived a solid choice,1,0
MOCK_007260,this product is absolutely amazing exactly what i needed highly recommended,5,1
MOCK_007261,complete waste of money nothing like the description would buy again,2,0
MOCK_007262,works perfectly highly recommend to everyone very pleased overall,5,1
MOCK_007263,do not buy this it stopped working immediately not worth the price,1,0
MOCK_007264,outstanding product five stars without hesitation very disappointing,5,1
MOCK_007265,cheap materials and poorly made would not recommend a solid choice,1,0
MOCK_007266,love this item it has made my life so much easier highly recommended,4,1
MOCK_007267,returned it immediately total garbage would buy again,2,0
MOCK_007268,worst purchase ever falls apart after minimal use very pleased overall,2,0
MOCK_007269,best purchase i have made in a long time truly impressive not worth the price,4,1
MOCK_007270,terrible product broke after just one week of use very disappointing,2,0
MOCK_007271,great quality and fast shipping very happy with this purchase a solid choice,5,1
MOCK_007272,very disappointed the quality is extremely poor highly recommended,1,0
MOCK_007273,exceeded my expectations will definitely buy again would buy again,4,1
MOCK_007274,outstanding product five stars without hesitation very pleased overall,5,1
MOCK_007275,cheap materials and poorly made would not recommend not worth the price,2,0
MOCK_007276,this product is a scam nothing works as advertised very disappointing,1,0
MOCK_007277,returned it immediately total garbage a solid choice,2,0
MOCK_007278,incredible product customer service was excellent too highly recommended,5,1
MOCK_007279,misleading product photos looks nothing like what arrived would buy again,2,0
MOCK_007280,terrible product broke after just one week of use very pleased overall,2,0
MOCK_007281,complete waste of money nothing like the description not worth the price,1,0
MOCK_007282,works perfectly highly recommend to everyone very disappointing,4,1
MOCK_007283,exceeded my expectations will definitely buy again a solid choice,4,1
MOCK_007284,awful experience arrived damaged and customer support ignored me highly recommended,2,0
MOCK_007285,cheap materials and poorly made would not recommend would buy again,2,0
MOCK_007286,this product is a scam nothing works as advertised very pleased overall,2,0
MOCK_007287,perfect fit and exactly as described very satisfied not worth the price,4,1
MOCK_007288,worst purchase ever falls apart after minimal use very disappointing,2,0
MOCK_007289,best purchase i have made in a long time truly impressive a solid choice,4,1
MOCK_007290,terrible product broke after just one week of use highly recommended,1,0
MOCK_007291,complete waste of money nothing like the description would buy again,1,0
MOCK_007292,very disappointed the quality is extremely poor very pleased overall,2,0
MOCK_007293,exceeded my expectations will definitely buy again not worth the price,4,1
MOCK_007294,outstanding product five stars without hesitation very disappointing,5,1
MOCK_007295,fantastic build quality and great value for money a solid choice,5,1
MOCK_007296,love this item it has made my life so much easier highly recommended,5,1
MOCK_007297,returned it immediately total garbage would buy again,1,0
MOCK_007298,incredible product customer service was excellent too very pleased overall,5,1
MOCK_007299,misleading product photos looks nothing like what arrived not worth the price,2,0
MOCK_007300,terrible product broke after just one week of use very disappointing,1,0
MOCK_007301,great quality and fast shipping very happy with this purchase a solid choice,5,1
MOCK_007302,very disappointed the quality is extremely poor highly recommended,2,0
MOCK_007303,exceeded my expectations will definitely buy again would buy again,4,1
MOCK_007304,awful experience arrived damaged and customer support ignored me very pleased overall,2,0
MOCK_007305,fantastic build quality and great value for money not worth the price,4,1
MOCK_007306,this product is a scam nothing works as advertised very disappointing,1,0
MOCK_007307,perfect fit and exactly as described very satisfied a solid choice,5,1
MOCK_007308,incredible product customer service was excellent too highly recommended,4,1
MOCK_007309,misleading product photos looks nothing like what arrived would buy again,1,0
MOCK_007310,terrible product broke after just one week of use very pleased overall,1,0
MOCK_007311,great quality and fast shipping very happy with this purchase not worth the price,4,1
MOCK_007312,very disappointed the quality is extremely poor very disappointing,1,0
MOCK_007313,exceeded my expectations will definitely buy again a solid choice,5,1
MOCK_007314,awful experience arrived damaged and customer support ignored me highly recommended,1,0
MOCK_007315,fantastic build quality and great value for money would buy again,4,1
MOCK_007316,love this item it has made my life so much easier very pleased overall,5,1
MOCK_007317,returned it immediately total garbage not worth the price,2,0
MOCK_007318,worst purchase ever falls apart after minimal use very disappointing,1,0
MOCK_007319,best purchase i have made in a long time truly impressive a solid choice,4,1
MOCK_007320,terrible product broke after just one week of use highly recommended,1,0
MOCK_007321,great quality and fast shipping very happy with this purchase would buy again,4,1
MOCK_007322,very disappointed the quality is extremely poor very pleased overall,1,0
MOCK_007323,exceeded my expectations will definitely buy again not worth the price,5,1
MOCK_007324,outstanding product five stars without hesitation very disappointing,5,1
MOCK_007325,fantastic build quality and great value for money a solid choice,4,1
MOCK_007326,this product is a scam nothing works as advertised highly recommended,2,0
MOCK_007327,returned it immediately total garbage would buy again,1,0
MOCK_007328,worst purchase ever falls apart after minimal use very pleased overall,1,0
MOCK_007329,best purchase i have made in a long time truly impressive not worth the price,4,1
MOCK_007330,this product is absolutely amazing exactly what i needed very disappointing,4,1
MOCK_007331,complete waste of money nothing like the description a solid choice,2,0
MOCK_007332,very disappointed the quality is extremely poor highly recommended,1,0
MOCK_007333,do not buy this it stopped working immediately would buy again,2,0
MOCK_007334,outstanding product five stars without hesitation very pleased overall,4,1
MOCK_007335,fantastic build quality and great value for money not worth the price,5,1
MOCK_007336,this product is a scam nothing works as advertised very disappointing,2,0
MOCK_007337,perfect fit and exactly as described very satisfied a solid choice,4,1
MOCK_007338,worst purchase ever falls apart after minimal use highly recommended,1,0
MOCK_007339,best purchase i have made in a long time truly impressive would buy again,5,1
MOCK_007340,terrible product broke after just one week of use very pleased overall,2,0
MOCK_007341,complete waste of money nothing like the description not worth the price,1,0
MOCK_007342,works perfectly highly recommend to everyone very disappointing,5,1
MOCK_007343,do not buy this it stopped working immediately a solid choice,1,0
MOCK_007344,awful experience arrived damaged and customer support ignored me highly recommended,1,0
MOCK_007345,fantastic build quality and great value for money would buy again,5,1
MOCK_007346,this product is a scam nothing works as advertised very pleased overall,1,0
MOCK_007347,perfect fit and exactly as described very satisfied not worth the price,4,1
MOCK_007348,incredible product customer service was excellent too very disappointing,4,1
MOCK_007349,misleading product photos looks nothing like what arrived a solid choice,1,0
MOCK_007350,terrible product broke after just one week of use highly recommended,1,0
MOCK_007351,great quality and fast shipping very happy with this purchase would buy again,4,1
MOCK_007352,works perfectly highly recommend to everyone very pleased overall,5,1
MOCK_007353,exceeded my expectations will definitely buy again not worth the price,5,1
MOCK_007354,awful experience arrived damaged and customer support ignored me very disappointing,1,0
MOCK_007355,fantastic build quality and great value for money a solid choice,4,1
MOCK_007356,love this item it has made my life so much easier highly recommended,5,1
MOCK_007357,returned it immediately total garbage would buy again,1,0
MOCK_007358,worst purchase ever falls apart after minimal use very pleased overall,1,0
MOCK_007359,misleading product photos looks nothing like what arrived not worth the price,2,0
MOCK_007360,this product is absolutely amazing exactly what i needed very disappointing,4,1
MOCK_007361,great quality and fast shipping very happy with this purchase a solid choice,5,1
MOCK_007362,works perfectly highly recommend to everyone highly recommended,5,1
MOCK_007363,do not buy this it stopped working immediately would buy again,2,0
MOCK_007364,awful experience arrived damaged and customer support ignored me very pleased overall,1,0
MOCK_007365,cheap materials and poorly made would not recommend not worth the price,1,0
MOCK_007366,love this item it has made my life so much easier very disappointing,4,1
MOCK_007367,perfect fit and exactly as described very satisfied a solid choice,5,1
MOCK_007368,worst purchase ever falls apart after minimal use highly recommended,2,0
MOCK_007369,best purchase i have made in a long time truly impressive would buy again,5,1
MOCK_007370,terrible product broke after just one week of use very pleased overall,1,0
MOCK_007371,complete waste of money nothing like the description not worth the price,2,0
MOCK_007372,works perfectly highly recommend to everyone very disappointing,5,1
MOCK_007373,do not buy this it stopped working immediately a solid choice,2,0
MOCK_007374,awful experience arrived damaged and customer support ignored me highly recommended,2,0
MOCK_007375,fantastic build quality and great value for money would buy again,4,1
MOCK_007376,this product is a scam nothing works as advertised very pleased overall,1,0
MOCK_007377,perfect fit and exactly as described very satisfied not worth the price,5,1
MOCK_007378,worst purchase ever falls apart after minimal use very disappointing,1,0
MOCK_007379,misleading product photos looks nothing like what arrived a solid choice,1,0
MOCK_007380,this product is absolutely amazing exactly what i needed highly recommended,4,1
MOCK_007381,great quality and fast shipping very happy with this purchase would buy again,4,1
MOCK_007382,works perfectly highly recommend to everyone very pleased overall,5,1
MOCK_007383,do not buy this it stopped working immediately not worth the price,1,0
MOCK_007384,outstanding product five stars without hesitation very disappointing,4,1
MOCK_007385,cheap materials and poorly made would not recommend a solid choice,2,0
MOCK_007386,this product is a scam nothing works as advertised highly recommended,2,0
MOCK_007387,perfect fit and exactly as described very satisfied would buy again,4,1
MOCK_007388,worst purchase ever falls apart after minimal use very pleased overall,1,0
MOCK_007389,misleading product photos looks nothing like what arrived not worth the price,1,0
MOCK_007390,this product is absolutely amazing exactly what i needed very disappointing,4,1
MOCK_007391,complete waste of money nothing like the description a solid choice,1,0
MOCK_007392,very disappointed the quality is extremely poor highly recommended,1,0
MOCK_007393,do not buy this it stopped working immediately would buy again,2,0
MOCK_007394,outstanding product five stars without hesitation very pleased overall,5,1
MOCK_007395,fantastic build quality and great value for money not worth the price,5,1
MOCK_007396,this product is a scam nothing works as advertised very disappointing,1,0
MOCK_007397,perfect fit and exactly as described very satisfied a solid choice,4,1
MOCK_007398,incredible product customer service was excellent too highly recommended,5,1
MOCK_007399,misleading product photos looks nothing like what arrived would buy again,2,0
MOCK_007400,this product is absolutely amazing exactly what i needed very pleased overall,5,1
MOCK_007401,complete waste of money nothing like the description not worth the price,1,0
MOCK_007402,very disappointed the quality is extremely poor very disappointing,1,0
MOCK_007403,exceeded my expectations will definitely buy again a solid choice,5,1
MOCK_007404,awful experience arrived damaged and customer support ignored me highly recommended,2,0
MOCK_007405,fantastic build quality and great value for money would buy again,4,1
MOCK_007406,this product is a scam nothing works as advertised very pleased overall,2,0
MOCK_007407,perfect fit and exactly as described very satisfied not worth the price,5,1
MOCK_007408,incredible product customer service was excellent too very disappointing,5,1
MOCK_007409,best purchase i have made in a long time truly impressive a solid choice,4,1
MOCK_007410,this product is absolutely amazing exactly what i needed highly recommended,5,1
MOCK_007411,complete waste of money nothing like the description would buy again,2,0
MOCK_007412,works perfectly highly recommend to everyone very pleased overall,4,1
MOCK_007413,do not buy this it stopped working immediately not worth the price,2,0
MOCK_007414,outstanding product five stars without hesitation very disappointing,5,1
MOCK_007415,cheap materials and poorly made would not recommend a solid choice,2,0
MOCK_007416,this product is a scam nothing works as advertised highly recommended,1,0
MOCK_007417,returned it immediately total garbage would buy again,2,0
MOCK_007418,incredible product customer service was excellent too very pleased overall,4,1
MOCK_007419,misleading product photos looks nothing like what arrived not worth the price,1,0
MOCK_007420,terrible product broke after just one week of use very disappointing,1,0
MOCK_007421,great quality and fast shipping very happy with this purchase a solid choice,4,1
MOCK_007422,very disappointed the quality is extremely poor highly recommended,1,0
MOCK_007423,exceeded my expectations will definitely buy again would buy again,4,1
MOCK_007424,awful experience arrived damaged and customer support ignored me very pleased overall,2,0
MOCK_007425,cheap materials and poorly made would not recommend not worth the price,1,0
MOCK_007426,love this item it has made my life so much easier very disappointing,5,1
MOCK_007427,perfect fit and exactly as described very satisfied a solid choice,4,1
MOCK_007428,worst purchase ever falls apart after minimal use highly recommended,2,0
MOCK_007429,best purchase i have made in a long time truly impressive would buy again,5,1
MOCK_007430,this product is absolutely amazing exactly what i needed very pleased overall,5,1
MOCK_007431,great quality and fast shipping very happy with this purchase not worth the price,5,1
MOCK_007432,works perfectly highly recommend to everyone very disappointing,5,1
MOCK_007433,exceeded my expectations will definitely buy again a solid choice,4,1
MOCK_007434,outstanding product five stars without hesitation highly recommended,4,1
MOCK_007435,cheap materials and poorly made would not recommend would buy again,1,0
MOCK_007436,love this item it has made my life so much easier very pleased overall,4,1
MOCK_007437,returned it immediately total garbage not worth the price,1,0
MOCK_007438,worst purchase ever falls apart after minimal use very disappointing,1,0
MOCK_007439,misleading product photos looks nothing like what arrived a solid choice,2,0
MOCK_007440,terrible product broke after just one week of use highly recommended,2,0
MOCK_007441,great quality and fast shipping very happy with this purchase would buy again,5,1
MOCK_007442,works perfectly highly recommend to everyone very pleased overall,5,1
MOCK_007443,exceeded my expectations will definitely buy again not worth the price,4,1
MOCK_007444,outstanding product five stars without hesitation very disappointing,4,1
MOCK_007445,fantastic build quality and great value for money a solid choice,5,1
MOCK_007446,love this item it has made my life so much easier highly recommended,5,1
MOCK_007447,returned it immediately total garbage would buy again,1,0
MOCK_007448,incredible product customer service was excellent too very pleased overall,4,1
MOCK_007449,misleading product photos looks nothing like what arrived not worth the price,1,0
MOCK_007450,this product is absolutely amazing exactly what i needed very disappointing,4,1
MOCK_007451,great quality and fast shipping very happy with this purchase a solid choice,4,1
MOCK_007452,very disappointed the quality is extremely poor highly recommended,1,0
MOCK_007453,do not buy this it stopped working immediately would buy again,2,0
MOCK_007454,outstanding product five stars without hesitation very pleased overall,5,1
MOCK_007455,cheap materials and poorly made would not recommend not worth the price,2,0
MOCK_007456,love this item it has made my life so much easier very disappointing,5,1
MOCK_007457,perfect fit and exactly as described very satisfied a solid choice,5,1
MOCK_007458,incredible product customer service was excellent too highly recommended,4,1
MOCK_007459,misleading product photos looks nothing like what arrived would buy again,2,0
MOCK_007460,this product is absolutely amazing exactly what i needed very pleased overall,4,1
MOCK_007461,complete waste of money nothing like the description not worth the price,2,0
MOCK_007462,works perfectly highly recommend to everyone very disappointing,4,1
MOCK_007463,exceeded my expectations will definitely buy again a solid choice,5,1
MOCK_007464,outstanding product five stars without hesitation highly recommended,5,1
MOCK_007465,cheap materials and poorly made would not recommend would buy again,1,0
MOCK_007466,love this item it has made my life so much easier very pleased overall,4,1
MOCK_007467,returned it immediately total garbage not worth the price,1,0
MOCK_007468,incredible product customer service was excellent too very disappointing,5,1
MOCK_007469,misleading product photos looks nothing like what arrived a solid choice,2,0
MOCK_007470,terrible product broke after just one week of use highly recommended,1,0
MOCK_007471,great quality and fast shipping very happy with this purchase would buy again,5,1
MOCK_007472,very disappointed the quality is extremely poor very pleased overall,1,0
MOCK_007473,exceeded my expectations will definitely buy again not worth the price,4,1
MOCK_007474,awful experience arrived damaged and customer support ignored me very disappointing,1,0
MOCK_007475,cheap materials and poorly made would not recommend a solid choice,2,0
MOCK_007476,this product is a scam nothing works as advertised highly recommended,1,0
MOCK_007477,returned it immediately total garbage would buy again,1,0
MOCK_007478,worst purchase ever falls apart after minimal use very pleased overall,1,0
MOCK_007479,misleading product photos looks nothing like what arrived not worth the price,2,0
MOCK_007480,this product is absolutely amazing exactly what i needed very disappointing,5,1
MOCK_007481,complete waste of money nothing like the description a solid choice,2,0
MOCK_007482,very disappointed the quality is extremely poor highly recommended,2,0
MOCK_007483,do not buy this it stopped working immediately would buy again,2,0
MOCK_007484,awful experience arrived damaged and customer support ignored me very pleased overall,1,0
MOCK_007485,cheap materials and poorly made would not recommend not worth the price,2,0
MOCK_007486,this product is a scam nothing works as advertised very disappointing,1,0
MOCK_007487,perfect fit and exactly as described very satisfied a solid choice,4,1
MOCK_007488,worst purchase ever falls apart after minimal use highly recommended,1,0
MOCK_007489,misleading product photos looks nothing like what arrived would buy again,1,0
MOCK_007490,terrible product broke after just one week of use very pleased overall,2,0
MOCK_007491,complete waste of money nothing like the description not worth the price,2,0
MOCK_007492,very disappointed the quality is extremely poor very disappointing,2,0
MOCK_007493,do not buy this it stopped working immediately a solid choice,1,0
MOCK_007494,awful experience arrived damaged and customer support ignored me highly recommended,2,0
MOCK_007495,fantastic build quality and great value for money would buy again,5,1
MOCK_007496,love this item it has made my life so much easier very pleased overall,4,1
MOCK_007497,perfect fit and exactly as described very satisfied not worth the price,5,1
MOCK_007498,incredible product customer service was excellent too very disappointing,5,1
MOCK_007499,misleading product photos looks nothing like what arrived a solid choice,1,0
MOCK_007500,terrible product broke after just one week of use highly recommended,2,0
MOCK_007501,great quality and fast shipping very happy with this purchase would buy again,5,1
MOCK_007502,works perfectly highly recommend to everyone very pleased overall,4,1
MOCK_007503,do not buy this it stopped working immediately not worth the price,1,0
MOCK_007504,outstanding product five stars without hesitation very disappointing,5,1
MOCK_007505,fantastic build quality and great value for money a solid choice,5,1
MOCK_007506,this product is a scam nothing works as advertised highly recommended,2,0
MOCK_007507,perfect fit and exactly as described very satisfied would buy again,5,1
MOCK_007508,incredible product customer service was excellent too very pleased overall,5,1
MOCK_007509,misleading product photos looks nothing like what arrived not worth the price,2,0
MOCK_007510,terrible product broke after just one week of use very disappointing,2,0
MOCK_007511,great quality and fast shipping very happy with this purchase a solid choice,5,1
MOCK_007512,very disappointed the quality is extremely poor highly recommended,1,0
MOCK_007513,exceeded my expectations will definitely buy again would buy again,5,1
MOCK_007514,awful experience arrived damaged and customer support ignored me very pleased overall,2,0
MOCK_007515,fantastic build quality and great value for money not worth the price,5,1
MOCK_007516,this product is a scam nothing works as advertised very disappointing,2,0
MOCK_007517,returned it immediately total garbage a solid choice,2,0
MOCK_007518,incredible product customer service was excellent too highly recommended,4,1
MOCK_007519,best purchase i have made in a long time truly impressive would buy again,4,1
MOCK_007520,this product is absolutely amazing exactly what i needed very pleased overall,4,1
MOCK_007521,great quality and fast shipping very happy with this purchase not worth the price,4,1
MOCK_007522,very disappointed the quality is extremely poor very disappointing,1,0
MOCK_007523,exceeded my expectations will definitely buy again a solid choice,4,1
MOCK_007524,awful experience arrived damaged and customer support ignored me highly recommended,1,0
MOCK_007525,cheap materials and poorly made would not recommend would buy again,1,0
MOCK_007526,love this item it has made my life so much easier very pleased overall,5,1
MOCK_007527,perfect fit and exactly as described very satisfied not worth the price,5,1
MOCK_007528,incredible product customer service was excellent too very disappointing,4,1
MOCK_007529,best purchase i have made in a long time truly impressive a solid choice,4,1
MOCK_007530,this product is absolutely amazing exactly what i needed highly recommended,4,1
MOCK_007531,great quality and fast shipping very happy with this purchase would buy again,4,1
MOCK_007532,very disappointed the quality is extremely poor very pleased overall,1,0
MOCK_007533,exceeded my expectations will definitely buy again not worth the price,4,1
MOCK_007534,awful experience arrived damaged and customer support ignored me very disappointing,1,0
MOCK_007535,fantastic build quality and great value for money a solid choice,5,1
MOCK_007536,love this item it has made my life so much easier highly recommended,5,1
MOCK_007537,returned it immediately total garbage would buy again,2,0
MOCK_007538,worst purchase ever falls apart after minimal use very pleased overall,1,0
MOCK_007539,misleading product photos looks nothing like what arrived not worth the price,1,0
MOCK_007540,terrible product broke after just one week of use very disappointing,2,0
MOCK_007541,great quality and fast shipping very happy with this purchase a solid choice,4,1
MOCK_007542,very disappointed the quality is extremely poor highly recommended,2,0
MOCK_007543,do not buy this it stopped working immediately would buy again,2,0
MOCK_007544,awful experience arrived damaged and customer support ignored me very pleased overall,2,0
MOCK_007545,fantastic build quality and great value for money not worth the price,4,1
MOCK_007546,this product is a scam nothing works as advertised very disappointing,2,0
MOCK_007547,returned it immediately total garbage a solid choice,1,0
MOCK_007548,worst purchase ever falls apart after minimal use highly recommended,1,0
MOCK_007549,best purchase i have made in a long time truly impressive would buy again,4,1
MOCK_007550,terrible product broke after just one week of use very pleased overall,2,0
MOCK_007551,great quality and fast shipping very happy with this purchase not worth the price,5,1
MOCK_007552,works perfectly highly recommend to everyone very disappointing,4,1
MOCK_007553,exceeded my expectations will definitely buy again a solid choice,4,1
MOCK_007554,outstanding product five stars without hesitation highly recommended,5,1
MOCK_007555,fantastic build quality and great value for money would buy again,5,1
MOCK_007556,this product is a scam nothing works as advertised very pleased overall,1,0
MOCK_007557,perfect fit and exactly as described very satisfied not worth the price,4,1
MOCK_007558,incredible product customer service was excellent too very disappointing,5,1
MOCK_007559,misleading product photos looks nothing like what arrived a solid choice,2,0
MOCK_007560,this product is absolutely amazing exactly what i needed highly recommended,5,1
MOCK_007561,complete waste of money nothing like the description would buy again,1,0
MOCK_007562,very disappointed the quality is extremely poor very pleased overall,1,0
MOCK_007563,do not buy this it stopped working immediately not worth the price,1,0
MOCK_007564,awful experience arrived damaged and customer support ignored me very disappointing,1,0
MOCK_007565,fantastic build quality and great value for money a solid choice,5,1
MOCK_007566,love this item it has made my life so much easier highly recommended,4,1
MOCK_007567,perfect fit and exactly as described very satisfied would buy again,5,1
MOCK_007568,worst purchase ever falls apart after minimal use very pleased overall,2,0
MOCK_007569,misleading product photos looks nothing like what arrived not worth the price,2,0
MOCK_007570,terrible product broke after just one week of use very disappointing,2,0
MOCK_007571,complete waste of money nothing like the description a solid choice,2,0
MOCK_007572,works perfectly highly recommend to everyone highly recommended,4,1
MOCK_007573,do not buy this it stopped working immediately would buy again,1,0
MOCK_007574,awful experience arrived damaged and customer support ignored me very pleased overall,1,0
MOCK_007575,fantastic build quality and great value for money not worth the price,5,1
MOCK_007576,love this item it has made my life so much easier very disappointing,5,1
MOCK_007577,perfect fit and exactly as described very satisfied a solid choice,4,1
MOCK_007578,incredible product customer service was excellent too highly recommended,4,1
MOCK_007579,best purchase i have made in a long time truly impressive would buy again,4,1
MOCK_007580,terrible product broke after just one week of use very pleased overall,1,0
MOCK_007581,great quality and fast shipping very happy with this purchase not worth the price,5,1
MOCK_007582,works perfectly highly recommend to everyone very disappointing,4,1
MOCK_007583,exceeded my expectations will definitely buy again a solid choice,5,1
MOCK_007584,awful experience arrived damaged and customer support ignored me highly recommended,2,0
MOCK_007585,fantastic build quality and great value for money would buy again,4,1
MOCK_007586,this product is a scam nothing works as advertised very pleased overall,1,0
MOCK_007587,perfect fit and exactly as described very satisfied not worth the price,5,1
MOCK_007588,incredible product customer service was excellent too very disappointing,5,1
MOCK_007589,misleading product photos looks nothing like what arrived a solid choice,1,0
MOCK_007590,terrible product broke after just one week of use highly recommended,1,0
MOCK_007591,great quality and fast shipping very happy with this purchase would buy again,5,1
MOCK_007592,works perfectly highly recommend to everyone very pleased overall,5,1
MOCK_007593,do not buy this it stopped working immediately not worth the price,2,0
MOCK_007594,awful experience arrived damaged and customer support ignored me very disappointing,2,0
MOCK_007595,fantastic build quality and great value for money a solid choice,5,1
MOCK_007596,love this item it has made my life so much easier highly recommended,4,1
MOCK_007597,perfect fit and exactly as described very satisfied would buy again,5,1
MOCK_007598,incredible product customer service was excellent too very pleased overall,4,1
MOCK_007599,misleading product photos looks nothing like what arrived not worth the price,2,0
MOCK_007600,terrible product broke after just one week of use very disappointing,2,0
MOCK_007601,complete waste of money nothing like the description a solid choice,2,0
MOCK_007602,very disappointed the quality is extremely poor highly recommended,2,0
MOCK_007603,do not buy this it stopped working immediately would buy again,2,0
MOCK_007604,awful experience arrived damaged and customer support ignored me very pleased overall,2,0
MOCK_007605,cheap materials and poorly made would not recommend not worth the price,2,0
MOCK_007606,love this item it has made my life so much easier very disappointing,5,1
MOCK_007607,returned it immediately total garbage a solid choice,1,0
MOCK_007608,worst purchase ever falls apart after minimal use highly recommended,1,0
MOCK_007609,best purchase i have made in a long time truly impressive would buy again,5,1
MOCK_007610,terrible product broke after just one week of use very pleased overall,2,0
MOCK_007611,complete waste of money nothing like the description not worth the price,2,0
MOCK_007612,very disappointed the quality is extremely poor very disappointing,2,0
MOCK_007613,do not buy this it stopped working immediately a solid choice,1,0
MOCK_007614,awful experience arrived damaged and customer support ignored me highly recommended,1,0
MOCK_007615,fantastic build quality and great value for money would buy again,5,1
MOCK_007616,this product is a scam nothing works as advertised very pleased overall,1,0
MOCK_007617,perfect fit and exactly as described very satisfied not worth the price,5,1
MOCK_007618,worst purchase ever falls apart after minimal use very disappointing,2,0
MOCK_007619,best purchase i have made in a long time truly impressive a solid choice,5,1
MOCK_007620,this product is absolutely amazing exactly what i needed highly recommended,4,1
MOCK_007621,complete waste of money nothing like the description would buy again,2,0
MOCK_007622,very disappointed the quality is extremely poor very pleased overall,1,0
MOCK_007623,exceeded my expectations will definitely buy again not worth the price,4,1
MOCK_007624,outstanding product five stars without hesitation very disappointing,4,1
MOCK_007625,cheap materials and poorly made would not recommend a solid choice,1,0
MOCK_007626,this product is a scam nothing works as advertised highly recommended,2,0
MOCK_007627,perfect fit and exactly as described very satisfied would buy again,5,1
MOCK_007628,incredible product customer service was excellent too very pleased overall,4,1
MOCK_007629,misleading product photos looks nothing like what arrived not worth the price,2,0
MOCK_007630,terrible product broke after just one week of use very disappointing,2,0
MOCK_007631,great quality and fast shipping very happy with this purchase a solid choice,5,1
MOCK_007632,works perfectly highly recommend to everyone highly recommended,5,1
MOCK_007633,exceeded my expectations will definitely buy again would buy again,5,1
MOCK_007634,awful experience arrived damaged and customer support ignored me very pleased overall,1,0
MOCK_007635,fantastic build quality and great value for money not worth the price,4,1
MOCK_007636,love this item it has made my life so much easier very disappointing,4,1
MOCK_007637,perfect fit and exactly as described very satisfied a solid choice,5,1
MOCK_007638,incredible product customer service was excellent too highly recommended,5,1
MOCK_007639,misleading product photos looks nothing like what arrived would buy again,1,0
MOCK_007640,terrible product broke after just one week of use very pleased overall,1,0
MOCK_007641,great quality and fast shipping very happy with this purchase not worth the price,5,1
MOCK_007642,very disappointed the quality is extremely poor very disappointing,1,0
MOCK_007643,exceeded my expectations will definitely buy again a solid choice,5,1
MOCK_007644,outstanding product five stars without hesitation highly recommended,5,1
MOCK_007645,cheap materials and poorly made would not recommend would buy again,1,0
MOCK_007646,this product is a scam nothing works as advertised very pleased overall,1,0
MOCK_007647,returned it immediately total garbage not worth the price,1,0
MOCK_007648,incredible product customer service was excellent too very disappointing,4,1
MOCK_007649,best purchase i have made in a long time truly impressive a solid choice,5,1
MOCK_007650,this product is absolutely amazing exactly what i needed highly recommended,5,1
MOCK_007651,great quality and fast shipping very happy with this purchase would buy again,4,1
MOCK_007652,very disappointed the quality is extremely poor very pleased overall,2,0
MOCK_007653,exceeded my expectations will definitely buy again not worth the price,4,1
MOCK_007654,awful experience arrived damaged and customer support ignored me very disappointing,1,0
MOCK_007655,cheap materials and poorly made would not recommend a solid choice,2,0
MOCK_007656,this product is a scam nothing works as advertised highly recommended,2,0
MOCK_007657,perfect fit and exactly as described very satisfied would buy again,5,1
MOCK_007658,worst purchase ever falls apart after minimal use very pleased overall,1,0
MOCK_007659,misleading product photos looks nothing like what arrived not worth the price,2,0
MOCK_007660,this product is absolutely amazing exactly what i needed very disappointing,4,1
MOCK_007661,complete waste of money nothing like the description a solid choice,2,0
MOCK_007662,works perfectly highly recommend to everyone highly recommended,5,1
MOCK_007663,exceeded my expectations will definitely buy again would buy again,5,1
MOCK_007664,awful experience arrived damaged and customer support ignored me very pleased overall,1,0
MOCK_007665,fantastic build quality and great value for money not worth the price,4,1
MOCK_007666,love this item it has made my life so much easier very disappointing,5,1
MOCK_007667,returned it immediately total garbage a solid choice,1,0
MOCK_007668,worst purchase ever falls apart after minimal use highly recommended,2,0
MOCK_007669,best purchase i have made in a long time truly impressive would buy again,5,1
MOCK_007670,this product is absolutely amazing exactly what i needed very pleased overall,5,1
MOCK_007671,complete waste of money nothing like the description not worth the price,1,0
MOCK_007672,works perfectly highly recommend to everyone very disappointing,5,1
MOCK_007673,exceeded my expectations will definitely buy again a solid choice,4,1
MOCK_007674,awful experience arrived damaged and customer support ignored me highly recommended,1,0
MOCK_007675,cheap materials and poorly made would not recommend would buy again,2,0
MOCK_007676,this product is a scam nothing works as advertised very pleased overall,1,0
MOCK_007677,perfect fit and exactly as described very satisfied not worth the price,5,1
MOCK_007678,worst purchase ever falls apart after minimal use very disappointing,2,0
MOCK_007679,best purchase i have made in a long time truly impressive a solid choice,5,1
MOCK_007680,terrible product broke after just one week of use highly recommended,2,0
MOCK_007681,great quality and fast shipping very happy with this purchase would buy again,5,1
MOCK_007682,works perfectly highly recommend to everyone very pleased overall,4,1
MOCK_007683,exceeded my expectations will definitely buy again not worth the price,5,1
MOCK_007684,outstanding product five stars without hesitation very disappointing,4,1
MOCK_007685,fantastic build quality and great value for money a solid choice,5,1
MOCK_007686,love this item it has made my life so much easier highly recommended,4,1
MOCK_007687,returned it immediately total garbage would buy again,2,0
MOCK_007688,incredible product customer service was excellent too very pleased overall,4,1
MOCK_007689,misleading product photos looks nothing like what arrived not worth the price,1,0
MOCK_007690,terrible product broke after just one week of use very disappointing,1,0
MOCK_007691,complete waste of money nothing like the description a solid choice,1,0
MOCK_007692,works perfectly highly recommend to everyone highly recommended,4,1
MOCK_007693,exceeded my expectations will definitely buy again would buy again,4,1
MOCK_007694,awful experience arrived damaged and customer support ignored me very pleased overall,1,0
MOCK_007695,cheap materials and poorly made would not recommend not worth the price,2,0
MOCK_007696,this product is a scam nothing works as advertised very disappointing,1,0
MOCK_007697,perfect fit and exactly as described very satisfied a solid choice,5,1
MOCK_007698,worst purchase ever falls apart after minimal use highly recommended,1,0
MOCK_007699,misleading product photos looks nothing like what arrived would buy again,2,0
MOCK_007700,this product is absolutely amazing exactly what i needed very pleased overall,4,1
MOCK_007701,complete waste of money nothing like the description not worth the price,2,0
MOCK_007702,works perfectly highly recommend to everyone very disappointing,5,1
MOCK_007703,exceeded my expectations will definitely buy again a solid choice,5,1
MOCK_007704,awful experience arrived damaged and customer support ignored me highly recommended,1,0
MOCK_007705,fantastic build quality and great value for money would buy again,5,1
MOCK_007706,this product is a scam nothing works as advertised very pleased overall,1,0
MOCK_007707,perfect fit and exactly as described very satisfied not worth the price,4,1
MOCK_007708,incredible product customer service was excellent too very disappointing,4,1
MOCK_007709,misleading product photos looks nothing like what arrived a solid choice,2,0
MOCK_007710,terrible product broke after just one week of use highly recommended,1,0
MOCK_007711,complete waste of money nothing like the description would buy again,2,0
MOCK_007712,works perfectly highly recommend to everyone very pleased overall,4,1
MOCK_007713,do not buy this it stopped working immediately not worth the price,1,0
MOCK_007714,awful experience arrived damaged and customer support ignored me very disappointing,1,0
MOCK_007715,fantastic build quality and great value for money a solid choice,4,1
MOCK_007716,this product is a scam nothing works as advertised highly recommended,2,0
MOCK_007717,returned it immediately total garbage would buy again,2,0
MOCK_007718,incredible product customer service was excellent too very pleased overall,5,1
MOCK_007719,misleading product photos looks nothing like what arrived not worth the price,1,0
MOCK_007720,terrible product broke after just one week of use very disappointing,1,0
MOCK_007721,great quality and fast shipping very happy with this purchase a solid choice,5,1
MOCK_007722,very disappointed the quality is extremely poor highly recommended,1,0
MOCK_007723,exceeded my expectations will definitely buy again would buy again,4,1
MOCK_007724,outstanding product five stars without hesitation very pleased overall,5,1
MOCK_007725,fantastic build quality and great value for money not worth the price,4,1
MOCK_007726,love this item it has made my life so much easier very disappointing,4,1
MOCK_007727,returned it immediately total garbage a solid choice,1,0
MOCK_007728,incredible product customer service was excellent too highly recommended,5,1
MOCK_007729,misleading product photos looks nothing like what arrived would buy again,1,0
MOCK_007730,this product is absolutely amazing exactly what i needed very pleased overall,5,1
MOCK_007731,great quality and fast shipping very happy with this purchase not worth the price,4,1
MOCK_007732,very disappointed the quality is extremely poor very disappointing,1,0
MOCK_007733,exceeded my expectations will definitely buy again a solid choice,4,1
MOCK_007734,awful experience arrived damaged and customer support ignored me highly recommended,2,0
MOCK_007735,fantastic build quality and great value for money would buy again,4,1
MOCK_007736,love this item it has made my life so much easier very pleased overall,5,1
MOCK_007737,returned it immediately total garbage not worth the price,1,0
MOCK_007738,worst purchase ever falls apart after minimal use very disappointing,1,0
MOCK_007739,misleading product photos looks nothing like what arrived a solid choice,1,0
MOCK_007740,this product is absolutely amazing exactly what i needed highly recommended,5,1
MOCK_007741,great quality and fast shipping very happy with this purchase would buy again,4,1
MOCK_007742,works perfectly highly recommend to everyone very pleased overall,5,1
MOCK_007743,exceeded my expectations will definitely buy again not worth the price,5,1
MOCK_007744,awful experience arrived damaged and customer support ignored me very disappointing,2,0
MOCK_007745,fantastic build quality and great value for money a solid choice,5,1
MOCK_007746,this product is a scam nothing works as advertised highly recommended,2,0
MOCK_007747,perfect fit and exactly as described very satisfied would buy again,5,1
MOCK_007748,worst purchase ever falls apart after minimal use very pleased overall,1,0
MOCK_007749,best purchase i have made in a long time truly impressive not worth the price,5,1
MOCK_007750,terrible product broke after just one week of use very disappointing,2,0
MOCK_007751,great quality and fast shipping very happy with this purchase a solid choice,4,1
MOCK_007752,very disappointed the quality is extremely poor highly recommended,2,0
MOCK_007753,exceeded my expectations will definitely buy again would buy again,5,1
MOCK_007754,outstanding product five stars without hesitation very pleased overall,4,1
MOCK_007755,cheap materials and poorly made would not recommend not worth the price,2,0
MOCK_007756,love this item it has made my life so much easier very disappointing,4,1
MOCK_007757,perfect fit and exactly as described very satisfied a solid choice,4,1
MOCK_007758,worst purchase ever falls apart after minimal use highly recommended,1,0
MOCK_007759,misleading product photos looks nothing like what arrived would buy again,2,0
MOCK_007760,this product is absolutely amazing exactly what i needed very pleased overall,4,1
MOCK_007761,great quality and fast shipping very happy with this purchase not worth the price,5,1
MOCK_007762,works perfectly highly recommend to everyone very disappointing,4,1
MOCK_007763,exceeded my expectations will definitely buy again a solid choice,4,1
MOCK_007764,awful experience arrived damaged and customer support ignored me highly recommended,2,0
MOCK_007765,cheap materials and poorly made would not recommend would buy again,1,0
MOCK_007766,love this item it has made my life so much easier very pleased overall,5,1
MOCK_007767,returned it immediately total garbage not worth the price,1,0
MOCK_007768,worst purchase ever falls apart after minimal use very disappointing,2,0
MOCK_007769,best purchase i have made in a long time truly impressive a solid choice,5,1
MOCK_007770,terrible product broke after just one week of use highly recommended,1,0
MOCK_007771,complete waste of money nothing like the description would buy again,1,0
MOCK_007772,works perfectly highly recommend to everyone very pleased overall,4,1
MOCK_007773,exceeded my expectations will definitely buy again not worth the price,5,1
MOCK_007774,awful experience arrived damaged and customer support ignored me very disappointing,2,0
MOCK_007775,fantastic build quality and great value for money a solid choice,4,1
MOCK_007776,this product is a scam nothing works as advertised highly recommended,1,0
MOCK_007777,returned it immediately total garbage would buy again,2,0
MOCK_007778,incredible product customer service was excellent too very pleased overall,4,1
MOCK_007779,best purchase i have made in a long time truly impressive not worth the price,5,1
MOCK_007780,terrible product broke after just one week of use very disappointing,2,0
MOCK_007781,complete waste of money nothing like the description a solid choice,1,0
MOCK_007782,very disappointed the quality is extremely poor highly recommended,2,0
MOCK_007783,exceeded my expectations will definitely buy again would buy again,4,1
MOCK_007784,awful experience arrived damaged and customer support ignored me very pleased overall,1,0
MOCK_007785,fantastic build quality and great value for money not worth the price,5,1
MOCK_007786,this product is a scam nothing works as advertised very disappointing,2,0
MOCK_007787,perfect fit and exactly as described very satisfied a solid choice,5,1
MOCK_007788,incredible product customer service was excellent too highly recommended,5,1
MOCK_007789,best purchase i have made in a long time truly impressive would buy again,4,1
MOCK_007790,terrible product broke after just one week of use very pleased overall,2,0
MOCK_007791,complete waste of money nothing like the description not worth the price,2,0
MOCK_007792,works perfectly highly recommend to everyone very disappointing,4,1
MOCK_007793,exceeded my expectations will definitely buy again a solid choice,4,1
MOCK_007794,outstanding product five stars without hesitation highly recommended,5,1
MOCK_007795,cheap materials and poorly made would not recommend would buy again,2,0
MOCK_007796,this product is a scam nothing works as advertised very pleased overall,1,0
MOCK_007797,perfect fit and exactly as described very satisfied not worth the price,5,1
MOCK_007798,worst purchase ever falls apart after minimal use very disappointing,1,0
MOCK_007799,misleading product photos looks nothing like what arrived a solid choice,1,0
MOCK_007800,this product is absolutely amazing exactly what i needed highly recommended,4,1
MOCK_007801,great quality and fast shipping very happy with this purchase would buy again,5,1
MOCK_007802,works perfectly highly recommend to everyone very pleased overall,4,1
MOCK_007803,exceeded my expectations will definitely buy again not worth the price,4,1
MOCK_007804,awful experience arrived damaged and customer support ignored me very disappointing,1,0
MOCK_007805,fantastic build quality and great value for money a solid choice,5,1
MOCK_007806,love this item it has made my life so much easier highly recommended,5,1
MOCK_007807,perfect fit and exactly as described very satisfied would buy again,4,1
MOCK_007808,worst purchase ever falls apart after minimal use very pleased overall,2,0
MOCK_007809,best purchase i have made in a long time truly impressive not worth the price,4,1
MOCK_007810,this product is absolutely amazing exactly what i needed very disappointing,4,1
MOCK_007811,great quality and fast shipping very happy with this purchase a solid choice,5,1
MOCK_007812,works perfectly highly recommend to everyone highly recommended,5,1
MOCK_007813,exceeded my expectations will definitely buy again would buy again,4,1
MOCK_007814,outstanding product five stars without hesitation very pleased overall,5,1
MOCK_007815,fantastic build quality and great value for money not worth the price,4,1
MOCK_007816,this product is a scam nothing works as advertised very disappointing,2,0
MOCK_007817,returned it immediately total garbage a solid choice,2,0
MOCK_007818,worst purchase ever falls apart after minimal use highly recommended,2,0
MOCK_007819,best purchase i have made in a long time truly impressive would buy again,4,1
MOCK_007820,this product is absolutely amazing exactly what i needed very pleased overall,5,1
MOCK_007821,great quality and fast shipping very happy with this purchase not worth the price,5,1
MOCK_007822,works perfectly highly recommend to everyone very disappointing,4,1
MOCK_007823,do not buy this it stopped working immediately a solid choice,1,0
MOCK_007824,outstanding product five stars without hesitation highly recommended,5,1
MOCK_007825,fantastic build quality and great value for money would buy again,4,1
MOCK_007826,love this item it has made my life so much easier very pleased overall,5,1
MOCK_007827,returned it immediately total garbage not worth the price,1,0
MOCK_007828,worst purchase ever falls apart after minimal use very disappointing,2,0
MOCK_007829,best purchase i have made in a long time truly impressive a solid choice,4,1
MOCK_007830,terrible product broke after just one week of use highly recommended,2,0
MOCK_007831,complete waste of money nothing like the description would buy again,2,0
MOCK_007832,very disappointed the quality is extremely poor very pleased overall,1,0
MOCK_007833,do not buy this it stopped working immediately not worth the price,2,0
MOCK_007834,awful experience arrived damaged and customer support ignored me very disappointing,2,0
MOCK_007835,cheap materials and poorly made would not recommend a solid choice,1,0
MOCK_007836,this product is a scam nothing works as advertised highly recommended,1,0
MOCK_007837,returned it immediately total garbage would buy again,2,0
MOCK_007838,worst purchase ever falls apart after minimal use very pleased overall,2,0
MOCK_007839,misleading product photos looks nothing like what arrived not worth the price,1,0
MOCK_007840,this product is absolutely amazing exactly what i needed very disappointing,5,1
MOCK_007841,complete waste of money nothing like the description a solid choice,1,0
MOCK_007842,works perfectly highly recommend to everyone highly recommended,4,1
MOCK_007843,do not buy this it stopped working immediately would buy again,2,0
MOCK_007844,outstanding product five stars without hesitation very pleased overall,4,1
MOCK_007845,cheap materials and poorly made would not recommend not worth the price,1,0
MOCK_007846,this product is a scam nothing works as advertised very disappointing,2,0
MOCK_007847,perfect fit and exactly as described very satisfied a solid choice,4,1
MOCK_007848,worst purchase ever falls apart after minimal use highly recommended,1,0
MOCK_007849,misleading product photos looks nothing like what arrived would buy again,2,0
MOCK_007850,terrible product broke after just one week of use very pleased overall,2,0
MOCK_007851,great quality and fast shipping very happy with this purchase not worth the price,5,1
MOCK_007852,very disappointed the quality is extremely poor very disappointing,2,0
MOCK_007853,exceeded my expectations will definitely buy again a solid choice,4,1
MOCK_007854,awful experience arrived damaged and customer support ignored me highly recommended,1,0
MOCK_007855,fantastic build quality and great value for money would buy again,5,1
MOCK_007856,this product is a scam nothing works as advertised very pleased overall,1,0
MOCK_007857,returned it immediately total garbage not worth the price,1,0
MOCK_007858,incredible product customer service was excellent too very disappointing,5,1
MOCK_007859,misleading product photos looks nothing like what arrived a solid choice,2,0
MOCK_007860,this product is absolutely amazing exactly what i needed highly recommended,5,1
MOCK_007861,great quality and fast shipping very happy with this purchase would buy again,4,1
MOCK_007862,works perfectly highly recommend to everyone very pleased overall,4,1
MOCK_007863,exceeded my expectations will definitely buy again not worth the price,4,1
MOCK_007864,awful experience arrived damaged and customer support ignored me very disappointing,2,0
MOCK_007865,fantastic build quality and great value for money a solid choice,4,1
MOCK_007866,this product is a scam nothing works as advertised highly recommended,1,0
MOCK_007867,perfect fit and exactly as described very satisfied would buy again,4,1
MOCK_007868,incredible product customer service was excellent too very pleased overall,5,1
MOCK_007869,best purchase i have made in a long time truly impressive not worth the price,5,1
MOCK_007870,this product is absolutely amazing exactly what i needed very disappointing,4,1
MOCK_007871,great quality and fast shipping very happy with this purchase a solid choice,4,1
MOCK_007872,works perfectly highly recommend to everyone highly recommended,4,1
MOCK_007873,exceeded my expectations will definitely buy again would buy again,4,1
MOCK_007874,awful experience arrived damaged and customer support ignored me very pleased overall,2,0
MOCK_007875,fantastic build quality and great value for money not worth the price,4,1
MOCK_007876,this product is a scam nothing works as advertised very disappointing,2,0
MOCK_007877,returned it immediately total garbage a solid choice,2,0
MOCK_007878,worst purchase ever falls apart after minimal use highly recommended,2,0
MOCK_007879,best purchase i have made in a long time truly impressive would buy again,5,1
MOCK_007880,terrible product broke after just one week of use very pleased overall,1,0
MOCK_007881,complete waste of money nothing like the description not worth the price,1,0
MOCK_007882,very disappointed the quality is extremely poor very disappointing,1,0
MOCK_007883,exceeded my expectations will definitely buy again a solid choice,5,1
MOCK_007884,awful experience arrived damaged and customer support ignored me highly recommended,1,0
MOCK_007885,fantastic build quality and great value for money would buy again,4,1
MOCK_007886,love this item it has made my life so much easier very pleased overall,4,1
MOCK_007887,returned it immediately total garbage not worth the price,1,0
MOCK_007888,worst purchase ever falls apart after minimal use very disappointing,2,0
MOCK_007889,misleading product photos looks nothing like what arrived a solid choice,2,0
MOCK_007890,terrible product broke after just one week of use highly recommended,2,0
MOCK_007891,complete waste of money nothing like the description would buy again,2,0
MOCK_007892,very disappointed the quality is extremely poor very pleased overall,1,0
MOCK_007893,exceeded my expectations will definitely buy again not worth the price,4,1
MOCK_007894,outstanding product five stars without hesitation very disappointing,4,1
MOCK_007895,fantastic build quality and great value for money a solid choice,5,1
MOCK_007896,this product is a scam nothing works as advertised highly recommended,2,0
MOCK_007897,returned it immediately total garbage would buy again,1,0
MOCK_007898,incredible product customer service was excellent too very pleased overall,5,1
MOCK_007899,best purchase i have made in a long time truly impressive not worth the price,4,1
MOCK_007900,terrible product broke after just one week of use very disappointing,1,0
MOCK_007901,great quality and fast shipping very happy with this purchase a solid choice,5,1
MOCK_007902,works perfectly highly recommend to everyone highly recommended,5,1
MOCK_007903,do not buy this it stopped working immediately would buy again,2,0
MOCK_007904,outstanding product five stars without hesitation very pleased overall,5,1
MOCK_007905,cheap materials and poorly made would not recommend not worth the price,1,0
MOCK_007906,this product is a scam nothing works as advertised very disappointing,2,0
MOCK_007907,perfect fit and exactly as described very satisfied a solid choice,5,1
MOCK_007908,worst purchase ever falls apart after minimal use highly recommended,2,0
MOCK_007909,misleading product photos looks nothing like what arrived would buy again,1,0
MOCK_007910,this product is absolutely amazing exactly what i needed very pleased overall,5,1
MOCK_007911,complete waste of money nothing like the description not worth the price,1,0
MOCK_007912,works perfectly highly recommend to everyone very disappointing,4,1
MOCK_007913,do not buy this it stopped working immediately a solid choice,2,0
MOCK_007914,outstanding product five stars without hesitation highly recommended,5,1
MOCK_007915,fantastic build quality and great value for money would buy again,5,1
MOCK_007916,love this item it has made my life so much easier very pleased overall,5,1
MOCK_007917,perfect fit and exactly as described very satisfied not worth the price,4,1
MOCK_007918,incredible product customer service was excellent too very disappointing,5,1
MOCK_007919,misleading product photos looks nothing like what arrived a solid choice,1,0
MOCK_007920,this product is absolutely amazing exactly what i needed highly recommended,5,1
MOCK_007921,great quality and fast shipping very happy with this purchase would buy again,4,1
MOCK_007922,works perfectly highly recommend to everyone very pleased overall,5,1
MOCK_007923,exceeded my expectations will definitely buy again not worth the price,5,1
MOCK_007924,awful experience arrived damaged and customer support ignored me very disappointing,2,0
MOCK_007925,cheap materials and poorly made would not recommend a solid choice,1,0
MOCK_007926,this product is a scam nothing works as advertised highly recommended,1,0
MOCK_007927,perfect fit and exactly as described very satisfied would buy again,4,1
MOCK_007928,worst purchase ever falls apart after minimal use very pleased overall,1,0
MOCK_007929,misleading product photos looks nothing like what arrived not worth the price,2,0
MOCK_007930,this product is absolutely amazing exactly what i needed very disappointing,4,1
MOCK_007931,complete waste of money nothing like the description a solid choice,2,0
MOCK_007932,works perfectly highly recommend to everyone highly recommended,4,1
MOCK_007933,exceeded my expectations will definitely buy again would buy again,4,1
MOCK_007934,awful experience arrived damaged and customer support ignored me very pleased overall,2,0
MOCK_007935,cheap materials and poorly made would not recommend not worth the price,1,0
MOCK_007936,this product is a scam nothing works as advertised very disappointing,1,0
MOCK_007937,perfect fit and exactly as described very satisfied a solid choice,4,1
MOCK_007938,worst purchase ever falls apart after minimal use highly recommended,1,0
MOCK_007939,misleading product photos looks nothing like what arrived would buy again,2,0
MOCK_007940,this product is absolutely amazing exactly what i needed very pleased overall,4,1
MOCK_007941,great quality and fast shipping very happy with this purchase not worth the price,4,1
MOCK_007942,very disappointed the quality is extremely poor very disappointing,2,0
MOCK_007943,do not buy this it stopped working immediately a solid choice,2,0
MOCK_007944,outstanding product five stars without hesitation highly recommended,5,1
MOCK_007945,cheap materials and poorly made would not recommend would buy again,1,0
MOCK_007946,love this item it has made my life so much easier very pleased overall,5,1
MOCK_007947,returned it immediately total garbage not worth the price,1,0
MOCK_007948,incredible product customer service was excellent too very disappointing,4,1
MOCK_007949,misleading product photos looks nothing like what arrived a solid choice,2,0
MOCK_007950,this product is absolutely amazing exactly what i needed highly recommended,5,1
MOCK_007951,great quality and fast shipping very happy with this purchase would buy again,5,1
MOCK_007952,very disappointed the quality is extremely poor very pleased overall,2,0
MOCK_007953,do not buy this it stopped working immediately not worth the price,1,0
MOCK_007954,outstanding product five stars without hesitation very disappointing,5,1
MOCK_007955,fantastic build quality and great value for money a solid choice,5,1
MOCK_007956,this product is a scam nothing works as advertised highly recommended,1,0
MOCK_007957,returned it immediately total garbage would buy again,1,0
MOCK_007958,worst purchase ever falls apart after minimal use very pleased overall,1,0
MOCK_007959,misleading product photos looks nothing like what arrived not worth the price,2,0
MOCK_007960,this product is absolutely amazing exactly what i needed very disappointing,4,1
MOCK_007961,complete waste of money nothing like the description a solid choice,1,0
MOCK_007962,very disappointed the quality is extremely poor highly recommended,2,0
MOCK_007963,exceeded my expectations will definitely buy again would buy again,5,1
MOCK_007964,awful experience arrived damaged and customer support ignored me very pleased overall,1,0
MOCK_007965,cheap materials and poorly made would not recommend not worth the price,2,0
MOCK_007966,love this item it has made my life so much easier very disappointing,5,1
MOCK_007967,perfect fit and exactly as described very satisfied a solid choice,5,1
MOCK_007968,incredible product customer service was excellent too highly recommended,4,1
MOCK_007969,misleading product photos looks nothing like what arrived would buy again,1,0
MOCK_007970,terrible product broke after just one week of use very pleased overall,2,0
MOCK_007971,complete waste of money nothing like the description not worth the price,1,0
MOCK_007972,very disappointed the quality is extremely poor very disappointing,2,0
MOCK_007973,exceeded my expectations will definitely buy again a solid choice,4,1
MOCK_007974,awful experience arrived damaged and customer support ignored me highly recommended,2,0
MOCK_007975,fantastic build quality and great value for money would buy again,5,1
MOCK_007976,love this item it has made my life so much easier very pleased overall,5,1
MOCK_007977,perfect fit and exactly as described very satisfied not worth the price,5,1
MOCK_007978,worst purchase ever falls apart after minimal use very disappointing,2,0
MOCK_007979,misleading product photos looks nothing like what arrived a solid choice,1,0
MOCK_007980,this product is absolutely amazing exactly what i needed highly recommended,4,1
MOCK_007981,complete waste of money nothing like the description would buy again,2,0
MOCK_007982,very disappointed the quality is extremely poor very pleased overall,2,0
MOCK_007983,do not buy this it stopped working immediately not worth the price,2,0
MOCK_007984,outstanding product five stars without hesitation very disappointing,5,1
MOCK_007985,fantastic build quality and great value for money a solid choice,4,1
MOCK_007986,love this item it has made my life so much easier highly recommended,5,1
MOCK_007987,perfect fit and exactly as described very satisfied would buy again,5,1
MOCK_007988,incredible product customer service was excellent too very pleased overall,5,1
MOCK_007989,misleading product photos looks nothing like what arrived not worth the price,2,0
MOCK_007990,terrible product broke after just one week of use very disappointing,2,0
MOCK_007991,great quality and fast shipping very happy with this purchase a solid choice,5,1
MOCK_007992,very disappointed the quality is extremely poor highly recommended,1,0
MOCK_007993,do not buy this it stopped working immediately would buy again,2,0
MOCK_007994,outstanding product five stars without hesitation very pleased overall,4,1
MOCK_007995,cheap materials and poorly made would not recommend not worth the price,1,0
MOCK_007996,this product is a scam nothing works as advertised very disappointing,1,0
MOCK_007997,returned it immediately total garbage a solid choice,1,0
MOCK_007998,worst purchase ever falls apart after minimal use highly recommended,1,0
MOCK_007999,best purchase i have made in a long time truly impressive would buy again,5,1
MOCK_008000,this product is absolutely amazing exactly what i needed very pleased overall,5,1
MOCK_008001,complete waste of money nothing like the description not worth the price,2,0
MOCK_008002,works perfectly highly recommend to everyone very disappointing,4,1
MOCK_008003,do not buy this it stopped working immediately a solid choice,1,0
MOCK_008004,outstanding product five stars without hesitation highly recommended,5,1
MOCK_008005,cheap materials and poorly made would not recommend would buy again,2,0
MOCK_008006,this product is a scam nothing works as advertised very pleased overall,2,0
MOCK_008007,returned it immediately total garbage not worth the price,2,0
MOCK_008008,worst purchase ever falls apart after minimal use very disappointing,2,0
MOCK_008009,misleading product photos looks nothing like what arrived a solid choice,2,0
MOCK_008010,terrible product broke after just one week of use highly recommended,2,0
MOCK_008011,great quality and fast shipping very happy with this purchase would buy again,5,1
MOCK_008012,very disappointed the quality is extremely poor very pleased overall,2,0
MOCK_008013,do not buy this it stopped working immediately not worth the price,1,0
MOCK_008014,awful experience arrived damaged and customer support ignored me very disappointing,1,0
MOCK_008015,fantastic build quality and great value for money a solid choice,4,1
MOCK_008016,love this item it has made my life so much easier highly recommended,5,1
MOCK_008017,returned it immediately total garbage would buy again,2,0
MOCK_008018,worst purchase ever falls apart after minimal use very pleased overall,1,0
MOCK_008019,best purchase i have made in a long time truly impressive not worth the price,5,1
MOCK_008020,this product is absolutely amazing exactly what i needed very disappointing,4,1
MOCK_008021,great quality and fast shipping very happy with this purchase a solid choice,4,1
MOCK_008022,very disappointed the quality is extremely poor highly recommended,2,0
MOCK_008023,do not buy this it stopped working immediately would buy again,1,0
MOCK_008024,awful experience arrived damaged and customer support ignored me very pleased overall,1,0
MOCK_008025,fantastic build quality and great value for money not worth the price,4,1
MOCK_008026,love this item it has made my life so much easier very disappointing,4,1
MOCK_008027,perfect fit and exactly as described very satisfied a solid choice,5,1
MOCK_008028,worst purchase ever falls apart after minimal use highly recommended,2,0
MOCK_008029,best purchase i have made in a long time truly impressive would buy again,5,1
MOCK_008030,terrible product broke after just one week of use very pleased overall,2,0
MOCK_008031,great quality and fast shipping very happy with this purchase not worth the price,4,1
MOCK_008032,very disappointed the quality is extremely poor very disappointing,2,0
MOCK_008033,exceeded my expectations will definitely buy again a solid choice,4,1
MOCK_008034,awful experience arrived damaged and customer support ignored me highly recommended,1,0
MOCK_008035,fantastic build quality and great value for money would buy again,5,1
MOCK_008036,love this item it has made my life so much easier very pleased overall,4,1
MOCK_008037,returned it immediately total garbage not worth the price,1,0
MOCK_008038,incredible product customer service was excellent too very disappointing,4,1
MOCK_008039,misleading product photos looks nothing like what arrived a solid choice,2,0
MOCK_008040,this product is absolutely amazing exactly what i needed highly recommended,4,1
MOCK_008041,complete waste of money nothing like the description would buy again,1,0
MOCK_008042,works perfectly highly recommend to everyone very pleased overall,5,1
MOCK_008043,exceeded my expectations will definitely buy again not worth the price,4,1
MOCK_008044,awful experience arrived damaged and customer support ignored me very disappointing,2,0
MOCK_008045,fantastic build quality and great value for money a solid choice,4,1
MOCK_008046,love this item it has made my life so much easier highly recommended,5,1
MOCK_008047,returned it immediately total garbage would buy again,2,0
MOCK_008048,worst purchase ever falls apart after minimal use very pleased overall,2,0
MOCK_008049,misleading product photos looks nothing like what arrived not worth the price,2,0
MOCK_008050,this product is absolutely amazing exactly what i needed very disappointing,4,1
MOCK_008051,complete waste of money nothing like the description a solid choice,2,0
MOCK_008052,works perfectly highly recommend to everyone highly recommended,5,1
MOCK_008053,exceeded my expectations will definitely buy again would buy again,5,1
MOCK_008054,outstanding product five stars without hesitation very pleased overall,5,1
MOCK_008055,cheap materials and poorly made would not recommend not worth the price,2,0
MOCK_008056,this product is a scam nothing works as advertised very disappointing,2,0
MOCK_008057,returned it immediately total garbage a solid choice,1,0
MOCK_008058,incredible product customer service was excellent too highly recommended,5,1
MOCK_008059,best purchase i have made in a long time truly impressive would buy again,5,1
MOCK_008060,terrible product broke after just one week of use very pleased overall,2,0
MOCK_008061,complete waste of money nothing like the description not worth the price,1,0
MOCK_008062,very disappointed the quality is extremely poor very disappointing,2,0
MOCK_008063,exceeded my expectations will definitely buy again a solid choice,5,1
MOCK_008064,awful experience arrived damaged and customer support ignored me highly recommended,2,0
MOCK_008065,cheap materials and poorly made would not recommend would buy again,1,0
MOCK_008066,this product is a scam nothing works as advertised very pleased overall,1,0
MOCK_008067,returned it immediately total garbage not worth the price,1,0
MOCK_008068,incredible product customer service was excellent too very disappointing,4,1
MOCK_008069,misleading product photos looks nothing like what arrived a solid choice,2,0
MOCK_008070,terrible product broke after just one week of use highly recommended,1,0
MOCK_008071,complete waste of money nothing like the description would buy again,2,0
MOCK_008072,works perfectly highly recommend to everyone very pleased overall,4,1
MOCK_008073,do not buy this it stopped working immediately not worth the price,1,0
MOCK_008074,outstanding product five stars without hesitation very disappointing,5,1
MOCK_008075,cheap materials and poorly made would not recommend a solid choice,1,0
MOCK_008076,love this item it has made my life so much easier highly recommended,4,1
MOCK_008077,perfect fit and exactly as described very satisfied would buy again,4,1
MOCK_008078,incredible product customer service was excellent too very pleased overall,5,1
MOCK_008079,best purchase i have made in a long time truly impressive not worth the price,5,1
MOCK_008080,this product is absolutely amazing exactly what i needed very disappointing,4,1
MOCK_008081,great quality and fast shipping very happy with this purchase a solid choice,5,1
MOCK_008082,very disappointed the quality is extremely poor highly recommended,1,0
MOCK_008083,exceeded my expectations will definitely buy again would buy again,5,1
MOCK_008084,outstanding product five stars without hesitation very pleased overall,4,1
MOCK_008085,fantastic build quality and great value for money not worth the price,5,1
MOCK_008086,love this item it has made my life so much easier very disappointing,5,1
MOCK_008087,returned it immediately total garbage a solid choice,1,0
MOCK_008088,incredible product customer service was excellent too highly recommended,4,1
MOCK_008089,misleading product photos looks nothing like what arrived would buy again,1,0
MOCK_008090,terrible product broke after just one week of use very pleased overall,1,0
MOCK_008091,great quality and fast shipping very happy with this purchase not worth the price,4,1
MOCK_008092,very disappointed the quality is extremely poor very disappointing,1,0
MOCK_008093,exceeded my expectations will definitely buy again a solid choice,5,1
MOCK_008094,awful experience arrived damaged and customer support ignored me highly recommended,1,0
MOCK_008095,cheap materials and poorly made would not recommend would buy again,2,0
MOCK_008096,this product is a scam nothing works as advertised very pleased overall,1,0
MOCK_008097,perfect fit and exactly as described very satisfied not worth the price,5,1
MOCK_008098,worst purchase ever falls apart after minimal use very disappointing,1,0
MOCK_008099,misleading product photos looks nothing like what arrived a solid choice,2,0
MOCK_008100,this product is absolutely amazing exactly what i needed highly recommended,4,1
MOCK_008101,great quality and fast shipping very happy with this purchase would buy again,4,1
MOCK_008102,very disappointed the quality is extremely poor very pleased overall,2,0
MOCK_008103,do not buy this it stopped working immediately not worth the price,2,0
MOCK_008104,awful experience arrived damaged and customer support ignored me very disappointing,2,0
MOCK_008105,cheap materials and poorly made would not recommend a solid choice,1,0
MOCK_008106,love this item it has made my life so much easier highly recommended,4,1
MOCK_008107,perfect fit and exactly as described very satisfied would buy again,5,1
MOCK_008108,worst purchase ever falls apart after minimal use very pleased overall,2,0
MOCK_008109,misleading product photos looks nothing like what arrived not worth the price,2,0
MOCK_008110,this product is absolutely amazing exactly what i needed very disappointing,4,1
MOCK_008111,great quality and fast shipping very happy with this purchase a solid choice,4,1
MOCK_008112,works perfectly highly recommend to everyone highly recommended,5,1
MOCK_008113,do not buy this it stopped working immediately would buy again,2,0
MOCK_008114,outstanding product five stars without hesitation very pleased overall,4,1
MOCK_008115,fantastic build quality and great value for money not worth the price,5,1
MOCK_008116,this product is a scam nothing works as advertised very disappointing,2,0
MOCK_008117,perfect fit and exactly as described very satisfied a solid choice,4,1
MOCK_008118,worst purchase ever falls apart after minimal use highly recommended,1,0
MOCK_008119,misleading product photos looks nothing like what arrived would buy again,2,0
MOCK_008120,terrible product broke after just one week of use very pleased overall,1,0
MOCK_008121,great quality and fast shipping very happy with this purchase not worth the price,5,1
MOCK_008122,works perfectly highly recommend to everyone very disappointing,5,1
MOCK_008123,exceeded my expectations will definitely buy again a solid choice,4,1
MOCK_008124,outstanding product five stars without hesitation highly recommended,5,1
MOCK_008125,cheap materials and poorly made would not recommend would buy again,1,0
MOCK_008126,this product is a scam nothing works as advertised very pleased overall,1,0
MOCK_008127,perfect fit and exactly as described very satisfied not worth the price,5,1
MOCK_008128,worst purchase ever falls apart after minimal use very disappointing,2,0
MOCK_008129,best purchase i have made in a long time truly impressive a solid choice,4,1
MOCK_008130,this product is absolutely amazing exactly what i needed highly recommended,5,1
MOCK_008131,great quality and fast shipping very happy with this purchase would buy again,5,1
MOCK_008132,very disappointed the quality is extremely poor very pleased overall,2,0
MOCK_008133,do not buy this it stopped working immediately not worth the price,2,0
MOCK_008134,outstanding product five stars without hesitation very disappointing,4,1
MOCK_008135,cheap materials and poorly made would not recommend a solid choice,1,0
MOCK_008136,this product is a scam nothing works as advertised highly recommended,2,0
MOCK_008137,returned it immediately total garbage would buy again,1,0
MOCK_008138,worst purchase ever falls apart after minimal use very pleased overall,2,0
MOCK_008139,misleading product photos looks nothing like what arrived not worth the price,1,0
MOCK_008140,terrible product broke after just one week of use very disappointing,1,0
MOCK_008141,complete waste of money nothing like the description a solid choice,1,0
MOCK_008142,very disappointed the quality is extremely poor highly recommended,1,0
MOCK_008143,exceeded my expectations will definitely buy again would buy again,4,1
MOCK_008144,outstanding product five stars without hesitation very pleased overall,5,1
MOCK_008145,fantastic build quality and great value for money not worth the price,5,1
MOCK_008146,love this item it has made my life so much easier very disappointing,4,1
MOCK_008147,perfect fit and exactly as described very satisfied a solid choice,4,1
MOCK_008148,worst purchase ever falls apart after minimal use highly recommended,2,0
MOCK_008149,best purchase i have made in a long time truly impressive would buy again,4,1
MOCK_008150,this product is absolutely amazing exactly what i needed very pleased overall,5,1
MOCK_008151,complete waste of money nothing like the description not worth the price,2,0
MOCK_008152,works perfectly highly recommend to everyone very disappointing,5,1
MOCK_008153,exceeded my expectations will definitely buy again a solid choice,5,1
MOCK_008154,awful experience arrived damaged and customer support ignored me highly recommended,2,0
MOCK_008155,cheap materials and poorly made would not recommend would buy again,2,0
MOCK_008156,this product is a scam nothing works as advertised very pleased overall,2,0
MOCK_008157,perfect fit and exactly as described very satisfied not worth the price,4,1
MOCK_008158,incredible product customer service was excellent too very disappointing,4,1
MOCK_008159,misleading product photos looks nothing like what arrived a solid choice,1,0
MOCK_008160,this product is absolutely amazing exactly what i needed highly recommended,4,1
MOCK_008161,great quality and fast shipping very happy with this purchase would buy again,5,1
MOCK_008162,very disappointed the quality is extremely poor very pleased overall,1,0
MOCK_008163,do not buy this it stopped working immediately not worth the price,1,0
MOCK_008164,outstanding product five stars without hesitation very disappointing,4,1
MOCK_008165,cheap materials and poorly made would not recommend a solid choice,2,0
MOCK_008166,love this item it has made my life so much easier highly recommended,5,1
MOCK_008167,perfect fit and exactly as described very satisfied would buy again,5,1
MOCK_008168,incredible product customer service was excellent too very pleased overall,4,1
MOCK_008169,misleading product photos looks nothing like what arrived not worth the price,1,0
MOCK_008170,this product is absolutely amazing exactly what i needed very disappointing,5,1
MOCK_008171,great quality and fast shipping very happy with this purchase a solid choice,5,1
MOCK_008172,very disappointed the quality is extremely poor highly recommended,2,0
MOCK_008173,do not buy this it stopped working immediately would buy again,2,0
MOCK_008174,awful experience arrived damaged and customer support ignored me very pleased overall,1,0
MOCK_008175,fantastic build quality and great value for money not worth the price,5,1
MOCK_008176,love this item it has made my life so much easier very disappointing,5,1
MOCK_008177,returned it immediately total garbage a solid choice,2,0
MOCK_008178,incredible product customer service was excellent too highly recommended,5,1
MOCK_008179,misleading product photos looks nothing like what arrived would buy again,1,0
MOCK_008180,this product is absolutely amazing exactly what i needed very pleased overall,4,1
MOCK_008181,great quality and fast shipping very happy with this purchase not worth the price,5,1
MOCK_008182,works perfectly highly recommend to everyone very disappointing,5,1
MOCK_008183,do not buy this it stopped working immediately a solid choice,1,0
MOCK_008184,outstanding product five stars without hesitation highly recommended,4,1
MOCK_008185,cheap materials and poorly made would not recommend would buy again,2,0
MOCK_008186,love this item it has made my life so much easier very pleased overall,4,1
MOCK_008187,perfect fit and exactly as described very satisfied not worth the price,4,1
MOCK_008188,worst purchase ever falls apart after minimal use very disappointing,2,0
MOCK_008189,misleading product photos looks nothing like what arrived a solid choice,2,0
MOCK_008190,terrible product broke after just one week of use highly recommended,2,0
MOCK_008191,great quality and fast shipping very happy with this purchase would buy again,5,1
MOCK_008192,very disappointed the quality is extremely poor very pleased overall,1,0
MOCK_008193,exceeded my expectations will definitely buy again not worth the price,5,1
MOCK_008194,outstanding product five stars without hesitation very disappointing,5,1
MOCK_008195,cheap materials and poorly made would not recommend a solid choice,2,0
MOCK_008196,love this item it has made my life so much easier highly recommended,5,1
MOCK_008197,perfect fit and exactly as described very satisfied would buy again,4,1
MOCK_008198,worst purchase ever falls apart after minimal use very pleased overall,1,0
MOCK_008199,best purchase i have made in a long time truly impressive not worth the price,4,1
MOCK_008200,terrible product broke after just one week of use very disappointing,1,0
MOCK_008201,complete waste of money nothing like the description a solid choice,2,0
MOCK_008202,works perfectly highly recommend to everyone highly recommended,4,1
MOCK_008203,exceeded my expectations will definitely buy again would buy again,5,1
MOCK_008204,outstanding product five stars without hesitation very pleased overall,4,1
MOCK_008205,fantastic build quality and great value for money not worth the price,4,1
MOCK_008206,love this item it has made my life so much easier very disappointing,4,1
MOCK_008207,perfect fit and exactly as described very satisfied a solid choice,4,1
MOCK_008208,incredible product customer service was excellent too highly recommended,5,1
MOCK_008209,misleading product photos looks nothing like what arrived would buy again,2,0
MOCK_008210,this product is absolutely amazing exactly what i needed very pleased overall,4,1
MOCK_008211,complete waste of money nothing like the description not worth the price,2,0
MOCK_008212,works perfectly highly recommend to everyone very disappointing,5,1
MOCK_008213,exceeded my expectations will definitely buy again a solid choice,5,1
MOCK_008214,awful experience arrived damaged and customer support ignored me highly recommended,1,0
MOCK_008215,cheap materials and poorly made would not recommend would buy again,1,0
MOCK_008216,love this item it has made my life so much easier very pleased overall,5,1
MOCK_008217,returned it immediately total garbage not worth the price,2,0
MOCK_008218,worst purchase ever falls apart after minimal use very disappointing,1,0
MOCK_008219,best purchase i have made in a long time truly impressive a solid choice,5,1
MOCK_008220,this product is absolutely amazing exactly what i needed highly recommended,4,1
MOCK_008221,great quality and fast shipping very happy with this purchase would buy again,5,1
MOCK_008222,very disappointed the quality is extremely poor very pleased overall,1,0
MOCK_008223,do not buy this it stopped working immediately not worth the price,2,0
MOCK_008224,awful experience arrived damaged and customer support ignored me very disappointing,1,0
MOCK_008225,cheap materials and poorly made would not recommend a solid choice,1,0
MOCK_008226,love this item it has made my life so much easier highly recommended,5,1
MOCK_008227,returned it immediately total garbage would buy again,1,0
MOCK_008228,worst purchase ever falls apart after minimal use very pleased overall,2,0
MOCK_008229,misleading product photos looks nothing like what arrived not worth the price,2,0
MOCK_008230,terrible product broke after just one week of use very disappointing,1,0
MOCK_008231,great quality and fast shipping very happy with this purchase a solid choice,4,1
MOCK_008232,works perfectly highly recommend to everyone highly recommended,5,1
MOCK_008233,do not buy this it stopped working immediately would buy again,2,0
MOCK_008234,outstanding product five stars without hesitation very pleased overall,5,1
MOCK_008235,cheap materials and poorly made would not recommend not worth the price,1,0
MOCK_008236,love this item it has made my life so much easier very disappointing,5,1
MOCK_008237,returned it immediately total garbage a solid choice,2,0
MOCK_008238,incredible product customer service was excellent too highly recommended,5,1
MOCK_008239,best purchase i have made in a long time truly impressive would buy again,4,1
MOCK_008240,this product is absolutely amazing exactly what i needed very pleased overall,4,1
MOCK_008241,complete waste of money nothing like the description not worth the price,2,0
MOCK_008242,very disappointed the quality is extremely poor very disappointing,2,0
MOCK_008243,do not buy this it stopped working immediately a solid choice,1,0
MOCK_008244,awful experience arrived damaged and customer support ignored me highly recommended,2,0
MOCK_008245,cheap materials and poorly made would not recommend would buy again,1,0
MOCK_008246,this product is a scam nothing works as advertised very pleased overall,1,0
MOCK_008247,perfect fit and exactly as described very satisfied not worth the price,4,1
MOCK_008248,worst purchase ever falls apart after minimal use very disappointing,1,0
MOCK_008249,misleading product photos looks nothing like what arrived a solid choice,1,0
MOCK_008250,this product is absolutely amazing exactly what i needed highly recommended,4,1
MOCK_008251,complete waste of money nothing like the description would buy again,1,0
MOCK_008252,works perfectly highly recommend to everyone very pleased overall,5,1
MOCK_008253,exceeded my expectations will definitely buy again not worth the price,5,1
MOCK_008254,awful experience arrived damaged and customer support ignored me very disappointing,2,0
MOCK_008255,fantastic build quality and great value for money a solid choice,4,1
MOCK_008256,love this item it has made my life so much easier highly recommended,5,1
MOCK_008257,perfect fit and exactly as described very satisfied would buy again,4,1
MOCK_008258,incredible product customer service was excellent too very pleased overall,5,1
MOCK_008259,misleading product photos looks nothing like what arrived not worth the price,2,0
MOCK_008260,this product is absolutely amazing exactly what i needed very disappointing,4,1
MOCK_008261,complete waste of money nothing like the description a solid choice,1,0
MOCK_008262,works perfectly highly recommend to everyone highly recommended,5,1
MOCK_008263,do not buy this it stopped working immediately would buy again,2,0
MOCK_008264,outstanding product five stars without hesitation very pleased overall,5,1
MOCK_008265,fantastic build quality and great value for money not worth the price,5,1
MOCK_008266,love this item it has made my life so much easier very disappointing,5,1
MOCK_008267,perfect fit and exactly as described very satisfied a solid choice,4,1
MOCK_008268,incredible product customer service was excellent too highly recommended,5,1
MOCK_008269,best purchase i have made in a long time truly impressive would buy again,4,1
MOCK_008270,this product is absolutely amazing exactly what i needed very pleased overall,4,1
MOCK_008271,complete waste of money nothing like the description not worth the price,1,0
MOCK_008272,very disappointed the quality is extremely poor very disappointing,2,0
MOCK_008273,exceeded my expectations will definitely buy again a solid choice,5,1
MOCK_008274,outstanding product five stars without hesitation highly recommended,4,1
MOCK_008275,fantastic build quality and great value for money would buy again,4,1
MOCK_008276,love this item it has made my life so much easier very pleased overall,4,1
MOCK_008277,perfect fit and exactly as described very satisfied not worth the price,5,1
MOCK_008278,incredible product customer service was excellent too very disappointing,5,1
MOCK_008279,best purchase i have made in a long time truly impressive a solid choice,4,1
MOCK_008280,this product is absolutely amazing exactly what i needed highly recommended,4,1
MOCK_008281,complete waste of money nothing like the description would buy again,2,0
MOCK_008282,very disappointed the quality is extremely poor very pleased overall,1,0
MOCK_008283,do not buy this it stopped working immediately not worth the price,2,0
MOCK_008284,outstanding product five stars without hesitation very disappointing,4,1
MOCK_008285,fantastic build quality and great value for money a solid choice,4,1
MOCK_008286,this product is a scam nothing works as advertised highly recommended,1,0
MOCK_008287,returned it immediately total garbage would buy again,2,0
MOCK_008288,worst purchase ever falls apart after minimal use very pleased overall,1,0
MOCK_008289,best purchase i have made in a long time truly impressive not worth the price,4,1
MOCK_008290,this product is absolutely amazing exactly what i needed very disappointing,5,1
MOCK_008291,great quality and fast shipping very happy with this purchase a solid choice,5,1
MOCK_008292,very disappointed the quality is extremely poor highly recommended,1,0
MOCK_008293,exceeded my expectations will definitely buy again would buy again,4,1
MOCK_008294,awful experience arrived damaged and customer support ignored me very pleased overall,2,0
MOCK_008295,fantastic build quality and great value for money not worth the price,4,1
MOCK_008296,love this item it has made my life so much easier very disappointing,5,1
MOCK_008297,returned it immediately total garbage a solid choice,1,0
MOCK_008298,incredible product customer service was excellent too highly recommended,4,1
MOCK_008299,misleading product photos looks nothing like what arrived would buy again,1,0
MOCK_008300,this product is absolutely amazing exactly what i needed very pleased overall,5,1
MOCK_008301,complete waste of money nothing like the description not worth the price,1,0
MOCK_008302,works perfectly highly recommend to everyone very disappointing,4,1
MOCK_008303,exceeded my expectations will definitely buy again a solid choice,4,1
MOCK_008304,outstanding product five stars without hesitation highly recommended,5,1
MOCK_008305,fantastic build quality and great value for money would buy again,4,1
MOCK_008306,this product is a scam nothing works as advertised very pleased overall,2,0
MOCK_008307,returned it immediately total garbage not worth the price,2,0
MOCK_008308,incredible product customer service was excellent too very disappointing,4,1
MOCK_008309,misleading product photos looks nothing like what arrived a solid choice,2,0
MOCK_008310,this product is absolutely amazing exactly what i needed highly recommended,5,1
MOCK_008311,complete waste of money nothing like the description would buy again,1,0
MOCK_008312,very disappointed the quality is extremely poor very pleased overall,1,0
MOCK_008313,do not buy this it stopped working immediately not worth the price,1,0
MOCK_008314,outstanding product five stars without hesitation very disappointing,4,1
MOCK_008315,fantastic build quality and great value for money a solid choice,5,1
MOCK_008316,this product is a scam nothing works as advertised highly recommended,2,0
MOCK_008317,returned it immediately total garbage would buy again,2,0
MOCK_008318,incredible product customer service was excellent too very pleased overall,4,1
MOCK_008319,best purchase i have made in a long time truly impressive not worth the price,4,1
MOCK_008320,this product is absolutely amazing exactly what i needed very disappointing,4,1
MOCK_008321,complete waste of money nothing like the description a solid choice,2,0
MOCK_008322,works perfectly highly recommend to everyone highly recommended,4,1
MOCK_008323,exceeded my expectations will definitely buy again would buy again,5,1
MOCK_008324,awful experience arrived damaged and customer support ignored me very pleased overall,2,0
MOCK_008325,fantastic build quality and great value for money not worth the price,4,1
MOCK_008326,love this item it has made my life so much easier very disappointing,5,1
MOCK_008327,returned it immediately total garbage a solid choice,2,0
MOCK_008328,incredible product customer service was excellent too highly recommended,5,1
MOCK_008329,best purchase i have made in a long time truly impressive would buy again,4,1
MOCK_008330,terrible product broke after just one week of use very pleased overall,1,0
MOCK_008331,complete waste of money nothing like the description not worth the price,2,0
MOCK_008332,works perfectly highly recommend to everyone very disappointing,4,1
MOCK_008333,exceeded my expectations will definitely buy again a solid choice,5,1
MOCK_008334,awful experience arrived damaged and customer support ignored me highly recommended,1,0
MOCK_008335,cheap materials and poorly made would not recommend would buy again,2,0
MOCK_008336,this product is a scam nothing works as advertised very pleased overall,2,0
MOCK_008337,returned it immediately total garbage not worth the price,1,0
MOCK_008338,worst purchase ever falls apart after minimal use very disappointing,1,0
MOCK_008339,misleading product photos looks nothing like what arrived a solid choice,2,0
MOCK_008340,terrible product broke after just one week of use highly recommended,1,0
MOCK_008341,complete waste of money nothing like the description would buy again,2,0
MOCK_008342,very disappointed the quality is extremely poor very pleased overall,2,0
MOCK_008343,exceeded my expectations will definitely buy again not worth the price,4,1
MOCK_008344,outstanding product five stars without hesitation very disappointing,5,1
MOCK_008345,cheap materials and poorly made would not recommend a solid choice,2,0
MOCK_008346,this product is a scam nothing works as advertised highly recommended,2,0
MOCK_008347,perfect fit and exactly as described very satisfied would buy again,4,1
MOCK_008348,worst purchase ever falls apart after minimal use very pleased overall,1,0
MOCK_008349,misleading product photos looks nothing like what arrived not worth the price,1,0
MOCK_008350,this product is absolutely amazing exactly what i needed very disappointing,5,1
MOCK_008351,complete waste of money nothing like the description a solid choice,2,0
MOCK_008352,works perfectly highly recommend to everyone highly recommended,5,1
MOCK_008353,exceeded my expectations will definitely buy again would buy again,4,1
MOCK_008354,outstanding product five stars without hesitation very pleased overall,5,1
MOCK_008355,fantastic build quality and great value for money not worth the price,5,1
MOCK_008356,this product is a scam nothing works as advertised very disappointing,2,0
MOCK_008357,perfect fit and exactly as described very satisfied a solid choice,4,1
MOCK_008358,worst purchase ever falls apart after minimal use highly recommended,2,0
MOCK_008359,misleading product photos looks nothing like what arrived would buy again,1,0
MOCK_008360,this product is absolutely amazing exactly what i needed very pleased overall,4,1
MOCK_008361,great quality and fast shipping very happy with this purchase not worth the price,5,1
MOCK_008362,very disappointed the quality is extremely poor very disappointing,1,0
MOCK_008363,do not buy this it stopped working immediately a solid choice,1,0
MOCK_008364,awful experience arrived damaged and customer support ignored me highly recommended,2,0
MOCK_008365,fantastic build quality and great value for money would buy again,5,1
MOCK_008366,love this item it has made my life so much easier very pleased overall,4,1
MOCK_008367,returned it immediately total garbage not worth the price,2,0
MOCK_008368,incredible product customer service was excellent too very disappointing,4,1
MOCK_008369,misleading product photos looks nothing like what arrived a solid choice,1,0
MOCK_008370,terrible product broke after just one week of use highly recommended,1,0
MOCK_008371,complete waste of money nothing like the description would buy again,2,0
MOCK_008372,very disappointed the quality is extremely poor very pleased overall,1,0
MOCK_008373,exceeded my expectations will definitely buy again not worth the price,4,1
MOCK_008374,awful experience arrived damaged and customer support ignored me very disappointing,2,0
MOCK_008375,fantastic build quality and great value for money a solid choice,5,1
MOCK_008376,this product is a scam nothing works as advertised highly recommended,2,0
MOCK_008377,returned it immediately total garbage would buy again,2,0
MOCK_008378,worst purchase ever falls apart after minimal use very pleased overall,1,0
MOCK_008379,misleading product photos looks nothing like what arrived not worth the price,1,0
MOCK_008380,this product is absolutely amazing exactly what i needed very disappointing,4,1
MOCK_008381,complete waste of money nothing like the description a solid choice,2,0
MOCK_008382,very disappointed the quality is extremely poor highly recommended,1,0
MOCK_008383,exceeded my expectations will definitely buy again would buy again,4,1
MOCK_008384,outstanding product five stars without hesitation very pleased overall,4,1
MOCK_008385,cheap materials and poorly made would not recommend not worth the price,1,0
MOCK_008386,this product is a scam nothing works as advertised very disappointing,2,0
MOCK_008387,returned it immediately total garbage a solid choice,2,0
MOCK_008388,incredible product customer service was excellent too highly recommended,4,1
MOCK_008389,best purchase i have made in a long time truly impressive would buy again,5,1
MOCK_008390,terrible product broke after just one week of use very pleased overall,2,0
MOCK_008391,complete waste of money nothing like the description not worth the price,1,0
MOCK_008392,very disappointed the quality is extremely poor very disappointing,1,0
MOCK_008393,do not buy this it stopped working immediately a solid choice,2,0
MOCK_008394,awful experience arrived damaged and customer support ignored me highly recommended,1,0
MOCK_008395,cheap materials and poorly made would not recommend would buy again,2,0
MOCK_008396,love this item it has made my life so much easier very pleased overall,5,1
MOCK_008397,perfect fit and exactly as described very satisfied not worth the price,5,1
MOCK_008398,incredible product customer service was excellent too very disappointing,5,1
MOCK_008399,best purchase i have made in a long time truly impressive a solid choice,5,1
MOCK_008400,terrible product broke after just one week of use highly recommended,2,0
MOCK_008401,great quality and fast shipping very happy with this purchase would buy again,4,1
MOCK_008402,works perfectly highly recommend to everyone very pleased overall,5,1
MOCK_008403,exceeded my expectations will definitely buy again not worth the price,5,1
MOCK_008404,outstanding product five stars without hesitation very disappointing,5,1
MOCK_008405,fantastic build quality and great value for money a solid choice,5,1
MOCK_008406,this product is a scam nothing works as advertised highly recommended,1,0
MOCK_008407,returned it immediately total garbage would buy again,2,0
MOCK_008408,incredible product customer service was excellent too very pleased overall,5,1
MOCK_008409,best purchase i have made in a long time truly impressive not worth the price,5,1
MOCK_008410,this product is absolutely amazing exactly what i needed very disappointing,5,1
MOCK_008411,complete waste of money nothing like the description a solid choice,2,0
MOCK_008412,very disappointed the quality is extremely poor highly recommended,2,0
MOCK_008413,exceeded my expectations will definitely buy again would buy again,4,1
MOCK_008414,awful experience arrived damaged and customer support ignored me very pleased overall,1,0
MOCK_008415,cheap materials and poorly made would not recommend not worth the price,2,0
MOCK_008416,love this item it has made my life so much easier very disappointing,5,1
MOCK_008417,perfect fit and exactly as described very satisfied a solid choice,5,1
MOCK_008418,worst purchase ever falls apart after minimal use highly recommended,1,0
MOCK_008419,misleading product photos looks nothing like what arrived would buy again,1,0
MOCK_008420,terrible product broke after just one week of use very pleased overall,1,0
MOCK_008421,complete waste of money nothing like the description not worth the price,2,0
MOCK_008422,works perfectly highly recommend to everyone very disappointing,5,1
MOCK_008423,exceeded my expectations will definitely buy again a solid choice,5,1
MOCK_008424,awful experience arrived damaged and customer support ignored me highly recommended,1,0
MOCK_008425,cheap materials and poorly made would not recommend would buy again,2,0
MOCK_008426,love this item it has made my life so much easier very pleased overall,5,1
MOCK_008427,perfect fit and exactly as described very satisfied not worth the price,4,1
MOCK_008428,incredible product customer service was excellent too very disappointing,5,1
MOCK_008429,best purchase i have made in a long time truly impressive a solid choice,5,1
MOCK_008430,terrible product broke after just one week of use highly recommended,1,0
MOCK_008431,complete waste of money nothing like the description would buy again,1,0
MOCK_008432,very disappointed the quality is extremely poor very pleased overall,2,0
MOCK_008433,do not buy this it stopped working immediately not worth the price,2,0
MOCK_008434,outstanding product five stars without hesitation very disappointing,5,1
MOCK_008435,fantastic build quality and great value for money a solid choice,5,1
MOCK_008436,this product is a scam nothing works as advertised highly recommended,1,0
MOCK_008437,returned it immediately total garbage would buy again,2,0
MOCK_008438,worst purchase ever falls apart after minimal use very pleased overall,2,0
MOCK_008439,misleading product photos looks nothing like what arrived not worth the price,1,0
MOCK_008440,this product is absolutely amazing exactly what i needed very disappointing,5,1
MOCK_008441,great quality and fast shipping very happy with this purchase a solid choice,4,1
MOCK_008442,very disappointed the quality is extremely poor highly recommended,1,0
MOCK_008443,do not buy this it stopped working immediately would buy again,1,0
MOCK_008444,outstanding product five stars without hesitation very pleased overall,5,1
MOCK_008445,fantastic build quality and great value for money not worth the price,4,1
MOCK_008446,this product is a scam nothing works as advertised very disappointing,1,0
MOCK_008447,perfect fit and exactly as described very satisfied a solid choice,5,1
MOCK_008448,worst purchase ever falls apart after minimal use highly recommended,1,0
MOCK_008449,misleading product photos looks nothing like what arrived would buy again,2,0
MOCK_008450,this product is absolutely amazing exactly what i needed very pleased overall,5,1
MOCK_008451,great quality and fast shipping very happy with this purchase not worth the price,4,1
MOCK_008452,works perfectly highly recommend to everyone very disappointing,4,1
MOCK_008453,do not buy this it stopped working immediately a solid choice,2,0
MOCK_008454,outstanding product five stars without hesitation highly recommended,4,1
MOCK_008455,fantastic build quality and great value for money would buy again,4,1
MOCK_008456,this product is a scam nothing works as advertised very pleased overall,2,0
MOCK_008457,returned it immediately total garbage not worth the price,2,0
MOCK_008458,incredible product customer service was excellent too very disappointing,5,1
MOCK_008459,best purchase i have made in a long time truly impressive a solid choice,5,1
MOCK_008460,terrible product broke after just one week of use highly recommended,2,0
MOCK_008461,complete waste of money nothing like the description would buy again,2,0
MOCK_008462,works perfectly highly recommend to everyone very pleased overall,5,1
MOCK_008463,do not buy this it stopped working immediately not worth the price,2,0
MOCK_008464,awful experience arrived damaged and customer support ignored me very disappointing,2,0
MOCK_008465,fantastic build quality and great value for money a solid choice,5,1
MOCK_008466,this product is a scam nothing works as advertised highly recommended,1,0
MOCK_008467,returned it immediately total garbage would buy again,2,0
MOCK_008468,incredible product customer service was excellent too very pleased overall,5,1
MOCK_008469,best purchase i have made in a long time truly impressive not worth the price,4,1
MOCK_008470,terrible product broke after just one week of use very disappointing,1,0
MOCK_008471,complete waste of money nothing like the description a solid choice,2,0
MOCK_008472,works perfectly highly recommend to everyone highly recommended,4,1
MOCK_008473,exceeded my expectations will definitely buy again would buy again,4,1
MOCK_008474,awful experience arrived damaged and customer support ignored me very pleased overall,1,0
MOCK_008475,cheap materials and poorly made would not recommend not worth the price,1,0
MOCK_008476,love this item it has made my life so much easier very disappointing,5,1
MOCK_008477,returned it immediately total garbage a solid choice,1,0
MOCK_008478,worst purchase ever falls apart after minimal use highly recommended,1,0
MOCK_008479,best purchase i have made in a long time truly impressive would buy again,5,1
MOCK_008480,terrible product broke after just one week of use very pleased overall,1,0
MOCK_008481,great quality and fast shipping very happy with this purchase not worth the price,4,1
MOCK_008482,works perfectly highly recommend to everyone very disappointing,5,1
MOCK_008483,exceeded my expectations will definitely buy again a solid choice,5,1
MOCK_008484,awful experience arrived damaged and customer support ignored me highly recommended,2,0
MOCK_008485,fantastic build quality and great value for money would buy again,5,1
MOCK_008486,love this item it has made my life so much easier very pleased overall,5,1
MOCK_008487,perfect fit and exactly as described very satisfied not worth the price,4,1
MOCK_008488,worst purchase ever falls apart after minimal use very disappointing,2,0
MOCK_008489,misleading product photos looks nothing like what arrived a solid choice,2,0
MOCK_008490,terrible product broke after just one week of use highly recommended,1,0
MOCK_008491,great quality and fast shipping very happy with this purchase would buy again,5,1
MOCK_008492,works perfectly highly recommend to everyone very pleased overall,4,1
MOCK_008493,do not buy this it stopped working immediately not worth the price,2,0
MOCK_008494,outstanding product five stars without hesitation very disappointing,5,1
MOCK_008495,fantastic build quality and great value for money a solid choice,5,1
MOCK_008496,this product is a scam nothing works as advertised highly recommended,1,0
MOCK_008497,returned it immediately total garbage would buy again,2,0
MOCK_008498,worst purchase ever falls apart after minimal use very pleased overall,2,0
MOCK_008499,misleading product photos looks nothing like what arrived not worth the price,1,0
MOCK_008500,this product is absolutely amazing exactly what i needed very disappointing,4,1
MOCK_008501,great quality and fast shipping very happy with this purchase a solid choice,5,1
MOCK_008502,works perfectly highly recommend to everyone highly recommended,4,1
MOCK_008503,exceeded my expectations will definitely buy again would buy again,5,1
MOCK_008504,awful experience arrived damaged and customer support ignored me very pleased overall,2,0
MOCK_008505,cheap materials and poorly made would not recommend not worth the price,1,0
MOCK_008506,this product is a scam nothing works as advertised very disappointing,2,0
MOCK_008507,perfect fit and exactly as described very satisfied a solid choice,4,1
MOCK_008508,worst purchase ever falls apart after minimal use highly recommended,2,0
MOCK_008509,best purchase i have made in a long time truly impressive would buy again,5,1
MOCK_008510,terrible product broke after just one week of use very pleased overall,1,0
MOCK_008511,complete waste of money nothing like the description not worth the price,2,0
MOCK_008512,works perfectly highly recommend to everyone very disappointing,5,1
MOCK_008513,do not buy this it stopped working immediately a solid choice,2,0
MOCK_008514,outstanding product five stars without hesitation highly recommended,4,1
MOCK_008515,cheap materials and poorly made would not recommend would buy again,2,0
MOCK_008516,love this item it has made my life so much easier very pleased overall,5,1
MOCK_008517,returned it immediately total garbage not worth the price,1,0
MOCK_008518,incredible product customer service was excellent too very disappointing,5,1
MOCK_008519,misleading product photos looks nothing like what arrived a solid choice,1,0
MOCK_008520,terrible product broke after just one week of use highly recommended,2,0
MOCK_008521,complete waste of money nothing like the description would buy again,1,0
MOCK_008522,works perfectly highly recommend to everyone very pleased overall,5,1
MOCK_008523,do not buy this it stopped working immediately not worth the price,1,0
MOCK_008524,awful experience arrived damaged and customer support ignored me very disappointing,1,0
MOCK_008525,cheap materials and poorly made would not recommend a solid choice,2,0
MOCK_008526,this product is a scam nothing works as advertised highly recommended,2,0
MOCK_008527,returned it immediately total garbage would buy again,2,0
MOCK_008528,incredible product customer service was excellent too very pleased overall,5,1
MOCK_008529,best purchase i have made in a long time truly impressive not worth the price,4,1
MOCK_008530,this product is absolutely amazing exactly what i needed very disappointing,5,1
MOCK_008531,complete waste of money nothing like the description a solid choice,1,0
MOCK_008532,works perfectly highly recommend to everyone highly recommended,4,1
MOCK_008533,exceeded my expectations will definitely buy again would buy again,5,1
MOCK_008534,awful experience arrived damaged and customer support ignored me very pleased overall,2,0
MOCK_008535,fantastic build quality and great value for money not worth the price,4,1
MOCK_008536,love this item it has made my life so much easier very disappointing,4,1
MOCK_008537,returned it immediately total garbage a solid choice,2,0
MOCK_008538,incredible product customer service was excellent too highly recommended,4,1
MOCK_008539,misleading product photos looks nothing like what arrived would buy again,1,0
MOCK_008540,terrible product broke after just one week of use very pleased overall,1,0
MOCK_008541,great quality and fast shipping very happy with this purchase not worth the price,4,1
MOCK_008542,very disappointed the quality is extremely poor very disappointing,1,0
MOCK_008543,exceeded my expectations will definitely buy again a solid choice,5,1
MOCK_008544,outstanding product five stars without hesitation highly recommended,4,1
MOCK_008545,fantastic build quality and great value for money would buy again,5,1
MOCK_008546,love this item it has made my life so much easier very pleased overall,5,1
MOCK_008547,perfect fit and exactly as described very satisfied not worth the price,5,1
MOCK_008548,incredible product customer service was excellent too very disappointing,5,1
MOCK_008549,best purchase i have made in a long time truly impressive a solid choice,5,1
MOCK_008550,terrible product broke after just one week of use highly recommended,2,0
MOCK_008551,complete waste of money nothing like the description would buy again,2,0
MOCK_008552,very disappointed the quality is extremely poor very pleased overall,2,0
MOCK_008553,exceeded my expectations will definitely buy again not worth the price,5,1
MOCK_008554,awful experience arrived damaged and customer support ignored me very disappointing,2,0
MOCK_008555,fantastic build quality and great value for money a solid choice,4,1
MOCK_008556,this product is a scam nothing works as advertised highly recommended,2,0
MOCK_008557,perfect fit and exactly as described very satisfied would buy again,5,1
MOCK_008558,worst purchase ever falls apart after minimal use very pleased overall,1,0
MOCK_008559,best purchase i have made in a long time truly impressive not worth the price,5,1
MOCK_008560,this product is absolutely amazing exactly what i needed very disappointing,4,1
MOCK_008561,complete waste of money nothing like the description a solid choice,1,0
MOCK_008562,works perfectly highly recommend to everyone highly recommended,5,1
MOCK_008563,do not buy this it stopped working immediately would buy again,1,0
MOCK_008564,outstanding product five stars without hesitation very pleased overall,4,1
MOCK_008565,cheap materials and poorly made would not recommend not worth the price,1,0
MOCK_008566,love this item it has made my life so much easier very disappointing,5,1
MOCK_008567,perfect fit and exactly as described very satisfied a solid choice,4,1
MOCK_008568,incredible product customer service was excellent too highly recommended,5,1
MOCK_008569,misleading product photos looks nothing like what arrived would buy again,2,0
MOCK_008570,terrible product broke after just one week of use very pleased overall,2,0
MOCK_008571,great quality and fast shipping very happy with this purchase not worth the price,5,1
MOCK_008572,works perfectly highly recommend to everyone very disappointing,5,1
MOCK_008573,exceeded my expectations will definitely buy again a solid choice,4,1
MOCK_008574,awful experience arrived damaged and customer support ignored me highly recommended,2,0
MOCK_008575,cheap materials and poorly made would not recommend would buy again,2,0
MOCK_008576,love this item it has made my life so much easier very pleased overall,4,1
MOCK_008577,perfect fit and exactly as described very satisfied not worth the price,4,1
MOCK_008578,worst purchase ever falls apart after minimal use very disappointing,2,0
MOCK_008579,misleading product photos looks nothing like what arrived a solid choice,1,0
MOCK_008580,terrible product broke after just one week of use highly recommended,2,0
MOCK_008581,complete waste of money nothing like the description would buy again,1,0
MOCK_008582,very disappointed the quality is extremely poor very pleased overall,2,0
MOCK_008583,do not buy this it stopped working immediately not worth the price,1,0
MOCK_008584,outstanding product five stars without hesitation very disappointing,5,1
MOCK_008585,fantastic build quality and great value for money a solid choice,4,1
MOCK_008586,this product is a scam nothing works as advertised highly recommended,1,0
MOCK_008587,returned it immediately total garbage would buy again,1,0
MOCK_008588,incredible product customer service was excellent too very pleased overall,4,1
MOCK_008589,best purchase i have made in a long time truly impressive not worth the price,5,1
MOCK_008590,terrible product broke after just one week of use very disappointing,2,0
MOCK_008591,great quality and fast shipping very happy with this purchase a solid choice,4,1
MOCK_008592,very disappointed the quality is extremely poor highly recommended,2,0
MOCK_008593,do not buy this it stopped working immediately would buy again,1,0
MOCK_008594,awful experience arrived damaged and customer support ignored me very pleased overall,1,0
MOCK_008595,cheap materials and poorly made would not recommend not worth the price,2,0
MOCK_008596,love this item it has made my life so much easier very disappointing,5,1
MOCK_008597,perfect fit and exactly as described very satisfied a solid choice,5,1
MOCK_008598,incredible product customer service was excellent too highly recommended,4,1
MOCK_008599,misleading product photos looks nothing like what arrived would buy again,1,0
MOCK_008600,this product is absolutely amazing exactly what i needed very pleased overall,5,1
MOCK_008601,great quality and fast shipping very happy with this purchase not worth the price,4,1
MOCK_008602,very disappointed the quality is extremely poor very disappointing,1,0
MOCK_008603,do not buy this it stopped working immediately a solid choice,2,0
MOCK_008604,awful experience arrived damaged and customer support ignored me highly recommended,2,0
MOCK_008605,fantastic build quality and great value for money would buy again,4,1
MOCK_008606,love this item it has made my life so much easier very pleased overall,4,1
MOCK_008607,returned it immediately total garbage not worth the price,2,0
MOCK_008608,incredible product customer service was excellent too very disappointing,4,1
MOCK_008609,best purchase i have made in a long time truly impressive a solid choice,4,1
MOCK_008610,terrible product broke after just one week of use highly recommended,1,0
MOCK_008611,complete waste of money nothing like the description would buy again,2,0
MOCK_008612,works perfectly highly recommend to everyone very pleased overall,5,1
MOCK_008613,exceeded my expectations will definitely buy again not worth the price,4,1
MOCK_008614,outstanding product five stars without hesitation very disappointing,4,1
MOCK_008615,fantastic build quality and great value for money a solid choice,5,1
MOCK_008616,love this item it has made my life so much easier highly recommended,5,1
MOCK_008617,returned it immediately total garbage would buy again,2,0
MOCK_008618,incredible product customer service was excellent too very pleased overall,4,1
MOCK_008619,best purchase i have made in a long time truly impressive not worth the price,5,1
MOCK_008620,terrible product broke after just one week of use very disappointing,2,0
MOCK_008621,complete waste of money nothing like the description a solid choice,2,0
MOCK_008622,very disappointed the quality is extremely poor highly recommended,1,0
MOCK_008623,exceeded my expectations will definitely buy again would buy again,5,1
MOCK_008624,outstanding product five stars without hesitation very pleased overall,4,1
MOCK_008625,fantastic build quality and great value for money not worth the price,4,1
MOCK_008626,love this item it has made my life so much easier very disappointing,4,1
MOCK_008627,perfect fit and exactly as described very satisfied a solid choice,5,1
MOCK_008628,worst purchase ever falls apart after minimal use highly recommended,1,0
MOCK_008629,best purchase i have made in a long time truly impressive would buy again,5,1
MOCK_008630,terrible product broke after just one week of use very pleased overall,2,0
MOCK_008631,complete waste of money nothing like the description not worth the price,2,0
MOCK_008632,very disappointed the quality is extremely poor very disappointing,1,0
MOCK_008633,exceeded my expectations will definitely buy again a solid choice,5,1
MOCK_008634,awful experience arrived damaged and customer support ignored me highly recommended,1,0
MOCK_008635,cheap materials and poorly made would not recommend would buy again,1,0
MOCK_008636,love this item it has made my life so much easier very pleased overall,4,1
MOCK_008637,perfect fit and exactly as described very satisfied not worth the price,4,1
MOCK_008638,worst purchase ever falls apart after minimal use very disappointing,2,0
MOCK_008639,misleading product photos looks nothing like what arrived a solid choice,1,0
MOCK_008640,terrible product broke after just one week of use highly recommended,1,0
MOCK_008641,great quality and fast shipping very happy with this purchase would buy again,5,1
MOCK_008642,very disappointed the quality is extremely poor very pleased overall,1,0
MOCK_008643,do not buy this it stopped working immediately not worth the price,1,0
MOCK_008644,awful experience arrived damaged and customer support ignored me very disappointing,1,0
MOCK_008645,fantastic build quality and great value for money a solid choice,4,1
MOCK_008646,love this item it has made my life so much easier highly recommended,5,1
MOCK_008647,returned it immediately total garbage would buy again,1,0
MOCK_008648,worst purchase ever falls apart after minimal use very pleased overall,1,0
MOCK_008649,misleading product photos looks nothing like what arrived not worth the price,2,0
MOCK_008650,terrible product broke after just one week of use very disappointing,1,0
MOCK_008651,great quality and fast shipping very happy with this purchase a solid choice,5,1
MOCK_008652,works perfectly highly recommend to everyone highly recommended,5,1
MOCK_008653,do not buy this it stopped working immediately would buy again,1,0
MOCK_008654,awful experience arrived damaged and customer support ignored me very pleased overall,1,0
MOCK_008655,cheap materials and poorly made would not recommend not worth the price,1,0
MOCK_008656,this product is a scam nothing works as advertised very disappointing,1,0
MOCK_008657,perfect fit and exactly as described very satisfied a solid choice,4,1
MOCK_008658,worst purchase ever falls apart after minimal use highly recommended,2,0
MOCK_008659,best purchase i have made in a long time truly impressive would buy again,4,1
MOCK_008660,terrible product broke after just one week of use very pleased overall,1,0
MOCK_008661,complete waste of money nothing like the description not worth the price,1,0
MOCK_008662,works perfectly highly recommend to everyone very disappointing,5,1
MOCK_008663,do not buy this it stopped working immediately a solid choice,2,0
MOCK_008664,outstanding product five stars without hesitation highly recommended,4,1
MOCK_008665,cheap materials and poorly made would not recommend would buy again,2,0
MOCK_008666,this product is a scam nothing works as advertised very pleased overall,1,0
MOCK_008667,returned it immediately total garbage not worth the price,2,0
MOCK_008668,worst purchase ever falls apart after minimal use very disappointing,2,0
MOCK_008669,misleading product photos looks nothing like what arrived a solid choice,2,0
MOCK_008670,terrible product broke after just one week of use highly recommended,1,0
MOCK_008671,complete waste of money nothing like the description would buy again,1,0
MOCK_008672,works perfectly highly recommend to everyone very pleased overall,5,1
MOCK_008673,do not buy this it stopped working immediately not worth the price,1,0
MOCK_008674,awful experience arrived damaged and customer support ignored me very disappointing,1,0
MOCK_008675,cheap materials and poorly made would not recommend a solid choice,2,0
MOCK_008676,this product is a scam nothing works as advertised highly recommended,2,0
MOCK_008677,returned it immediately total garbage would buy again,2,0
MOCK_008678,incredible product customer service was excellent too very pleased overall,5,1
MOCK_008679,best purchase i have made in a long time truly impressive not worth the price,5,1
MOCK_008680,terrible product broke after just one week of use very disappointing,1,0
MOCK_008681,complete waste of money nothing like the description a solid choice,2,0
MOCK_008682,works perfectly highly recommend to everyone highly recommended,5,1
MOCK_008683,do not buy this it stopped working immediately would buy again,2,0
MOCK_008684,awful experience arrived damaged and customer support ignored me very pleased overall,1,0
MOCK_008685,fantastic build quality and great value for money not worth the price,4,1
MOCK_008686,this product is a scam nothing works as advertised very disappointing,2,0
MOCK_008687,perfect fit and exactly as described very satisfied a solid choice,4,1
MOCK_008688,worst purchase ever falls apart after minimal use highly recommended,1,0
MOCK_008689,misleading product photos looks nothing like what arrived would buy again,2,0
MOCK_008690,this product is absolutely amazing exactly what i needed very pleased overall,5,1
MOCK_008691,great quality and fast shipping very happy with this purchase not worth the price,4,1
MOCK_008692,very disappointed the quality is extremely poor very disappointing,1,0
MOCK_008693,exceeded my expectations will definitely buy again a solid choice,4,1
MOCK_008694,awful experience arrived damaged and customer support ignored me highly recommended,2,0
MOCK_008695,fantastic build quality and great value for money would buy again,4,1
MOCK_008696,this product is a scam nothing works as advertised very pleased overall,1,0
MOCK_008697,returned it immediately total garbage not worth the price,1,0
MOCK_008698,incredible product customer service was excellent too very disappointing,4,1
MOCK_008699,misleading product photos looks nothing like what arrived a solid choice,1,0
MOCK_008700,terrible product broke after just one week of use highly recommended,1,0
MOCK_008701,complete waste of money nothing like the description would buy again,2,0
MOCK_008702,very disappointed the quality is extremely poor very pleased overall,1,0
MOCK_008703,exceeded my expectations will definitely buy again not worth the price,4,1
MOCK_008704,awful experience arrived damaged and customer support ignored me very disappointing,1,0
MOCK_008705,cheap materials and poorly made would not recommend a solid choice,1,0
MOCK_008706,love this item it has made my life so much easier highly recommended,4,1
MOCK_008707,perfect fit and exactly as described very satisfied would buy again,4,1
MOCK_008708,incredible product customer service was excellent too very pleased overall,4,1
MOCK_008709,misleading product photos looks nothing like what arrived not worth the price,1,0
MOCK_008710,this product is absolutely amazing exactly what i needed very disappointing,5,1
MOCK_008711,complete waste of money nothing like the description a solid choice,1,0
MOCK_008712,very disappointed the quality is extremely poor highly recommended,2,0
MOCK_008713,do not buy this it stopped working immediately would buy again,2,0
MOCK_008714,awful experience arrived damaged and customer support ignored me very pleased overall,1,0
MOCK_008715,fantastic build quality and great value for money not worth the price,4,1
MOCK_008716,this product is a scam nothing works as advertised very disappointing,1,0
MOCK_008717,perfect fit and exactly as described very satisfied a solid choice,4,1
MOCK_008718,worst purchase ever falls apart after minimal use highly recommended,2,0
MOCK_008719,best purchase i have made in a long time truly impressive would buy again,4,1
MOCK_008720,terrible product broke after just one week of use very pleased overall,2,0
MOCK_008721,complete waste of money nothing like the description not worth the price,1,0
MOCK_008722,works perfectly highly recommend to everyone very disappointing,5,1
MOCK_008723,do not buy this it stopped working immediately a solid choice,2,0
MOCK_008724,outstanding product five stars without hesitation highly recommended,5,1
MOCK_008725,cheap materials and poorly made would not recommend would buy again,2,0
MOCK_008726,love this item it has made my life so much easier very pleased overall,5,1
MOCK_008727,perfect fit and exactly as described very satisfied not worth the price,4,1
MOCK_008728,worst purchase ever falls apart after minimal use very disappointing,1,0
MOCK_008729,best purchase i have made in a long time truly impressive a solid choice,4,1
MOCK_008730,terrible product broke after just one week of use highly recommended,1,0
MOCK_008731,complete waste of money nothing like the description would buy again,2,0
MOCK_008732,works perfectly highly recommend to everyone very pleased overall,4,1
MOCK_008733,exceeded my expectations will definitely buy again not worth the price,4,1
MOCK_008734,outstanding product five stars without hesitation very disappointing,5,1
MOCK_008735,cheap materials and poorly made would not recommend a solid choice,1,0
MOCK_008736,love this item it has made my life so much easier highly recommended,5,1
MOCK_008737,perfect fit and exactly as described very satisfied would buy again,4,1
MOCK_008738,worst purchase ever falls apart after minimal use very pleased overall,2,0
MOCK_008739,best purchase i have made in a long time truly impressive not worth the price,5,1
MOCK_008740,terrible product broke after just one week of use very disappointing,1,0
MOCK_008741,great quality and fast shipping very happy with this purchase a solid choice,5,1
MOCK_008742,works perfectly highly recommend to everyone highly recommended,4,1
MOCK_008743,exceeded my expectations will definitely buy again would buy again,5,1
MOCK_008744,outstanding product five stars without hesitation very pleased overall,5,1
MOCK_008745,fantastic build quality and great value for money not worth the price,4,1
MOCK_008746,love this item it has made my life so much easier very disappointing,5,1
MOCK_008747,perfect fit and exactly as described very satisfied a solid choice,5,1
MOCK_008748,worst purchase ever falls apart after minimal use highly recommended,2,0
MOCK_008749,best purchase i have made in a long time truly impressive would buy again,5,1
MOCK_008750,this product is absolutely amazing exactly what i needed very pleased overall,5,1
MOCK_008751,complete waste of money nothing like the description not worth the price,1,0
MOCK_008752,works perfectly highly recommend to everyone very disappointing,5,1
MOCK_008753,do not buy this it stopped working immediately a solid choice,2,0
MOCK_008754,awful experience arrived damaged and customer support ignored me highly recommended,1,0
MOCK_008755,fantastic build quality and great value for money would buy again,4,1
MOCK_008756,this product is a scam nothing works as advertised very pleased overall,1,0
MOCK_008757,returned it immediately total garbage not worth the price,1,0
MOCK_008758,worst purchase ever falls apart after minimal use very disappointing,1,0
MOCK_008759,misleading product photos looks nothing like what arrived a solid choice,1,0
MOCK_008760,this product is absolutely amazing exactly what i needed highly recommended,5,1
MOCK_008761,complete waste of money nothing like the description would buy again,1,0
MOCK_008762,works perfectly highly recommend to everyone very pleased overall,4,1
MOCK_008763,do not buy this it stopped working immediately not worth the price,2,0
MOCK_008764,outstanding product five stars without hesitation very disappointing,4,1
MOCK_008765,fantastic build quality and great value for money a solid choice,4,1
MOCK_008766,this product is a scam nothing works as advertised highly recommended,2,0
MOCK_008767,perfect fit and exactly as described very satisfied would buy again,5,1
MOCK_008768,worst purchase ever falls apart after minimal use very pleased overall,2,0
MOCK_008769,best purchase i have made in a long time truly impressive not worth the price,4,1
MOCK_008770,this product is absolutely amazing exactly what i needed very disappointing,4,1
MOCK_008771,complete waste of money nothing like the description a solid choice,2,0
MOCK_008772,works perfectly highly recommend to everyone highly recommended,5,1
MOCK_008773,do not buy this it stopped working immediately would buy again,2,0
MOCK_008774,awful experience arrived damaged and customer support ignored me very pleased overall,2,0
MOCK_008775,cheap materials and poorly made would not recommend not worth the price,1,0
MOCK_008776,love this item it has made my life so much easier very disappointing,4,1
MOCK_008777,returned it immediately total garbage a solid choice,2,0
MOCK_008778,worst purchase ever falls apart after minimal use highly recommended,2,0
MOCK_008779,misleading product photos looks nothing like what arrived would buy again,1,0
MOCK_008780,terrible product broke after just one week of use very pleased overall,2,0
MOCK_008781,complete waste of money nothing like the description not worth the price,1,0
MOCK_008782,works perfectly highly recommend to everyone very disappointing,5,1
MOCK_008783,do not buy this it stopped working immediately a solid choice,1,0
MOCK_008784,awful experience arrived damaged and customer support ignored me highly recommended,2,0
MOCK_008785,cheap materials and poorly made would not recommend would buy again,1,0
MOCK_008786,this product is a scam nothing works as advertised very pleased overall,2,0
MOCK_008787,returned it immediately total garbage not worth the price,2,0
MOCK_008788,worst purchase ever falls apart after minimal use very disappointing,1,0
MOCK_008789,best purchase i have made in a long time truly impressive a solid choice,5,1
MOCK_008790,this product is absolutely amazing exactly what i needed highly recommended,5,1
MOCK_008791,complete waste of money nothing like the description would buy again,2,0
MOCK_008792,very disappointed the quality is extremely poor very pleased overall,1,0
MOCK_008793,exceeded my expectations will definitely buy again not worth the price,5,1
MOCK_008794,outstanding product five stars without hesitation very disappointing,5,1
MOCK_008795,cheap materials and poorly made would not recommend a solid choice,2,0
MOCK_008796,this product is a scam nothing works as advertised highly recommended,1,0
MOCK_008797,perfect fit and exactly as described very satisfied would buy again,5,1
MOCK_008798,worst purchase ever falls apart after minimal use very pleased overall,1,0
MOCK_008799,misleading product photos looks nothing like what arrived not worth the price,1,0
MOCK_008800,terrible product broke after just one week of use very disappointing,1,0
MOCK_008801,great quality and fast shipping very happy with this purchase a solid choice,4,1
MOCK_008802,works perfectly highly recommend to everyone highly recommended,4,1
MOCK_008803,exceeded my expectations will definitely buy again would buy again,4,1
MOCK_008804,awful experience arrived damaged and customer support ignored me very pleased overall,2,0
MOCK_008805,cheap materials and poorly made would not recommend not worth the price,2,0
MOCK_008806,love this item it has made my life so much easier very disappointing,4,1
MOCK_008807,returned it immediately total garbage a solid choice,2,0
MOCK_008808,worst purchase ever falls apart after minimal use highly recommended,2,0
MOCK_008809,best purchase i have made in a long time truly impressive would buy again,5,1
MOCK_008810,this product is absolutely amazing exactly what i needed very pleased overall,5,1
MOCK_008811,complete waste of money nothing like the description not worth the price,2,0
MOCK_008812,very disappointed the quality is extremely poor very disappointing,2,0
MOCK_008813,do not buy this it stopped working immediately a solid choice,2,0
MOCK_008814,outstanding product five stars without hesitation highly recommended,5,1
MOCK_008815,cheap materials and poorly made would not recommend would buy again,1,0
MOCK_008816,love this item it has made my life so much easier very pleased overall,5,1
MOCK_008817,perfect fit and exactly as described very satisfied not worth the price,5,1
MOCK_008818,worst purchase ever falls apart after minimal use very disappointing,2,0
MOCK_008819,best purchase i have made in a long time truly impressive a solid choice,5,1
MOCK_008820,terrible product broke after just one week of use highly recommended,1,0
MOCK_008821,complete waste of money nothing like the description would buy again,1,0
MOCK_008822,works perfectly highly recommend to everyone very pleased overall,5,1
MOCK_008823,exceeded my expectations will definitely buy again not worth the price,5,1
MOCK_008824,outstanding product five stars without hesitation very disappointing,5,1
MOCK_008825,fantastic build quality and great value for money a solid choice,5,1
MOCK_008826,this product is a scam nothing works as advertised highly recommended,2,0
MOCK_008827,perfect fit and exactly as described very satisfied would buy again,5,1
MOCK_008828,incredible product customer service was excellent too very pleased overall,4,1
MOCK_008829,best purchase i have made in a long time truly impressive not worth the price,5,1
MOCK_008830,terrible product broke after just one week of use very disappointing,1,0
MOCK_008831,great quality and fast shipping very happy with this purchase a solid choice,5,1
MOCK_008832,works perfectly highly recommend to everyone highly recommended,4,1
MOCK_008833,exceeded my expectations will definitely buy again would buy again,5,1
MOCK_008834,outstanding product five stars without hesitation very pleased overall,4,1
MOCK_008835,cheap materials and poorly made would not recommend not worth the price,1,0
MOCK_008836,love this item it has made my life so much easier very disappointing,5,1
MOCK_008837,returned it immediately total garbage a solid choice,2,0
MOCK_008838,incredible product customer service was excellent too highly recommended,4,1
MOCK_008839,best purchase i have made in a long time truly impressive would buy again,5,1
MOCK_008840,terrible product broke after just one week of use very pleased overall,1,0
MOCK_008841,complete waste of money nothing like the description not worth the price,1,0
MOCK_008842,very disappointed the quality is extremely poor very disappointing,1,0
MOCK_008843,exceeded my expectations will definitely buy again a solid choice,5,1
MOCK_008844,awful experience arrived damaged and customer support ignored me highly recommended,2,0
MOCK_008845,cheap materials and poorly made would not recommend would buy again,2,0
MOCK_008846,love this item it has made my life so much easier very pleased overall,5,1
MOCK_008847,returned it immediately total garbage not worth the price,2,0
MOCK_008848,incredible product customer service was excellent too very disappointing,5,1
MOCK_008849,misleading product photos looks nothing like what arrived a solid choice,2,0
MOCK_008850,terrible product broke after just one week of use highly recommended,1,0
MOCK_008851,complete waste of money nothing like the description would buy again,1,0
MOCK_008852,very disappointed the quality is extremely poor very pleased overall,1,0
MOCK_008853,exceeded my expectations will definitely buy again not worth the price,5,1
MOCK_008854,awful experience arrived damaged and customer support ignored me very disappointing,2,0
MOCK_008855,fantastic build quality and great value for money a solid choice,4,1
MOCK_008856,this product is a scam nothing works as advertised highly recommended,2,0
MOCK_008857,returned it immediately total garbage would buy again,2,0
MOCK_008858,incredible product customer service was excellent too very pleased overall,4,1
MOCK_008859,misleading product photos looks nothing like what arrived not worth the price,1,0
MOCK_008860,this product is absolutely amazing exactly what i needed very disappointing,4,1
MOCK_008861,great quality and fast shipping very happy with this purchase a solid choice,4,1
MOCK_008862,works perfectly highly recommend to everyone highly recommended,5,1
MOCK_008863,do not buy this it stopped working immediately would buy again,2,0
MOCK_008864,awful experience arrived damaged and customer support ignored me very pleased overall,1,0
MOCK_008865,fantastic build quality and great value for money not worth the price,4,1
MOCK_008866,this product is a scam nothing works as advertised very disappointing,1,0
MOCK_008867,perfect fit and exactly as described very satisfied a solid choice,4,1
MOCK_008868,worst purchase ever falls apart after minimal use highly recommended,1,0
MOCK_008869,misleading product photos looks nothing like what arrived would buy again,2,0
MOCK_008870,this product is absolutely amazing exactly what i needed very pleased overall,5,1
MOCK_008871,complete waste of money nothing like the description not worth the price,2,0
MOCK_008872,very disappointed the quality is extremely poor very disappointing,1,0
MOCK_008873,do not buy this it stopped working immediately a solid choice,2,0
MOCK_008874,awful experience arrived damaged and customer support ignored me highly recommended,1,0
MOCK_008875,fantastic build quality and great value for money would buy again,4,1
MOCK_008876,love this item it has made my life so much easier very pleased overall,5,1
MOCK_008877,returned it immediately total garbage not worth the price,2,0
MOCK_008878,incredible product customer service was excellent too very disappointing,4,1
MOCK_008879,misleading product photos looks nothing like what arrived a solid choice,1,0
MOCK_008880,terrible product broke after just one week of use highly recommended,2,0
MOCK_008881,complete waste of money nothing like the description would buy again,2,0
MOCK_008882,works perfectly highly recommend to everyone very pleased overall,5,1
MOCK_008883,do not buy this it stopped working immediately not worth the price,1,0
MOCK_008884,awful experience arrived damaged and customer support ignored me very disappointing,1,0
MOCK_008885,fantastic build quality and great value for money a solid choice,4,1
MOCK_008886,love this item it has made my life so much easier highly recommended,4,1
MOCK_008887,returned it immediately total garbage would buy again,2,0
MOCK_008888,incredible product customer service was excellent too very pleased overall,5,1
MOCK_008889,best purchase i have made in a long time truly impressive not worth the price,4,1
MOCK_008890,terrible product broke after just one week of use very disappointing,2,0
MOCK_008891,complete waste of money nothing like the description a solid choice,2,0
MOCK_008892,works perfectly highly recommend to everyone highly recommended,5,1
MOCK_008893,do not buy this it stopped working immediately would buy again,1,0
MOCK_008894,awful experience arrived damaged and customer support ignored me very pleased overall,1,0
MOCK_008895,fantastic build quality and great value for money not worth the price,4,1
MOCK_008896,love this item it has made my life so much easier very disappointing,4,1
MOCK_008897,perfect fit and exactly as described very satisfied a solid choice,4,1
MOCK_008898,incredible product customer service was excellent too highly recommended,4,1
MOCK_008899,best purchase i have made in a long time truly impressive would buy again,4,1
MOCK_008900,terrible product broke after just one week of use very pleased overall,1,0
MOCK_008901,complete waste of money nothing like the description not worth the price,2,0
MOCK_008902,very disappointed the quality is extremely poor very disappointing,2,0
MOCK_008903,exceeded my expectations will definitely buy again a solid choice,4,1
MOCK_008904,awful experience arrived damaged and customer support ignored me highly recommended,2,0
MOCK_008905,fantastic build quality and great value for money would buy again,4,1
MOCK_008906,love this item it has made my life so much easier very pleased overall,4,1
MOCK_008907,returned it immediately total garbage not worth the price,2,0
MOCK_008908,incredible product customer service was excellent too very disappointing,4,1
MOCK_008909,best purchase i have made in a long time truly impressive a solid choice,4,1
MOCK_008910,this product is absolutely amazing exactly what i needed highly recommended,4,1
MOCK_008911,complete waste of money nothing like the description would buy again,2,0
MOCK_008912,very disappointed the quality is extremely poor very pleased overall,2,0
MOCK_008913,exceeded my expectations will definitely buy again not worth the price,4,1
MOCK_008914,outstanding product five stars without hesitation very disappointing,4,1
MOCK_008915,fantastic build quality and great value for money a solid choice,4,1
MOCK_008916,love this item it has made my life so much easier highly recommended,5,1
MOCK_008917,perfect fit and exactly as described very satisfied would buy again,4,1
MOCK_008918,worst purchase ever falls apart after minimal use very pleased overall,2,0
MOCK_008919,best purchase i have made in a long time truly impressive not worth the price,5,1
MOCK_008920,terrible product broke after just one week of use very disappointing,1,0
MOCK_008921,great quality and fast shipping very happy with this purchase a solid choice,5,1
MOCK_008922,very disappointed the quality is extremely poor highly recommended,1,0
MOCK_008923,do not buy this it stopped working immediately would buy again,1,0
MOCK_008924,outstanding product five stars without hesitation very pleased overall,4,1
MOCK_008925,fantastic build quality and great value for money not worth the price,4,1
MOCK_008926,this product is a scam nothing works as advertised very disappointing,2,0
MOCK_008927,perfect fit and exactly as described very satisfied a solid choice,5,1
MOCK_008928,incredible product customer service was excellent too highly recommended,4,1
MOCK_008929,best purchase i have made in a long time truly impressive would buy again,4,1
MOCK_008930,this product is absolutely amazing exactly what i needed very pleased overall,5,1
MOCK_008931,great quality and fast shipping very happy with this purchase not worth the price,4,1
MOCK_008932,very disappointed the quality is extremely poor very disappointing,1,0
MOCK_008933,exceeded my expectations will definitely buy again a solid choice,5,1
MOCK_008934,outstanding product five stars without hesitation highly recommended,5,1
MOCK_008935,cheap materials and poorly made would not recommend would buy again,2,0
MOCK_008936,love this item it has made my life so much easier very pleased overall,4,1
MOCK_008937,perfect fit and exactly as described very satisfied not worth the price,4,1
MOCK_008938,incredible product customer service was excellent too very disappointing,4,1
MOCK_008939,misleading product photos looks nothing like what arrived a solid choice,2,0
MOCK_008940,this product is absolutely amazing exactly what i needed highly recommended,4,1
MOCK_008941,complete waste of money nothing like the description would buy again,1,0
MOCK_008942,very disappointed the quality is extremely poor very pleased overall,1,0
MOCK_008943,do not buy this it stopped working immediately not worth the price,2,0
MOCK_008944,outstanding product five stars without hesitation very disappointing,5,1
MOCK_008945,cheap materials and poorly made would not recommend a solid choice,2,0
MOCK_008946,love this item it has made my life so much easier highly recommended,4,1
MOCK_008947,perfect fit and exactly as described very satisfied would buy again,5,1
MOCK_008948,worst purchase ever falls apart after minimal use very pleased overall,1,0
MOCK_008949,misleading product photos looks nothing like what arrived not worth the price,1,0
MOCK_008950,terrible product broke after just one week of use very disappointing,1,0
MOCK_008951,complete waste of money nothing like the description a solid choice,2,0
MOCK_008952,very disappointed the quality is extremely poor highly recommended,1,0
MOCK_008953,do not buy this it stopped working immediately would buy again,2,0
MOCK_008954,outstanding product five stars without hesitation very pleased overall,4,1
MOCK_008955,fantastic build quality and great value for money not worth the price,4,1
MOCK_008956,this product is a scam nothing works as advertised very disappointing,2,0
MOCK_008957,perfect fit and exactly as described very satisfied a solid choice,5,1
MOCK_008958,incredible product customer service was excellent too highly recommended,4,1
MOCK_008959,best purchase i have made in a long time truly impressive would buy again,5,1
MOCK_008960,terrible product broke after just one week of use very pleased overall,1,0
MOCK_008961,great quality and fast shipping very happy with this purchase not worth the price,4,1
MOCK_008962,very disappointed the quality is extremely poor very disappointing,2,0
MOCK_008963,do not buy this it stopped working immediately a solid choice,2,0
MOCK_008964,outstanding product five stars without hesitation highly recommended,4,1
MOCK_008965,cheap materials and poorly made would not recommend would buy again,1,0
MOCK_008966,love this item it has made my life so much easier very pleased overall,5,1
MOCK_008967,returned it immediately total garbage not worth the price,1,0
MOCK_008968,incredible product customer service was excellent too very disappointing,5,1
MOCK_008969,best purchase i have made in a long time truly impressive a solid choice,5,1
MOCK_008970,terrible product broke after just one week of use highly recommended,2,0
MOCK_008971,great quality and fast shipping very happy with this purchase would buy again,4,1
MOCK_008972,works perfectly highly recommend to everyone very pleased overall,5,1
MOCK_008973,exceeded my expectations will definitely buy again not worth the price,4,1
MOCK_008974,awful experience arrived damaged and customer support ignored me very disappointing,1,0
MOCK_008975,fantastic build quality and great value for money a solid choice,4,1
MOCK_008976,this product is a scam nothing works as advertised highly recommended,1,0
MOCK_008977,returned it immediately total garbage would buy again,2,0
MOCK_008978,incredible product customer service was excellent too very pleased overall,5,1
MOCK_008979,misleading product photos looks nothing like what arrived not worth the price,2,0
MOCK_008980,this product is absolutely amazing exactly what i needed very disappointing,5,1
MOCK_008981,great quality and fast shipping very happy with this purchase a solid choice,5,1
MOCK_008982,very disappointed the quality is extremely poor highly recommended,2,0
MOCK_008983,exceeded my expectations will definitely buy again would buy again,5,1
MOCK_008984,awful experience arrived damaged and customer support ignored me very pleased overall,2,0
MOCK_008985,fantastic build quality and great value for money not worth the price,5,1
MOCK_008986,love this item it has made my life so much easier very disappointing,4,1
MOCK_008987,perfect fit and exactly as described very satisfied a solid choice,5,1
MOCK_008988,worst purchase ever falls apart after minimal use highly recommended,1,0
MOCK_008989,misleading product photos looks nothing like what arrived would buy again,1,0
MOCK_008990,terrible product broke after just one week of use very pleased overall,2,0
MOCK_008991,great quality and fast shipping very happy with this purchase not worth the price,4,1
MOCK_008992,works perfectly highly recommend to everyone very disappointing,4,1
MOCK_008993,exceeded my expectations will definitely buy again a solid choice,4,1
MOCK_008994,awful experience arrived damaged and customer support ignored me highly recommended,1,0
MOCK_008995,fantastic build quality and great value for money would buy again,5,1
MOCK_008996,this product is a scam nothing works as advertised very pleased overall,2,0
MOCK_008997,returned it immediately total garbage not worth the price,1,0
MOCK_008998,worst purchase ever falls apart after minimal use very disappointing,2,0
MOCK_008999,best purchase i have made in a long time truly impressive a solid choice,5,1
MOCK_009000,this product is absolutely amazing exactly what i needed highly recommended,5,1
MOCK_009001,complete waste of money nothing like the description would buy again,1,0
MOCK_009002,very disappointed the quality is extremely poor very pleased overall,1,0
MOCK_009003,do not buy this it stopped working immediately not worth the price,1,0
MOCK_009004,outstanding product five stars without hesitation very disappointing,4,1
MOCK_009005,fantastic build quality and great value for money a solid choice,5,1
MOCK_009006,love this item it has made my life so much easier highly recommended,4,1
MOCK_009007,perfect fit and exactly as described very satisfied would buy again,5,1
MOCK_009008,incredible product customer service was excellent too very pleased overall,5,1
MOCK_009009,best purchase i have made in a long time truly impressive not worth the price,4,1
MOCK_009010,this product is absolutely amazing exactly what i needed very disappointing,4,1
MOCK_009011,great quality and fast shipping very happy with this purchase a solid choice,5,1
MOCK_009012,very disappointed the quality is extremely poor highly recommended,2,0
MOCK_009013,do not buy this it stopped working immediately would buy again,1,0
MOCK_009014,awful experience arrived damaged and customer support ignored me very pleased overall,2,0
MOCK_009015,cheap materials and poorly made would not recommend not worth the price,2,0
MOCK_009016,this product is a scam nothing works as advertised very disappointing,2,0
MOCK_009017,returned it immediately total garbage a solid choice,1,0
MOCK_009018,incredible product customer service was excellent too highly recommended,5,1
MOCK_009019,best purchase i have made in a long time truly impressive would buy again,5,1
MOCK_009020,this product is absolutely amazing exactly what i needed very pleased overall,4,1
MOCK_009021,complete waste of money nothing like the description not worth the price,2,0
MOCK_009022,works perfectly highly recommend to everyone very disappointing,5,1
MOCK_009023,do not buy this it stopped working immediately a solid choice,1,0
MOCK_009024,outstanding product five stars without hesitation highly recommended,5,1
MOCK_009025,cheap materials and poorly made would not recommend would buy again,2,0
MOCK_009026,this product is a scam nothing works as advertised very pleased overall,2,0
MOCK_009027,returned it immediately total garbage not worth the price,2,0
MOCK_009028,incredible product customer service was excellent too very disappointing,4,1
MOCK_009029,best purchase i have made in a long time truly impressive a solid choice,4,1
MOCK_009030,terrible product broke after just one week of use highly recommended,1,0
MOCK_009031,great quality and fast shipping very happy with this purchase would buy again,5,1
MOCK_009032,very disappointed the quality is extremely poor very pleased overall,1,0
MOCK_009033,do not buy this it stopped working immediately not worth the price,2,0
MOCK_009034,awful experience arrived damaged and customer support ignored me very disappointing,1,0
MOCK_009035,cheap materials and poorly made would not recommend a solid choice,1,0
MOCK_009036,love this item it has made my life so much easier highly recommended,5,1
MOCK_009037,returned it immediately total garbage would buy again,2,0
MOCK_009038,incredible product customer service was excellent too very pleased overall,4,1
MOCK_009039,misleading product photos looks nothing like what arrived not worth the price,1,0
MOCK_009040,this product is absolutely amazing exactly what i needed very disappointing,4,1
MOCK_009041,complete waste of money nothing like the description a solid choice,1,0
MOCK_009042,works perfectly highly recommend to everyone highly recommended,4,1
MOCK_009043,exceeded my expectations will definitely buy again would buy again,5,1
MOCK_009044,awful experience arrived damaged and customer support ignored me very pleased overall,1,0
MOCK_009045,cheap materials and poorly made would not recommend not worth the price,1,0
MOCK_009046,this product is a scam nothing works as advertised very disappointing,1,0
MOCK_009047,returned it immediately total garbage a solid choice,1,0
MOCK_009048,worst purchase ever falls apart after minimal use highly recommended,2,0
MOCK_009049,best purchase i have made in a long time truly impressive would buy again,4,1
MOCK_009050,terrible product broke after just one week of use very pleased overall,1,0
MOCK_009051,complete waste of money nothing like the description not worth the price,2,0
MOCK_009052,very disappointed the quality is extremely poor very disappointing,2,0
MOCK_009053,exceeded my expectations will definitely buy again a solid choice,5,1
MOCK_009054,awful experience arrived damaged and customer support ignored me highly recommended,2,0
MOCK_009055,cheap materials and poorly made would not recommend would buy again,2,0
MOCK_009056,love this item it has made my life so much easier very pleased overall,5,1
MOCK_009057,returned it immediately total garbage not worth the price,2,0
MOCK_009058,worst purchase ever falls apart after minimal use very disappointing,1,0
MOCK_009059,misleading product photos looks nothing like what arrived a solid choice,2,0
MOCK_009060,this product is absolutely amazing exactly what i needed highly recommended,5,1
MOCK_009061,great quality and fast shipping very happy with this purchase would buy again,5,1
MOCK_009062,very disappointed the quality is extremely poor very pleased overall,1,0
MOCK_009063,do not buy this it stopped working immediately not worth the price,2,0
MOCK_009064,awful experience arrived damaged and customer support ignored me very disappointing,1,0
MOCK_009065,cheap materials and poorly made would not recommend a solid choice,2,0
MOCK_009066,this product is a scam nothing works as advertised highly recommended,1,0
MOCK_009067,returned it immediately total garbage would buy again,2,0
MOCK_009068,incredible product customer service was excellent too very pleased overall,5,1
MOCK_009069,misleading product photos looks nothing like what arrived not worth the price,1,0
MOCK_009070,this product is absolutely amazing exactly what i needed very disappointing,4,1
MOCK_009071,complete waste of money nothing like the description a solid choice,1,0
MOCK_009072,works perfectly highly recommend to everyone highly recommended,5,1
MOCK_009073,do not buy this it stopped working immediately would buy again,2,0
MOCK_009074,awful experience arrived damaged and customer support ignored me very pleased overall,2,0
MOCK_009075,fantastic build quality and great value for money not worth the price,4,1
MOCK_009076,this product is a scam nothing works as advertised very disappointing,2,0
MOCK_009077,returned it immediately total garbage a solid choice,2,0
MOCK_009078,incredible product customer service was excellent too highly recommended,4,1
MOCK_009079,best purchase i have made in a long time truly impressive would buy again,4,1
MOCK_009080,this product is absolutely amazing exactly what i needed very pleased overall,4,1
MOCK_009081,great quality and fast shipping very happy with this purchase not worth the price,4,1
MOCK_009082,works perfectly highly recommend to everyone very disappointing,4,1
MOCK_009083,exceeded my expectations will definitely buy again a solid choice,4,1
MOCK_009084,outstanding product five stars without hesitation highly recommended,4,1
MOCK_009085,cheap materials and poorly made would not recommend would buy again,1,0
MOCK_009086,love this item it has made my life so much easier very pleased overall,4,1
MOCK_009087,perfect fit and exactly as described very satisfied not worth the price,5,1
MOCK_009088,worst purchase ever falls apart after minimal use very disappointing,2,0
MOCK_009089,best purchase i have made in a long time truly impressive a solid choice,4,1
MOCK_009090,this product is absolutely amazing exactly what i needed highly recommended,5,1
MOCK_009091,complete waste of money nothing like the description would buy again,2,0
MOCK_009092,very disappointed the quality is extremely poor very pleased overall,1,0
MOCK_009093,exceeded my expectations will definitely buy again not worth the price,4,1
MOCK_009094,awful experience arrived damaged and customer support ignored me very disappointing,1,0
MOCK_009095,fantastic build quality and great value for money a solid choice,5,1
MOCK_009096,love this item it has made my life so much easier highly recommended,4,1
MOCK_009097,returned it immediately total garbage would buy again,1,0
MOCK_009098,worst purchase ever falls apart after minimal use very pleased overall,2,0
MOCK_009099,misleading product photos looks nothing like what arrived not worth the price,2,0
MOCK_009100,terrible product broke after just one week of use very disappointing,1,0
MOCK_009101,great quality and fast shipping very happy with this purchase a solid choice,5,1
MOCK_009102,very disappointed the quality is extremely poor highly recommended,1,0
MOCK_009103,do not buy this it stopped working immediately would buy again,2,0
MOCK_009104,outstanding product five stars without hesitation very pleased overall,5,1
MOCK_009105,fantastic build quality and great value for money not worth the price,5,1
MOCK_009106,this product is a scam nothing works as advertised very disappointing,1,0
MOCK_009107,perfect fit and exactly as described very satisfied a solid choice,4,1
MOCK_009108,worst purchase ever falls apart after minimal use highly recommended,2,0
MOCK_009109,best purchase i have made in a long time truly impressive would buy again,4,1
MOCK_009110,this product is absolutely amazing exactly what i needed very pleased overall,5,1
MOCK_009111,complete waste of money nothing like the description not worth the price,1,0
MOCK_009112,works perfectly highly recommend to everyone very disappointing,4,1
MOCK_009113,exceeded my expectations will definitely buy again a solid choice,4,1
MOCK_009114,awful experience arrived damaged and customer support ignored me highly recommended,1,0
MOCK_009115,cheap materials and poorly made would not recommend would buy again,2,0
MOCK_009116,this product is a scam nothing works as advertised very pleased overall,1,0
MOCK_009117,returned it immediately total garbage not worth the price,2,0
MOCK_009118,incredible product customer service was excellent too very disappointing,5,1
MOCK_009119,best purchase i have made in a long time truly impressive a solid choice,5,1
MOCK_009120,this product is absolutely amazing exactly what i needed highly recommended,5,1
MOCK_009121,complete waste of money nothing like the description would buy again,2,0
MOCK_009122,works perfectly highly recommend to everyone very pleased overall,5,1
MOCK_009123,exceeded my expectations will definitely buy again not worth the price,4,1
MOCK_009124,awful experience arrived damaged and customer support ignored me very disappointing,2,0
MOCK_009125,cheap materials and poorly made would not recommend a solid choice,2,0
MOCK_009126,love this item it has made my life so much easier highly recommended,4,1
MOCK_009127,returned it immediately total garbage would buy again,2,0
MOCK_009128,worst purchase ever falls apart after minimal use very pleased overall,1,0
MOCK_009129,misleading product photos looks nothing like what arrived not worth the price,2,0
MOCK_009130,terrible product broke after just one week of use very disappointing,1,0
MOCK_009131,complete waste of money nothing like the description a solid choice,2,0
MOCK_009132,very disappointed the quality is extremely poor highly recommended,1,0
MOCK_009133,do not buy this it stopped working immediately would buy again,2,0
MOCK_009134,awful experience arrived damaged and customer support ignored me very pleased overall,1,0
MOCK_009135,cheap materials and poorly made would not recommend not worth the price,2,0
MOCK_009136,this product is a scam nothing works as advertised very disappointing,1,0
MOCK_009137,perfect fit and exactly as described very satisfied a solid choice,5,1
MOCK_009138,incredible product customer service was excellent too highly recommended,4,1
MOCK_009139,best purchase i have made in a long time truly impressive would buy again,4,1
MOCK_009140,this product is absolutely amazing exactly what i needed very pleased overall,4,1
MOCK_009141,complete waste of money nothing like the description not worth the price,2,0
MOCK_009142,works perfectly highly recommend to everyone very disappointing,4,1
MOCK_009143,do not buy this it stopped working immediately a solid choice,2,0
MOCK_009144,outstanding product five stars without hesitation highly recommended,4,1
MOCK_009145,fantastic build quality and great value for money would buy again,5,1
MOCK_009146,this product is a scam nothing works as advertised very pleased overall,1,0
MOCK_009147,returned it immediately total garbage not worth the price,1,0
MOCK_009148,worst purchase ever falls apart after minimal use very disappointing,1,0
MOCK_009149,misleading product photos looks nothing like what arrived a solid choice,1,0
MOCK_009150,terrible product broke after just one week of use highly recommended,1,0
MOCK_009151,complete waste of money nothing like the description would buy again,1,0
MOCK_009152,works perfectly highly recommend to everyone very pleased overall,5,1
MOCK_009153,do not buy this it stopped working immediately not worth the price,2,0
MOCK_009154,outstanding product five stars without hesitation very disappointing,4,1
MOCK_009155,cheap materials and poorly made would not recommend a solid choice,2,0
MOCK_009156,love this item it has made my life so much easier highly recommended,4,1
MOCK_009157,returned it immediately total garbage would buy again,1,0
MOCK_009158,worst purchase ever falls apart after minimal use very pleased overall,1,0
MOCK_009159,misleading product photos looks nothing like what arrived not worth the price,1,0
MOCK_009160,terrible product broke after just one week of use very disappointing,1,0
MOCK_009161,great quality and fast shipping very happy with this purchase a solid choice,5,1
MOCK_009162,very disappointed the quality is extremely poor highly recommended,2,0
MOCK_009163,exceeded my expectations will definitely buy again would buy again,5,1
MOCK_009164,awful experience arrived damaged and customer support ignored me very pleased overall,1,0
MOCK_009165,cheap materials and poorly made would not recommend not worth the price,1,0
MOCK_009166,love this item it has made my life so much easier very disappointing,5,1
MOCK_009167,returned it immediately total garbage a solid choice,1,0
MOCK_009168,incredible product customer service was excellent too highly recommended,4,1
MOCK_009169,best purchase i have made in a long time truly impressive would buy again,4,1
MOCK_009170,terrible product broke after just one week of use very pleased overall,1,0
MOCK_009171,complete waste of money nothing like the description not worth the price,2,0
MOCK_009172,very disappointed the quality is extremely poor very disappointing,1,0
MOCK_009173,do not buy this it stopped working immediately a solid choice,1,0
MOCK_009174,awful experience arrived damaged and customer support ignored me highly recommended,2,0
MOCK_009175,fantastic build quality and great value for money would buy again,5,1
MOCK_009176,this product is a scam nothing works as advertised very pleased overall,1,0
MOCK_009177,returned it immediately total garbage not worth the price,1,0
MOCK_009178,incredible product customer service was excellent too very disappointing,5,1
MOCK_009179,misleading product photos looks nothing like what arrived a solid choice,1,0
MOCK_009180,terrible product broke after just one week of use highly recommended,1,0
MOCK_009181,great quality and fast shipping very happy with this purchase would buy again,4,1
MOCK_009182,works perfectly highly recommend to everyone very pleased overall,4,1
MOCK_009183,exceeded my expectations will definitely buy again not worth the price,5,1
MOCK_009184,awful experience arrived damaged and customer support ignored me very disappointing,2,0
MOCK_009185,cheap materials and poorly made would not recommend a solid choice,2,0
MOCK_009186,this product is a scam nothing works as advertised highly recommended,2,0
MOCK_009187,perfect fit and exactly as described very satisfied would buy again,5,1
MOCK_009188,worst purchase ever falls apart after minimal use very pleased overall,2,0
MOCK_009189,misleading product photos looks nothing like what arrived not worth the price,2,0
MOCK_009190,this product is absolutely amazing exactly what i needed very disappointing,4,1
MOCK_009191,complete waste of money nothing like the description a solid choice,1,0
MOCK_009192,works perfectly highly recommend to everyone highly recommended,5,1
MOCK_009193,exceeded my expectations will definitely buy again would buy again,4,1
MOCK_009194,outstanding product five stars without hesitation very pleased overall,4,1
MOCK_009195,cheap materials and poorly made would not recommend not worth the price,1,0
MOCK_009196,this product is a scam nothing works as advertised very disappointing,2,0
MOCK_009197,returned it immediately total garbage a solid choice,1,0
MOCK_009198,worst purchase ever falls apart after minimal use highly recommended,1,0
MOCK_009199,best purchase i have made in a long time truly impressive would buy again,4,1
MOCK_009200,terrible product broke after just one week of use very pleased overall,1,0
MOCK_009201,great quality and fast shipping very happy with this purchase not worth the price,5,1
MOCK_009202,works perfectly highly recommend to everyone very disappointing,4,1
MOCK_009203,do not buy this it stopped working immediately a solid choice,1,0
MOCK_009204,awful experience arrived damaged and customer support ignored me highly recommended,1,0
MOCK_009205,fantastic build quality and great value for money would buy again,5,1
MOCK_009206,love this item it has made my life so much easier very pleased overall,5,1
MOCK_009207,perfect fit and exactly as described very satisfied not worth the price,4,1
MOCK_009208,worst purchase ever falls apart after minimal use very disappointing,1,0
MOCK_009209,misleading product photos looks nothing like what arrived a solid choice,2,0
MOCK_009210,terrible product broke after just one week of use highly recommended,2,0
MOCK_009211,great quality and fast shipping very happy with this purchase would buy again,4,1
MOCK_009212,works perfectly highly recommend to everyone very pleased overall,4,1
MOCK_009213,do not buy this it stopped working immediately not worth the price,1,0
MOCK_009214,awful experience arrived damaged and customer support ignored me very disappointing,1,0
MOCK_009215,fantastic build quality and great value for money a solid choice,5,1
MOCK_009216,love this item it has made my life so much easier highly recommended,5,1
MOCK_009217,perfect fit and exactly as described very satisfied would buy again,5,1
MOCK_009218,worst purchase ever falls apart after minimal use very pleased overall,2,0
MOCK_009219,best purchase i have made in a long time truly impressive not worth the price,4,1
MOCK_009220,terrible product broke after just one week of use very disappointing,2,0
MOCK_009221,great quality and fast shipping very happy with this purchase a solid choice,4,1
MOCK_009222,very disappointed the quality is extremely poor highly recommended,1,0
MOCK_009223,do not buy this it stopped working immediately would buy again,2,0
MOCK_009224,awful experience arrived damaged and customer support ignored me very pleased overall,1,0
MOCK_009225,fantastic build quality and great value for money not worth the price,5,1
MOCK_009226,love this item it has made my life so much easier very disappointing,5,1
MOCK_009227,returned it immediately total garbage a solid choice,2,0
MOCK_009228,incredible product customer service was excellent too highly recommended,5,1
MOCK_009229,misleading product photos looks nothing like what arrived would buy again,1,0
MOCK_009230,this product is absolutely amazing exactly what i needed very pleased overall,4,1
MOCK_009231,great quality and fast shipping very happy with this purchase not worth the price,5,1
MOCK_009232,works perfectly highly recommend to everyone very disappointing,5,1
MOCK_009233,exceeded my expectations will definitely buy again a solid choice,5,1
MOCK_009234,outstanding product five stars without hesitation highly recommended,4,1
MOCK_009235,cheap materials and poorly made would not recommend would buy again,1,0
MOCK_009236,this product is a scam nothing works as advertised very pleased overall,1,0
MOCK_009237,returned it immediately total garbage not worth the price,2,0
MOCK_009238,worst purchase ever falls apart after minimal use very disappointing,2,0
MOCK_009239,best purchase i have made in a long time truly impressive a solid choice,5,1
MOCK_009240,terrible product broke after just one week of use highly recommended,1,0
MOCK_009241,great quality and fast shipping very happy with this purchase would buy again,4,1
MOCK_009242,works perfectly highly recommend to everyone very pleased overall,4,1
MOCK_009243,exceeded my expectations will definitely buy again not worth the price,4,1
MOCK_009244,outstanding product five stars without hesitation very disappointing,4,1
MOCK_009245,cheap materials and poorly made would not recommend a solid choice,2,0
MOCK_009246,this product is a scam nothing works as advertised highly recommended,1,0
MOCK_009247,perfect fit and exactly as described very satisfied would buy again,4,1
MOCK_009248,worst purchase ever falls apart after minimal use very pleased overall,2,0
MOCK_009249,misleading product photos looks nothing like what arrived not worth the price,2,0
MOCK_009250,terrible product broke after just one week of use very disappointing,1,0
MOCK_009251,complete waste of money nothing like the description a solid choice,1,0
MOCK_009252,works perfectly highly recommend to everyone highly recommended,5,1
MOCK_009253,exceeded my expectations will definitely buy again would buy again,5,1
MOCK_009254,awful experience arrived damaged and customer support ignored me very pleased overall,2,0
MOCK_009255,cheap materials and poorly made would not recommend not worth the price,1,0
MOCK_009256,this product is a scam nothing works as advertised very disappointing,2,0
MOCK_009257,returned it immediately total garbage a solid choice,2,0
MOCK_009258,worst purchase ever falls apart after minimal use highly recommended,1,0
MOCK_009259,best purchase i have made in a long time truly impressive would buy again,4,1
MOCK_009260,terrible product broke after just one week of use very pleased overall,2,0
MOCK_009261,complete waste of money nothing like the description not worth the price,1,0
MOCK_009262,works perfectly highly recommend to everyone very disappointing,5,1
MOCK_009263,do not buy this it stopped working immediately a solid choice,2,0
MOCK_009264,awful experience arrived damaged and customer support ignored me highly recommended,1,0
MOCK_009265,cheap materials and poorly made would not recommend would buy again,2,0
MOCK_009266,this product is a scam nothing works as advertised very pleased overall,1,0
MOCK_009267,perfect fit and exactly as described very satisfied not worth the price,5,1
MOCK_009268,worst purchase ever falls apart after minimal use very disappointing,2,0
MOCK_009269,misleading product photos looks nothing like what arrived a solid choice,2,0
MOCK_009270,terrible product broke after just one week of use highly recommended,1,0
MOCK_009271,great quality and fast shipping very happy with this purchase would buy again,5,1
MOCK_009272,works perfectly highly recommend to everyone very pleased overall,5,1
MOCK_009273,do not buy this it stopped working immediately not worth the price,2,0
MOCK_009274,outstanding product five stars without hesitation very disappointing,5,1
MOCK_009275,cheap materials and poorly made would not recommend a solid choice,1,0
MOCK_009276,love this item it has made my life so much easier highly recommended,5,1
MOCK_009277,returned it immediately total garbage would buy again,1,0
MOCK_009278,worst purchase ever falls apart after minimal use very pleased overall,1,0
MOCK_009279,best purchase i have made in a long time truly impressive not worth the price,5,1
MOCK_009280,this product is absolutely amazing exactly what i needed very disappointing,5,1
MOCK_009281,complete waste of money nothing like the description a solid choice,2,0
MOCK_009282,very disappointed the quality is extremely poor highly recommended,1,0
MOCK_009283,do not buy this it stopped working immediately would buy again,1,0
MOCK_009284,awful experience arrived damaged and customer support ignored me very pleased overall,1,0
MOCK_009285,cheap materials and poorly made would not recommend not worth the price,1,0
MOCK_009286,love this item it has made my life so much easier very disappointing,5,1
MOCK_009287,returned it immediately total garbage a solid choice,2,0
MOCK_009288,incredible product customer service was excellent too highly recommended,4,1
MOCK_009289,misleading product photos looks nothing like what arrived would buy again,1,0
MOCK_009290,this product is absolutely amazing exactly what i needed very pleased overall,4,1
MOCK_009291,complete waste of money nothing like the description not worth the price,2,0
MOCK_009292,works perfectly highly recommend to everyone very disappointing,5,1
MOCK_009293,do not buy this it stopped working immediately a solid choice,1,0
MOCK_009294,awful experience arrived damaged and customer support ignored me highly recommended,1,0
MOCK_009295,fantastic build quality and great value for money would buy again,4,1
MOCK_009296,love this item it has made my life so much easier very pleased overall,4,1
MOCK_009297,perfect fit and exactly as described very satisfied not worth the price,5,1
MOCK_009298,worst purchase ever falls apart after minimal use very disappointing,2,0
MOCK_009299,best purchase i have made in a long time truly impressive a solid choice,4,1
MOCK_009300,terrible product broke after just one week of use highly recommended,2,0
MOCK_009301,great quality and fast shipping very happy with this purchase would buy again,4,1
MOCK_009302,very disappointed the quality is extremely poor very pleased overall,1,0
MOCK_009303,exceeded my expectations will definitely buy again not worth the price,5,1
MOCK_009304,awful experience arrived damaged and customer support ignored me very disappointing,1,0
MOCK_009305,fantastic build quality and great value for money a solid choice,4,1
MOCK_009306,love this item it has made my life so much easier highly recommended,5,1
MOCK_009307,perfect fit and exactly as described very satisfied would buy again,5,1
MOCK_009308,incredible product customer service was excellent too very pleased overall,4,1
MOCK_009309,best purchase i have made in a long time truly impressive not worth the price,5,1
MOCK_009310,this product is absolutely amazing exactly what i needed very disappointing,4,1
MOCK_009311,great quality and fast shipping very happy with this purchase a solid choice,5,1
MOCK_009312,very disappointed the quality is extremely poor highly recommended,1,0
MOCK_009313,exceeded my expectations will definitely buy again would buy again,5,1
MOCK_009314,outstanding product five stars without hesitation very pleased overall,4,1
MOCK_009315,cheap materials and poorly made would not recommend not worth the price,2,0
MOCK_009316,this product is a scam nothing works as advertised very disappointing,2,0
MOCK_009317,perfect fit and exactly as described very satisfied a solid choice,4,1
MOCK_009318,incredible product customer service was excellent too highly recommended,5,1
MOCK_009319,misleading product photos looks nothing like what arrived would buy again,1,0
MOCK_009320,terrible product broke after just one week of use very pleased overall,2,0
MOCK_009321,complete waste of money nothing like the description not worth the price,1,0
MOCK_009322,very disappointed the quality is extremely poor very disappointing,1,0
MOCK_009323,do not buy this it stopped working immediately a solid choice,2,0
MOCK_009324,outstanding product five stars without hesitation highly recommended,4,1
MOCK_009325,fantastic build quality and great value for money would buy again,5,1
MOCK_009326,this product is a scam nothing works as advertised very pleased overall,2,0
MOCK_009327,perfect fit and exactly as described very satisfied not worth the price,4,1
MOCK_009328,incredible product customer service was excellent too very disappointing,4,1
MOCK_009329,best purchase i have made in a long time truly impressive a solid choice,5,1
MOCK_009330,terrible product broke after just one week of use highly recommended,2,0
MOCK_009331,complete waste of money nothing like the description would buy again,1,0
MOCK_009332,works perfectly highly recommend to everyone very pleased overall,4,1
MOCK_009333,do not buy this it stopped working immediately not worth the price,2,0
MOCK_009334,awful experience arrived damaged and customer support ignored me very disappointing,2,0
MOCK_009335,cheap materials and poorly made would not recommend a solid choice,2,0
MOCK_009336,this product is a scam nothing works as advertised highly recommended,1,0
MOCK_009337,perfect fit and exactly as described very satisfied would buy again,5,1
MOCK_009338,worst purchase ever falls apart after minimal use very pleased overall,2,0
MOCK_009339,best purchase i have made in a long time truly impressive not worth the price,4,1
MOCK_009340,terrible product broke after just one week of use very disappointing,1,0
MOCK_009341,great quality and fast shipping very happy with this purchase a solid choice,4,1
MOCK_009342,works perfectly highly recommend to everyone highly recommended,5,1
MOCK_009343,do not buy this it stopped working immediately would buy again,1,0
MOCK_009344,outstanding product five stars without hesitation very pleased overall,5,1
MOCK_009345,cheap materials and poorly made would not recommend not worth the price,2,0
MOCK_009346,this product is a scam nothing works as advertised very disappointing,1,0
MOCK_009347,returned it immediately total garbage a solid choice,2,0
MOCK_009348,incredible product customer service was excellent too highly recommended,5,1
MOCK_009349,best purchase i have made in a long time truly impressive would buy again,4,1
MOCK_009350,terrible product broke after just one week of use very pleased overall,2,0
MOCK_009351,complete waste of money nothing like the description not worth the price,2,0
MOCK_009352,works perfectly highly recommend to everyone very disappointing,4,1
MOCK_009353,exceeded my expectations will definitely buy again a solid choice,5,1
MOCK_009354,awful experience arrived damaged and customer support ignored me highly recommended,2,0
MOCK_009355,cheap materials and poorly made would not recommend would buy again,1,0
MOCK_009356,love this item it has made my life so much easier very pleased overall,5,1
MOCK_009357,returned it immediately total garbage not worth the price,2,0
MOCK_009358,incredible product customer service was excellent too very disappointing,5,1
MOCK_009359,best purchase i have made in a long time truly impressive a solid choice,4,1
MOCK_009360,this product is absolutely amazing exactly what i needed highly recommended,4,1
MOCK_009361,complete waste of money nothing like the description would buy again,1,0
MOCK_009362,very disappointed the quality is extremely poor very pleased overall,2,0
MOCK_009363,exceeded my expectations will definitely buy again not worth the price,5,1
MOCK_009364,awful experience arrived damaged and customer support ignored me very disappointing,2,0
MOCK_009365,cheap materials and poorly made would not recommend a solid choice,1,0
MOCK_009366,this product is a scam nothing works as advertised highly recommended,2,0
MOCK_009367,returned it immediately total garbage would buy again,2,0
MOCK_009368,incredible product customer service was excellent too very pleased overall,5,1
MOCK_009369,misleading product photos looks nothing like what arrived not worth the price,2,0
MOCK_009370,terrible product broke after just one week of use very disappointing,2,0
MOCK_009371,great quality and fast shipping very happy with this purchase a solid choice,4,1
MOCK_009372,very disappointed the quality is extremely poor highly recommended,2,0
MOCK_009373,do not buy this it stopped working immediately would buy again,2,0
MOCK_009374,outstanding product five stars without hesitation very pleased overall,5,1
MOCK_009375,fantastic build quality and great value for money not worth the price,4,1
MOCK_009376,love this item it has made my life so much easier very disappointing,5,1
MOCK_009377,returned it immediately total garbage a solid choice,1,0
MOCK_009378,worst purchase ever falls apart after minimal use highly recommended,1,0
MOCK_009379,misleading product photos looks nothing like what arrived would buy again,1,0
MOCK_009380,this product is absolutely amazing exactly what i needed very pleased overall,4,1
MOCK_009381,complete waste of money nothing like the description not worth the price,1,0
MOCK_009382,works perfectly highly recommend to everyone very disappointing,4,1
MOCK_009383,do not buy this it stopped working immediately a solid choice,2,0
MOCK_009384,awful experience arrived damaged and customer support ignored me highly recommended,1,0
MOCK_009385,fantastic build quality and great value for money would buy again,5,1
MOCK_009386,love this item it has made my life so much easier very pleased overall,5,1
MOCK_009387,returned it immediately total garbage not worth the price,2,0
MOCK_009388,worst purchase ever falls apart after minimal use very disappointing,1,0
MOCK_009389,best purchase i have made in a long time truly impressive a solid choice,4,1
MOCK_009390,terrible product broke after just one week of use highly recommended,2,0
MOCK_009391,complete waste of money nothing like the description would buy again,2,0
MOCK_009392,very disappointed the quality is extremely poor very pleased overall,2,0
MOCK_009393,do not buy this it stopped working immediately not worth the price,1,0
MOCK_009394,awful experience arrived damaged and customer support ignored me very disappointing,2,0
MOCK_009395,cheap materials and poorly made would not recommend a solid choice,2,0
MOCK_009396,this product is a scam nothing works as advertised highly recommended,2,0
MOCK_009397,perfect fit and exactly as described very satisfied would buy again,5,1
MOCK_009398,worst purchase ever falls apart after minimal use very pleased overall,2,0
MOCK_009399,best purchase i have made in a long time truly impressive not worth the price,5,1
MOCK_009400,terrible product broke after just one week of use very disappointing,2,0
MOCK_009401,great quality and fast shipping very happy with this purchase a solid choice,5,1
MOCK_009402,very disappointed the quality is extremely poor highly recommended,2,0
MOCK_009403,exceeded my expectations will definitely buy again would buy again,4,1
MOCK_009404,outstanding product five stars without hesitation very pleased overall,5,1
MOCK_009405,cheap materials and poorly made would not recommend not worth the price,2,0
MOCK_009406,love this item it has made my life so much easier very disappointing,4,1
MOCK_009407,perfect fit and exactly as described very satisfied a solid choice,4,1
MOCK_009408,worst purchase ever falls apart after minimal use highly recommended,2,0
MOCK_009409,best purchase i have made in a long time truly impressive would buy again,5,1
MOCK_009410,this product is absolutely amazing exactly what i needed very pleased overall,4,1
MOCK_009411,great quality and fast shipping very happy with this purchase not worth the price,4,1
MOCK_009412,very disappointed the quality is extremely poor very disappointing,1,0
MOCK_009413,exceeded my expectations will definitely buy again a solid choice,5,1
MOCK_009414,awful experience arrived damaged and customer support ignored me highly recommended,2,0
MOCK_009415,fantastic build quality and great value for money would buy again,5,1
MOCK_009416,love this item it has made my life so much easier very pleased overall,4,1
MOCK_009417,returned it immediately total garbage not worth the price,2,0
MOCK_009418,incredible product customer service was excellent too very disappointing,5,1
MOCK_009419,misleading product photos looks nothing like what arrived a solid choice,2,0
MOCK_009420,terrible product broke after just one week of use highly recommended,1,0
MOCK_009421,complete waste of money nothing like the description would buy again,1,0
MOCK_009422,very disappointed the quality is extremely poor very pleased overall,2,0
MOCK_009423,do not buy this it stopped working immediately not worth the price,1,0
MOCK_009424,awful experience arrived damaged and customer support ignored me very disappointing,2,0
MOCK_009425,fantastic build quality and great value for money a solid choice,5,1
MOCK_009426,love this item it has made my life so much easier highly recommended,4,1
MOCK_009427,returned it immediately total garbage would buy again,1,0
MOCK_009428,worst purchase ever falls apart after minimal use very pleased overall,2,0
MOCK_009429,misleading product photos looks nothing like what arrived not worth the price,2,0
MOCK_009430,terrible product broke after just one week of use very disappointing,1,0
MOCK_009431,great quality and fast shipping very happy with this purchase a solid choice,4,1
MOCK_009432,works perfectly highly recommend to everyone highly recommended,5,1
MOCK_009433,exceeded my expectations will definitely buy again would buy again,4,1
MOCK_009434,outstanding product five stars without hesitation very pleased overall,5,1
MOCK_009435,cheap materials and poorly made would not recommend not worth the price,2,0
MOCK_009436,love this item it has made my life so much easier very disappointing,4,1
MOCK_009437,perfect fit and exactly as described very satisfied a solid choice,5,1
MOCK_009438,worst purchase ever falls apart after minimal use highly recommended,2,0
MOCK_009439,best purchase i have made in a long time truly impressive would buy again,4,1
MOCK_009440,terrible product broke after just one week of use very pleased overall,2,0
MOCK_009441,complete waste of money nothing like the description not worth the price,2,0
MOCK_009442,works perfectly highly recommend to everyone very disappointing,5,1
MOCK_009443,do not buy this it stopped working immediately a solid choice,1,0
MOCK_009444,awful experience arrived damaged and customer support ignored me highly recommended,2,0
MOCK_009445,cheap materials and poorly made would not recommend would buy again,1,0
MOCK_009446,this product is a scam nothing works as advertised very pleased overall,2,0
MOCK_009447,perfect fit and exactly as described very satisfied not worth the price,5,1
MOCK_009448,worst purchase ever falls apart after minimal use very disappointing,1,0
MOCK_009449,misleading product photos looks nothing like what arrived a solid choice,1,0
MOCK_009450,terrible product broke after just one week of use highly recommended,2,0
MOCK_009451,complete waste of money nothing like the description would buy again,1,0
MOCK_009452,works perfectly highly recommend to everyone very pleased overall,5,1
MOCK_009453,do not buy this it stopped working immediately not worth the price,2,0
MOCK_009454,awful experience arrived damaged and customer support ignored me very disappointing,2,0
MOCK_009455,cheap materials and poorly made would not recommend a solid choice,1,0
MOCK_009456,love this item it has made my life so much easier highly recommended,4,1
MOCK_009457,returned it immediately total garbage would buy again,1,0
MOCK_009458,incredible product customer service was excellent too very pleased overall,5,1
MOCK_009459,misleading product photos looks nothing like what arrived not worth the price,2,0
MOCK_009460,terrible product broke after just one week of use very disappointing,2,0
MOCK_009461,complete waste of money nothing like the description a solid choice,1,0
MOCK_009462,very disappointed the quality is extremely poor highly recommended,1,0
MOCK_009463,do not buy this it stopped working immediately would buy again,1,0
MOCK_009464,awful experience arrived damaged and customer support ignored me very pleased overall,2,0
MOCK_009465,cheap materials and poorly made would not recommend not worth the price,1,0
MOCK_009466,love this item it has made my life so much easier very disappointing,4,1
MOCK_009467,perfect fit and exactly as described very satisfied a solid choice,5,1
MOCK_009468,incredible product customer service was excellent too highly recommended,5,1
MOCK_009469,best purchase i have made in a long time truly impressive would buy again,4,1
MOCK_009470,this product is absolutely amazing exactly what i needed very pleased overall,5,1
MOCK_009471,great quality and fast shipping very happy with this purchase not worth the price,4,1
MOCK_009472,very disappointed the quality is extremely poor very disappointing,1,0
MOCK_009473,exceeded my expectations will definitely buy again a solid choice,4,1
MOCK_009474,outstanding product five stars without hesitation highly recommended,4,1
MOCK_009475,cheap materials and poorly made would not recommend would buy again,2,0
MOCK_009476,love this item it has made my life so much easier very pleased overall,5,1
MOCK_009477,perfect fit and exactly as described very satisfied not worth the price,5,1
MOCK_009478,incredible product customer service was excellent too very disappointing,4,1
MOCK_009479,best purchase i have made in a long time truly impressive a solid choice,5,1
MOCK_009480,this product is absolutely amazing exactly what i needed highly recommended,5,1
MOCK_009481,great quality and fast shipping very happy with this purchase would buy again,4,1
MOCK_009482,works perfectly highly recommend to everyone very pleased overall,5,1
MOCK_009483,do not buy this it stopped working immediately not worth the price,2,0
MOCK_009484,outstanding product five stars without hesitation very disappointing,5,1
MOCK_009485,fantastic build quality and great value for money a solid choice,4,1
MOCK_009486,love this item it has made my life so much easier highly recommended,5,1
MOCK_009487,returned it immediately total garbage would buy again,2,0
MOCK_009488,worst purchase ever falls apart after minimal use very pleased overall,2,0
MOCK_009489,best purchase i have made in a long time truly impressive not worth the price,5,1
MOCK_009490,this product is absolutely amazing exactly what i needed very disappointing,4,1
MOCK_009491,complete waste of money nothing like the description a solid choice,2,0
MOCK_009492,very disappointed the quality is extremely poor highly recommended,2,0
MOCK_009493,do not buy this it stopped working immediately would buy again,2,0
MOCK_009494,outstanding product five stars without hesitation very pleased overall,4,1
MOCK_009495,cheap materials and poorly made would not recommend not worth the price,1,0
MOCK_009496,love this item it has made my life so much easier very disappointing,4,1
MOCK_009497,perfect fit and exactly as described very satisfied a solid choice,4,1
MOCK_009498,incredible product customer service was excellent too highly recommended,5,1
MOCK_009499,misleading product photos looks nothing like what arrived would buy again,1,0
MOCK_009500,terrible product broke after just one week of use very pleased overall,2,0
MOCK_009501,great quality and fast shipping very happy with this purchase not worth the price,5,1
MOCK_009502,works perfectly highly recommend to everyone very disappointing,5,1
MOCK_009503,do not buy this it stopped working immediately a solid choice,1,0
MOCK_009504,outstanding product five stars without hesitation highly recommended,5,1
MOCK_009505,fantastic build quality and great value for money would buy again,5,1
MOCK_009506,this product is a scam nothing works as advertised very pleased overall,2,0
MOCK_009507,perfect fit and exactly as described very satisfied not worth the price,4,1
MOCK_009508,worst purchase ever falls apart after minimal use very disappointing,2,0
MOCK_009509,misleading product photos looks nothing like what arrived a solid choice,1,0
MOCK_009510,terrible product broke after just one week of use highly recommended,2,0
MOCK_009511,complete waste of money nothing like the description would buy again,1,0
MOCK_009512,very disappointed the quality is extremely poor very pleased overall,1,0
MOCK_009513,do not buy this it stopped working immediately not worth the price,2,0
MOCK_009514,awful experience arrived damaged and customer support ignored me very disappointing,1,0
MOCK_009515,fantastic build quality and great value for money a solid choice,5,1
MOCK_009516,love this item it has made my life so much easier highly recommended,5,1
MOCK_009517,returned it immediately total garbage would buy again,1,0
MOCK_009518,worst purchase ever falls apart after minimal use very pleased overall,1,0
MOCK_009519,best purchase i have made in a long time truly impressive not worth the price,4,1
MOCK_009520,this product is absolutely amazing exactly what i needed very disappointing,5,1
MOCK_009521,great quality and fast shipping very happy with this purchase a solid choice,5,1
MOCK_009522,works perfectly highly recommend to everyone highly recommended,4,1
MOCK_009523,exceeded my expectations will definitely buy again would buy again,5,1
MOCK_009524,outstanding product five stars without hesitation very pleased overall,4,1
MOCK_009525,fantastic build quality and great value for money not worth the price,5,1
MOCK_009526,this product is a scam nothing works as advertised very disappointing,2,0
MOCK_009527,returned it immediately total garbage a solid choice,1,0
MOCK_009528,incredible product customer service was excellent too highly recommended,5,1
MOCK_009529,misleading product photos looks nothing like what arrived would buy again,1,0
MOCK_009530,terrible product broke after just one week of use very pleased overall,2,0
MOCK_009531,complete waste of money nothing like the description not worth the price,2,0
MOCK_009532,very disappointed the quality is extremely poor very disappointing,2,0
MOCK_009533,do not buy this it stopped working immediately a solid choice,1,0
MOCK_009534,awful experience arrived damaged and customer support ignored me highly recommended,2,0
MOCK_009535,fantastic build quality and great value for money would buy again,4,1
MOCK_009536,this product is a scam nothing works as advertised very pleased overall,2,0
MOCK_009537,returned it immediately total garbage not worth the price,1,0
MOCK_009538,worst purchase ever falls apart after minimal use very disappointing,2,0
MOCK_009539,misleading product photos looks nothing like what arrived a solid choice,1,0
MOCK_009540,terrible product broke after just one week of use highly recommended,2,0
MOCK_009541,great quality and fast shipping very happy with this purchase would buy again,5,1
MOCK_009542,very disappointed the quality is extremely poor very pleased overall,1,0
MOCK_009543,do not buy this it stopped working immediately not worth the price,2,0
MOCK_009544,awful experience arrived damaged and customer support ignored me very disappointing,2,0
MOCK_009545,cheap materials and poorly made would not recommend a solid choice,1,0
MOCK_009546,this product is a scam nothing works as advertised highly recommended,2,0
MOCK_009547,perfect fit and exactly as described very satisfied would buy again,5,1
MOCK_009548,worst purchase ever falls apart after minimal use very pleased overall,2,0
MOCK_009549,best purchase i have made in a long time truly impressive not worth the price,4,1
MOCK_009550,this product is absolutely amazing exactly what i needed very disappointing,5,1
MOCK_009551,complete waste of money nothing like the description a solid choice,1,0
MOCK_009552,very disappointed the quality is extremely poor highly recommended,2,0
MOCK_009553,do not buy this it stopped working immediately would buy again,1,0
MOCK_009554,outstanding product five stars without hesitation very pleased overall,4,1
MOCK_009555,cheap materials and poorly made would not recommend not worth the price,1,0
MOCK_009556,love this item it has made my life so much easier very disappointing,4,1
MOCK_009557,returned it immediately total garbage a solid choice,2,0
MOCK_009558,worst purchase ever falls apart after minimal use highly recommended,2,0
MOCK_009559,misleading product photos looks nothing like what arrived would buy again,2,0
MOCK_009560,this product is absolutely amazing exactly what i needed very pleased overall,5,1
MOCK_009561,complete waste of money nothing like the description not worth the price,1,0
MOCK_009562,works perfectly highly recommend to everyone very disappointing,4,1
MOCK_009563,do not buy this it stopped working immediately a solid choice,2,0
MOCK_009564,outstanding product five stars without hesitation highly recommended,5,1
MOCK_009565,fantastic build quality and great value for money would buy again,5,1
MOCK_009566,this product is a scam nothing works as advertised very pleased overall,1,0
MOCK_009567,perfect fit and exactly as described very satisfied not worth the price,5,1
MOCK_009568,worst purchase ever falls apart after minimal use very disappointing,1,0
MOCK_009569,misleading product photos looks nothing like what arrived a solid choice,2,0
MOCK_009570,this product is absolutely amazing exactly what i needed highly recommended,4,1
MOCK_009571,complete waste of money nothing like the description would buy again,2,0
MOCK_009572,very disappointed the quality is extremely poor very pleased overall,1,0
MOCK_009573,do not buy this it stopped working immediately not worth the price,2,0
MOCK_009574,outstanding product five stars without hesitation very disappointing,4,1
MOCK_009575,cheap materials and poorly made would not recommend a solid choice,2,0
MOCK_009576,love this item it has made my life so much easier highly recommended,4,1
MOCK_009577,returned it immediately total garbage would buy again,2,0
MOCK_009578,worst purchase ever falls apart after minimal use very pleased overall,1,0
MOCK_009579,best purchase i have made in a long time truly impressive not worth the price,4,1
MOCK_009580,terrible product broke after just one week of use very disappointing,2,0
MOCK_009581,complete waste of money nothing like the description a solid choice,1,0
MOCK_009582,works perfectly highly recommend to everyone highly recommended,4,1
MOCK_009583,exceeded my expectations will definitely buy again would buy again,5,1
MOCK_009584,outstanding product five stars without hesitation very pleased overall,5,1
MOCK_009585,cheap materials and poorly made would not recommend not worth the price,2,0
MOCK_009586,this product is a scam nothing works as advertised very disappointing,1,0
MOCK_009587,returned it immediately total garbage a solid choice,2,0
MOCK_009588,incredible product customer service was excellent too highly recommended,5,1
MOCK_009589,best purchase i have made in a long time truly impressive would buy again,4,1
MOCK_009590,this product is absolutely amazing exactly what i needed very pleased overall,5,1
MOCK_009591,complete waste of money nothing like the description not worth the price,1,0
MOCK_009592,very disappointed the quality is extremely poor very disappointing,2,0
MOCK_009593,do not buy this it stopped working immediately a solid choice,2,0
MOCK_009594,outstanding product five stars without hesitation highly recommended,4,1
MOCK_009595,cheap materials and poorly made would not recommend would buy again,1,0
MOCK_009596,this product is a scam nothing works as advertised very pleased overall,1,0
MOCK_009597,perfect fit and exactly as described very satisfied not worth the price,4,1
MOCK_009598,incredible product customer service was excellent too very disappointing,5,1
MOCK_009599,best purchase i have made in a long time truly impressive a solid choice,5,1
MOCK_009600,terrible product broke after just one week of use highly recommended,2,0
MOCK_009601,great quality and fast shipping very happy with this purchase would buy again,4,1
MOCK_009602,very disappointed the quality is extremely poor very pleased overall,2,0
MOCK_009603,exceeded my expectations will definitely buy again not worth the price,4,1
MOCK_009604,outstanding product five stars without hesitation very disappointing,4,1
MOCK_009605,fantastic build quality and great value for money a solid choice,5,1
MOCK_009606,this product is a scam nothing works as advertised highly recommended,2,0
MOCK_009607,returned it immediately total garbage would buy again,2,0
MOCK_009608,incredible product customer service was excellent too very pleased overall,5,1
MOCK_009609,misleading product photos looks nothing like what arrived not worth the price,1,0
MOCK_009610,this product is absolutely amazing exactly what i needed very disappointing,5,1
MOCK_009611,complete waste of money nothing like the description a solid choice,2,0
MOCK_009612,works perfectly highly recommend to everyone highly recommended,5,1
MOCK_009613,do not buy this it stopped working immediately would buy again,1,0
MOCK_009614,awful experience arrived damaged and customer support ignored me very pleased overall,1,0
MOCK_009615,cheap materials and poorly made would not recommend not worth the price,1,0
MOCK_009616,this product is a scam nothing works as advertised very disappointing,1,0
MOCK_009617,perfect fit and exactly as described very satisfied a solid choice,4,1
MOCK_009618,worst purchase ever falls apart after minimal use highly recommended,2,0
MOCK_009619,best purchase i have made in a long time truly impressive would buy again,5,1
MOCK_009620,terrible product broke after just one week of use very pleased overall,1,0
MOCK_009621,great quality and fast shipping very happy with this purchase not worth the price,5,1
MOCK_009622,very disappointed the quality is extremely poor very disappointing,2,0
MOCK_009623,exceeded my expectations will definitely buy again a solid choice,5,1
MOCK_009624,outstanding product five stars without hesitation highly recommended,5,1
MOCK_009625,cheap materials and poorly made would not recommend would buy again,2,0
MOCK_009626,love this item it has made my life so much easier very pleased overall,4,1
MOCK_009627,returned it immediately total garbage not worth the price,1,0
MOCK_009628,worst purchase ever falls apart after minimal use very disappointing,2,0
MOCK_009629,misleading product photos looks nothing like what arrived a solid choice,2,0
MOCK_009630,this product is absolutely amazing exactly what i needed highly recommended,5,1
MOCK_009631,great quality and fast shipping very happy with this purchase would buy again,5,1
MOCK_009632,works perfectly highly recommend to everyone very pleased overall,4,1
MOCK_009633,exceeded my expectations will definitely buy again not worth the price,4,1
MOCK_009634,awful experience arrived damaged and customer support ignored me very disappointing,2,0
MOCK_009635,cheap materials and poorly made would not recommend a solid choice,1,0
MOCK_009636,love this item it has made my life so much easier highly recommended,5,1
MOCK_009637,perfect fit and exactly as described very satisfied would buy again,5,1
MOCK_009638,incredible product customer service was excellent too very pleased overall,5,1
MOCK_009639,best purchase i have made in a long time truly impressive not worth the price,4,1
MOCK_009640,this product is absolutely amazing exactly what i needed very disappointing,5,1
MOCK_009641,complete waste of money nothing like the description a solid choice,1,0
MOCK_009642,works perfectly highly recommend to everyone highly recommended,5,1
MOCK_009643,exceeded my expectations will definitely buy again would buy again,4,1
MOCK_009644,outstanding product five stars without hesitation very pleased overall,5,1
MOCK_009645,fantastic build quality and great value for money not worth the price,4,1
MOCK_009646,love this item it has made my life so much easier very disappointing,4,1
MOCK_009647,returned it immediately total garbage a solid choice,2,0
MOCK_009648,worst purchase ever falls apart after minimal use highly recommended,1,0
MOCK_009649,misleading product photos looks nothing like what arrived would buy again,1,0
MOCK_009650,terrible product broke after just one week of use very pleased overall,2,0
MOCK_009651,great quality and fast shipping very happy with this purchase not worth the price,5,1
MOCK_009652,very disappointed the quality is extremely poor very disappointing,1,0
MOCK_009653,exceeded my expectations will definitely buy again a solid choice,5,1
MOCK_009654,awful experience arrived damaged and customer support ignored me highly recommended,2,0
MOCK_009655,cheap materials and poorly made would not recommend would buy again,2,0
MOCK_009656,this product is a scam nothing works as advertised very pleased overall,1,0
MOCK_009657,returned it immediately total garbage not worth the price,1,0
MOCK_009658,incredible product customer service was excellent too very disappointing,5,1
MOCK_009659,best purchase i have made in a long time truly impressive a solid choice,4,1
MOCK_009660,this product is absolutely amazing exactly what i needed highly recommended,4,1
MOCK_009661,complete waste of money nothing like the description would buy again,2,0
MOCK_009662,works perfectly highly recommend to everyone very pleased overall,4,1
MOCK_009663,do not buy this it stopped working immediately not worth the price,2,0
MOCK_009664,outstanding product five stars without hesitation very disappointing,4,1
MOCK_009665,fantastic build quality and great value for money a solid choice,5,1
MOCK_009666,this product is a scam nothing works as advertised highly recommended,2,0
MOCK_009667,perfect fit and exactly as described very satisfied would buy again,5,1
MOCK_009668,worst purchase ever falls apart after minimal use very pleased overall,2,0
MOCK_009669,best purchase i have made in a long time truly impressive not worth the price,5,1
MOCK_009670,this product is absolutely amazing exactly what i needed very disappointing,4,1
MOCK_009671,complete waste of money nothing like the description a solid choice,2,0
MOCK_009672,works perfectly highly recommend to everyone highly recommended,5,1
MOCK_009673,exceeded my expectations will definitely buy again would buy again,5,1
MOCK_009674,awful experience arrived damaged and customer support ignored me very pleased overall,1,0
MOCK_009675,fantastic build quality and great value for money not worth the price,4,1
MOCK_009676,this product is a scam nothing works as advertised very disappointing,2,0
MOCK_009677,returned it immediately total garbage a solid choice,2,0
MOCK_009678,worst purchase ever falls apart after minimal use highly recommended,1,0
MOCK_009679,misleading product photos looks nothing like what arrived would buy again,1,0
MOCK_009680,this product is absolutely amazing exactly what i needed very pleased overall,5,1
MOCK_009681,complete waste of money nothing like the description not worth the price,1,0
MOCK_009682,works perfectly highly recommend to everyone very disappointing,5,1
MOCK_009683,exceeded my expectations will definitely buy again a solid choice,4,1
MOCK_009684,outstanding product five stars without hesitation highly recommended,4,1
MOCK_009685,fantastic build quality and great value for money would buy again,4,1
MOCK_009686,this product is a scam nothing works as advertised very pleased overall,2,0
MOCK_009687,perfect fit and exactly as described very satisfied not worth the price,5,1
MOCK_009688,worst purchase ever falls apart after minimal use very disappointing,1,0
MOCK_009689,misleading product photos looks nothing like what arrived a solid choice,1,0
MOCK_009690,terrible product broke after just one week of use highly recommended,1,0
MOCK_009691,complete waste of money nothing like the description would buy again,1,0
MOCK_009692,very disappointed the quality is extremely poor very pleased overall,2,0
MOCK_009693,exceeded my expectations will definitely buy again not worth the price,4,1
MOCK_009694,outstanding product five stars without hesitation very disappointing,5,1
MOCK_009695,cheap materials and poorly made would not recommend a solid choice,1,0
MOCK_009696,love this item it has made my life so much easier highly recommended,4,1
MOCK_009697,returned it immediately total garbage would buy again,1,0
MOCK_009698,worst purchase ever falls apart after minimal use very pleased overall,1,0
MOCK_009699,misleading product photos looks nothing like what arrived not worth the price,1,0
MOCK_009700,terrible product broke after just one week of use very disappointing,1,0
MOCK_009701,great quality and fast shipping very happy with this purchase a solid choice,4,1
MOCK_009702,very disappointed the quality is extremely poor highly recommended,2,0
MOCK_009703,do not buy this it stopped working immediately would buy again,1,0
MOCK_009704,outstanding product five stars without hesitation very pleased overall,4,1
MOCK_009705,cheap materials and poorly made would not recommend not worth the price,1,0
MOCK_009706,this product is a scam nothing works as advertised very disappointing,2,0
MOCK_009707,perfect fit and exactly as described very satisfied a solid choice,5,1
MOCK_009708,incredible product customer service was excellent too highly recommended,5,1
MOCK_009709,misleading product photos looks nothing like what arrived would buy again,2,0
MOCK_009710,this product is absolutely amazing exactly what i needed very pleased overall,5,1
MOCK_009711,great quality and fast shipping very happy with this purchase not worth the price,4,1
MOCK_009712,very disappointed the quality is extremely poor very disappointing,2,0
MOCK_009713,do not buy this it stopped working immediately a solid choice,2,0
MOCK_009714,outstanding product five stars without hesitation highly recommended,4,1
MOCK_009715,fantastic build quality and great value for money would buy again,4,1
MOCK_009716,this product is a scam nothing works as advertised very pleased overall,1,0
MOCK_009717,perfect fit and exactly as described very satisfied not worth the price,4,1
MOCK_009718,incredible product customer service was excellent too very disappointing,5,1
MOCK_009719,misleading product photos looks nothing like what arrived a solid choice,1,0
MOCK_009720,terrible product broke after just one week of use highly recommended,2,0
MOCK_009721,great quality and fast shipping very happy with this purchase would buy again,5,1
MOCK_009722,very disappointed the quality is extremely poor very pleased overall,1,0
MOCK_009723,do not buy this it stopped working immediately not worth the price,1,0
MOCK_009724,awful experience arrived damaged and customer support ignored me very disappointing,2,0
MOCK_009725,fantastic build quality and great value for money a solid choice,5,1
MOCK_009726,this product is a scam nothing works as advertised highly recommended,1,0
MOCK_009727,returned it immediately total garbage would buy again,1,0
MOCK_009728,worst purchase ever falls apart after minimal use very pleased overall,2,0
MOCK_009729,best purchase i have made in a long time truly impressive not worth the price,5,1
MOCK_009730,this product is absolutely amazing exactly what i needed very disappointing,4,1
MOCK_009731,complete waste of money nothing like the description a solid choice,1,0
MOCK_009732,works perfectly highly recommend to everyone highly recommended,5,1
MOCK_009733,do not buy this it stopped working immediately would buy again,1,0
MOCK_009734,awful experience arrived damaged and customer support ignored me very pleased overall,1,0
MOCK_009735,fantastic build quality and great value for money not worth the price,5,1
MOCK_009736,love this item it has made my life so much easier very disappointing,4,1
MOCK_009737,returned it immediately total garbage a solid choice,1,0
MOCK_009738,worst purchase ever falls apart after minimal use highly recommended,2,0
MOCK_009739,misleading product photos looks nothing like what arrived would buy again,2,0
MOCK_009740,terrible product broke after just one week of use very pleased overall,2,0
MOCK_009741,complete waste of money nothing like the description not worth the price,1,0
MOCK_009742,very disappointed the quality is extremely poor very disappointing,2,0
MOCK_009743,exceeded my expectations will definitely buy again a solid choice,5,1
MOCK_009744,outstanding product five stars without hesitation highly recommended,5,1
MOCK_009745,cheap materials and poorly made would not recommend would buy again,2,0
MOCK_009746,this product is a scam nothing works as advertised very pleased overall,2,0
MOCK_009747,perfect fit and exactly as described very satisfied not worth the price,5,1
MOCK_009748,worst purchase ever falls apart after minimal use very disappointing,2,0
MOCK_009749,best purchase i have made in a long time truly impressive a solid choice,4,1
MOCK_009750,terrible product broke after just one week of use highly recommended,2,0
MOCK_009751,great quality and fast shipping very happy with this purchase would buy again,5,1
MOCK_009752,very disappointed the quality is extremely poor very pleased overall,1,0
MOCK_009753,exceeded my expectations will definitely buy again not worth the price,4,1
MOCK_009754,outstanding product five stars without hesitation very disappointing,5,1
MOCK_009755,fantastic build quality and great value for money a solid choice,4,1
MOCK_009756,love this item it has made my life so much easier highly recommended,5,1
MOCK_009757,returned it immediately total garbage would buy again,2,0
MOCK_009758,incredible product customer service was excellent too very pleased overall,4,1
MOCK_009759,best purchase i have made in a long time truly impressive not worth the price,4,1
MOCK_009760,this product is absolutely amazing exactly what i needed very disappointing,5,1
MOCK_009761,complete waste of money nothing like the description a solid choice,1,0
MOCK_009762,very disappointed the quality is extremely poor highly recommended,2,0
MOCK_009763,exceeded my expectations will definitely buy again would buy again,4,1
MOCK_009764,outstanding product five stars without hesitation very pleased overall,4,1
MOCK_009765,cheap materials and poorly made would not recommend not worth the price,2,0
MOCK_009766,love this item it has made my life so much easier very disappointing,4,1
MOCK_009767,perfect fit and exactly as described very satisfied a solid choice,5,1
MOCK_009768,worst purchase ever falls apart after minimal use highly recommended,2,0
MOCK_009769,misleading product photos looks nothing like what arrived would buy again,1,0
MOCK_009770,this product is absolutely amazing exactly what i needed very pleased overall,4,1
MOCK_009771,great quality and fast shipping very happy with this purchase not worth the price,5,1
MOCK_009772,very disappointed the quality is extremely poor very disappointing,2,0
MOCK_009773,do not buy this it stopped working immediately a solid choice,2,0
MOCK_009774,awful experience arrived damaged and customer support ignored me highly recommended,2,0
MOCK_009775,cheap materials and poorly made would not recommend would buy again,1,0
MOCK_009776,this product is a scam nothing works as advertised very pleased overall,1,0
MOCK_009777,returned it immediately total garbage not worth the price,2,0
MOCK_009778,incredible product customer service was excellent too very disappointing,5,1
MOCK_009779,misleading product photos looks nothing like what arrived a solid choice,2,0
MOCK_009780,terrible product broke after just one week of use highly recommended,1,0
MOCK_009781,great quality and fast shipping very happy with this purchase would buy again,5,1
MOCK_009782,very disappointed the quality is extremely poor very pleased overall,2,0
MOCK_009783,exceeded my expectations will definitely buy again not worth the price,4,1
MOCK_009784,awful experience arrived damaged and customer support ignored me very disappointing,2,0
MOCK_009785,cheap materials and poorly made would not recommend a solid choice,2,0
MOCK_009786,this product is a scam nothing works as advertised highly recommended,1,0
MOCK_009787,perfect fit and exactly as described very satisfied would buy again,4,1
MOCK_009788,worst purchase ever falls apart after minimal use very pleased overall,1,0
MOCK_009789,best purchase i have made in a long time truly impressive not worth the price,5,1
MOCK_009790,this product is absolutely amazing exactly what i needed very disappointing,4,1
MOCK_009791,great quality and fast shipping very happy with this purchase a solid choice,4,1
MOCK_009792,very disappointed the quality is extremely poor highly recommended,1,0
MOCK_009793,exceeded my expectations will definitely buy again would buy again,4,1
MOCK_009794,outstanding product five stars without hesitation very pleased overall,4,1
MOCK_009795,cheap materials and poorly made would not recommend not worth the price,2,0
MOCK_009796,love this item it has made my life so much easier very disappointing,4,1
MOCK_009797,returned it immediately total garbage a solid choice,1,0
MOCK_009798,incredible product customer service was excellent too highly recommended,4,1
MOCK_009799,misleading product photos looks nothing like what arrived would buy again,1,0
MOCK_009800,terrible product broke after just one week of use very pleased overall,1,0
MOCK_009801,great quality and fast shipping very happy with this purchase not worth the price,5,1
MOCK_009802,very disappointed the quality is extremely poor very disappointing,2,0
MOCK_009803,do not buy this it stopped working immediately a solid choice,2,0
MOCK_009804,awful experience arrived damaged and customer support ignored me highly recommended,1,0
MOCK_009805,cheap materials and poorly made would not recommend would buy again,2,0
MOCK_009806,love this item it has made my life so much easier very pleased overall,5,1
MOCK_009807,returned it immediately total garbage not worth the price,1,0
MOCK_009808,worst purchase ever falls apart after minimal use very disappointing,1,0
MOCK_009809,misleading product photos looks nothing like what arrived a solid choice,2,0
MOCK_009810,this product is absolutely amazing exactly what i needed highly recommended,4,1
MOCK_009811,complete waste of money nothing like the description would buy again,1,0
MOCK_009812,works perfectly highly recommend to everyone very pleased overall,5,1
MOCK_009813,exceeded my expectations will definitely buy again not worth the price,4,1
MOCK_009814,awful experience arrived damaged and customer support ignored me very disappointing,2,0
MOCK_009815,cheap materials and poorly made would not recommend a solid choice,1,0
MOCK_009816,this product is a scam nothing works as advertised highly recommended,1,0
MOCK_009817,perfect fit and exactly as described very satisfied would buy again,4,1
MOCK_009818,incredible product customer service was excellent too very pleased overall,4,1
MOCK_009819,misleading product photos looks nothing like what arrived not worth the price,2,0
MOCK_009820,this product is absolutely amazing exactly what i needed very disappointing,5,1
MOCK_009821,great quality and fast shipping very happy with this purchase a solid choice,5,1
MOCK_009822,works perfectly highly recommend to everyone highly recommended,5,1
MOCK_009823,exceeded my expectations will definitely buy again would buy again,4,1
MOCK_009824,awful experience arrived damaged and customer support ignored me very pleased overall,1,0
MOCK_009825,cheap materials and poorly made would not recommend not worth the price,1,0
MOCK_009826,love this item it has made my life so much easier very disappointing,5,1
MOCK_009827,returned it immediately total garbage a solid choice,1,0
MOCK_009828,incredible product customer service was excellent too highly recommended,4,1
MOCK_009829,best purchase i have made in a long time truly impressive would buy again,5,1
MOCK_009830,terrible product broke after just one week of use very pleased overall,2,0
MOCK_009831,complete waste of money nothing like the description not worth the price,1,0
MOCK_009832,works perfectly highly recommend to everyone very disappointing,5,1
MOCK_009833,exceeded my expectations will definitely buy again a solid choice,5,1
MOCK_009834,awful experience arrived damaged and customer support ignored me highly recommended,2,0
MOCK_009835,cheap materials and poorly made would not recommend would buy again,1,0
MOCK_009836,love this item it has made my life so much easier very pleased overall,4,1
MOCK_009837,returned it immediately total garbage not worth the price,1,0
MOCK_009838,worst purchase ever falls apart after minimal use very disappointing,2,0
MOCK_009839,best purchase i have made in a long time truly impressive a solid choice,5,1
MOCK_009840,terrible product broke after just one week of use highly recommended,2,0
MOCK_009841,great quality and fast shipping very happy with this purchase would buy again,4,1
MOCK_009842,works perfectly highly recommend to everyone very pleased overall,4,1
MOCK_009843,exceeded my expectations will definitely buy again not worth the price,5,1
MOCK_009844,outstanding product five stars without hesitation very disappointing,4,1
MOCK_009845,fantastic build quality and great value for money a solid choice,5,1
MOCK_009846,love this item it has made my life so much easier highly recommended,5,1
MOCK_009847,returned it immediately total garbage would buy again,1,0
MOCK_009848,worst purchase ever falls apart after minimal use very pleased overall,1,0
MOCK_009849,misleading product photos looks nothing like what arrived not worth the price,1,0
MOCK_009850,this product is absolutely amazing exactly what i needed very disappointing,4,1
MOCK_009851,complete waste of money nothing like the description a solid choice,2,0
MOCK_009852,works perfectly highly recommend to everyone highly recommended,4,1
MOCK_009853,exceeded my expectations will definitely buy again would buy again,4,1
MOCK_009854,awful experience arrived damaged and customer support ignored me very pleased overall,1,0
MOCK_009855,fantastic build quality and great value for money not worth the price,4,1
MOCK_009856,love this item it has made my life so much easier very disappointing,5,1
MOCK_009857,returned it immediately total garbage a solid choice,2,0
MOCK_009858,worst purchase ever falls apart after minimal use highly recommended,2,0
MOCK_009859,misleading product photos looks nothing like what arrived would buy again,2,0
MOCK_009860,terrible product broke after just one week of use very pleased overall,1,0
MOCK_009861,great quality and fast shipping very happy with this purchase not worth the price,5,1
MOCK_009862,very disappointed the quality is extremely poor very disappointing,1,0
MOCK_009863,do not buy this it stopped working immediately a solid choice,2,0
MOCK_009864,outstanding product five stars without hesitation highly recommended,4,1
MOCK_009865,fantastic build quality and great value for money would buy again,4,1
MOCK_009866,love this item it has made my life so much easier very pleased overall,4,1
MOCK_009867,returned it immediately total garbage not worth the price,2,0
MOCK_009868,worst purchase ever falls apart after minimal use very disappointing,1,0
MOCK_009869,misleading product photos looks nothing like what arrived a solid choice,2,0
MOCK_009870,this product is absolutely amazing exactly what i needed highly recommended,4,1
MOCK_009871,great quality and fast shipping very happy with this purchase would buy again,5,1
MOCK_009872,very disappointed the quality is extremely poor very pleased overall,2,0
MOCK_009873,do not buy this it stopped working immediately not worth the price,1,0
MOCK_009874,outstanding product five stars without hesitation very disappointing,4,1
MOCK_009875,cheap materials and poorly made would not recommend a solid choice,1,0
MOCK_009876,this product is a scam nothing works as advertised highly recommended,2,0
MOCK_009877,perfect fit and exactly as described very satisfied would buy again,5,1
MOCK_009878,incredible product customer service was excellent too very pleased overall,4,1
MOCK_009879,misleading product photos looks nothing like what arrived not worth the price,1,0
MOCK_009880,this product is absolutely amazing exactly what i needed very disappointing,4,1
MOCK_009881,great quality and fast shipping very happy with this purchase a solid choice,4,1
MOCK_009882,works perfectly highly recommend to everyone highly recommended,5,1
MOCK_009883,do not buy this it stopped working immediately would buy again,1,0
MOCK_009884,awful experience arrived damaged and customer support ignored me very pleased overall,1,0
MOCK_009885,fantastic build quality and great value for money not worth the price,5,1
MOCK_009886,this product is a scam nothing works as advertised very disappointing,2,0
MOCK_009887,perfect fit and exactly as described very satisfied a solid choice,5,1
MOCK_009888,incredible product customer service was excellent too highly recommended,4,1
MOCK_009889,misleading product photos looks nothing like what arrived would buy again,2,0
MOCK_009890,terrible product broke after just one week of use very pleased overall,2,0
MOCK_009891,great quality and fast shipping very happy with this purchase not worth the price,5,1
MOCK_009892,very disappointed the quality is extremely poor very disappointing,1,0
MOCK_009893,exceeded my expectations will definitely buy again a solid choice,5,1
MOCK_009894,awful experience arrived damaged and customer support ignored me highly recommended,2,0
MOCK_009895,fantastic build quality and great value for money would buy again,5,1
MOCK_009896,love this item it has made my life so much easier very pleased overall,5,1
MOCK_009897,perfect fit and exactly as described very satisfied not worth the price,5,1
MOCK_009898,worst purchase ever falls apart after minimal use very disappointing,2,0
MOCK_009899,misleading product photos looks nothing like what arrived a solid choice,2,0
MOCK_009900,terrible product broke after just one week of use highly recommended,1,0
MOCK_009901,complete waste of money nothing like the description would buy again,1,0
MOCK_009902,works perfectly highly recommend to everyone very pleased overall,5,1
MOCK_009903,exceeded my expectations will definitely buy again not worth the price,5,1
MOCK_009904,outstanding product five stars without hesitation very disappointing,5,1
MOCK_009905,cheap materials and poorly made would not recommend a solid choice,2,0
MOCK_009906,this product is a scam nothing works as advertised highly recommended,2,0
MOCK_009907,perfect fit and exactly as described very satisfied would buy again,5,1
MOCK_009908,incredible product customer service was excellent too very pleased overall,4,1
MOCK_009909,best purchase i have made in a long time truly impressive not worth the price,5,1
MOCK_009910,terrible product broke after just one week of use very disappointing,1,0
MOCK_009911,great quality and fast shipping very happy with this purchase a solid choice,5,1
MOCK_009912,works perfectly highly recommend to everyone highly recommended,5,1
MOCK_009913,do not buy this it stopped working immediately would buy again,1,0
MOCK_009914,outstanding product five stars without hesitation very pleased overall,4,1
MOCK_009915,cheap materials and poorly made would not recommend not worth the price,1,0
MOCK_009916,this product is a scam nothing works as advertised very disappointing,2,0
MOCK_009917,returned it immediately total garbage a solid choice,1,0
MOCK_009918,worst purchase ever falls apart after minimal use highly recommended,1,0
MOCK_009919,best purchase i have made in a long time truly impressive would buy again,5,1
MOCK_009920,terrible product broke after just one week of use very pleased overall,1,0
MOCK_009921,great quality and fast shipping very happy with this purchase not worth the price,5,1
MOCK_009922,works perfectly highly recommend to everyone very disappointing,5,1
MOCK_009923,exceeded my expectations will definitely buy again a solid choice,4,1
MOCK_009924,awful experience arrived damaged and customer support ignored me highly recommended,1,0
MOCK_009925,cheap materials and poorly made would not recommend would buy again,2,0
MOCK_009926,love this item it has made my life so much easier very pleased overall,5,1
MOCK_009927,perfect fit and exactly as described very satisfied not worth the price,4,1
MOCK_009928,worst purchase ever falls apart after minimal use very disappointing,2,0
MOCK_009929,misleading product photos looks nothing like what arrived a solid choice,2,0
MOCK_009930,this product is absolutely amazing exactly what i needed highly recommended,4,1
MOCK_009931,great quality and fast shipping very happy with this purchase would buy again,5,1
MOCK_009932,very disappointed the quality is extremely poor very pleased overall,1,0
MOCK_009933,do not buy this it stopped working immediately not worth the price,1,0
MOCK_009934,awful experience arrived damaged and customer support ignored me very disappointing,2,0
MOCK_009935,cheap materials and poorly made would not recommend a solid choice,1,0
MOCK_009936,this product is a scam nothing works as advertised highly recommended,1,0
MOCK_009937,returned it immediately total garbage would buy again,1,0
MOCK_009938,incredible product customer service was excellent too very pleased overall,5,1
MOCK_009939,misleading product photos looks nothing like what arrived not worth the price,2,0
MOCK_009940,this product is absolutely amazing exactly what i needed very disappointing,5,1
MOCK_009941,great quality and fast shipping very happy with this purchase a solid choice,4,1
MOCK_009942,works perfectly highly recommend to everyone highly recommended,5,1
MOCK_009943,do not buy this it stopped working immediately would buy again,2,0
MOCK_009944,awful experience arrived damaged and customer support ignored me very pleased overall,1,0
MOCK_009945,cheap materials and poorly made would not recommend not worth the price,1,0
MOCK_009946,love this item it has made my life so much easier very disappointing,5,1
MOCK_009947,perfect fit and exactly as described very satisfied a solid choice,4,1
MOCK_009948,worst purchase ever falls apart after minimal use highly recommended,2,0
MOCK_009949,misleading product photos looks nothing like what arrived would buy again,2,0
MOCK_009950,this product is absolutely amazing exactly what i needed very pleased overall,4,1
MOCK_009951,great quality and fast shipping very happy with this purchase not worth the price,5,1
MOCK_009952,very disappointed the quality is extremely poor very disappointing,2,0
MOCK_009953,exceeded my expectations will definitely buy again a solid choice,4,1
MOCK_009954,awful experience arrived damaged and customer support ignored me highly recommended,2,0
MOCK_009955,fantastic build quality and great value for money would buy again,4,1
MOCK_009956,this product is a scam nothing works as advertised very pleased overall,2,0
MOCK_009957,returned it immediately total garbage not worth the price,1,0
MOCK_009958,worst purchase ever falls apart after minimal use very disappointing,1,0
MOCK_009959,misleading product photos looks nothing like what arrived a solid choice,1,0
MOCK_009960,terrible product broke after just one week of use highly recommended,1,0
MOCK_009961,great quality and fast shipping very happy with this purchase would buy again,4,1
MOCK_009962,works perfectly highly recommend to everyone very pleased overall,4,1
MOCK_009963,do not buy this it stopped working immediately not worth the price,2,0
MOCK_009964,outstanding product five stars without hesitation very disappointing,4,1
MOCK_009965,fantastic build quality and great value for money a solid choice,4,1
MOCK_009966,this product is a scam nothing works as advertised highly recommended,1,0
MOCK_009967,perfect fit and exactly as described very satisfied would buy again,5,1
MOCK_009968,incredible product customer service was excellent too very pleased overall,4,1
MOCK_009969,misleading product photos looks nothing like what arrived not worth the price,2,0
MOCK_009970,this product is absolutely amazing exactly what i needed very disappointing,5,1
MOCK_009971,great quality and fast shipping very happy with this purchase a solid choice,4,1
MOCK_009972,works perfectly highly recommend to everyone highly recommended,5,1
MOCK_009973,exceeded my expectations will definitely buy again would buy again,4,1
MOCK_009974,outstanding product five stars without hesitation very pleased overall,5,1
MOCK_009975,fantastic build quality and great value for money not worth the price,4,1
MOCK_009976,love this item it has made my life so much easier very disappointing,5,1
MOCK_009977,returned it immediately total garbage a solid choice,2,0
MOCK_009978,worst purchase ever falls apart after minimal use highly recommended,1,0
MOCK_009979,best purchase i have made in a long time truly impressive would buy again,4,1
MOCK_009980,terrible product broke after just one week of use very pleased overall,1,0
MOCK_009981,great quality and fast shipping very happy with this purchase not worth the price,4,1
MOCK_009982,very disappointed the quality is extremely poor very disappointing,2,0
MOCK_009983,do not buy this it stopped working immediately a solid choice,2,0
MOCK_009984,outstanding product five stars without hesitation highly recommended,5,1
MOCK_009985,fantastic build quality and great value for money would buy again,5,1
MOCK_009986,love this item it has made my life so much easier very pleased overall,5,1
MOCK_009987,perfect fit and exactly as described very satisfied not worth the price,5,1
MOCK_009988,incredible product customer service was excellent too very disappointing,4,1
MOCK_009989,best purchase i have made in a long time truly impressive a solid choice,4,1
MOCK_009990,terrible product broke after just one week of use highly recommended,1,0
MOCK_009991,complete waste of money nothing like the description would buy again,1,0
MOCK_009992,works perfectly highly recommend to everyone very pleased overall,4,1
MOCK_009993,do not buy this it stopped working immediately not worth the price,1,0
MOCK_009994,awful experience arrived damaged and customer support ignored me very disappointing,1,0
MOCK_009995,fantastic build quality and great value for money a solid choice,4,1
MOCK_009996,this product is a scam nothing works as advertised highly recommended,1,0
MOCK_009997,perfect fit and exactly as described very satisfied would buy again,4,1
MOCK_009998,worst purchase ever falls apart after minimal use very pleased overall,1,0
MOCK_009999,misleading product photos looks nothing like what arrived not worth the price,1,0
